Code	Description	Price in USD/kg	Dry Matter (%)	Moisture (%)	Crude  Protein (%)	Crude Lipids (%)	Crude Fibre (%)	Ash (%)	NFE (%)	NDF (%)	ADF (%)	Total CHO (%)	Starch (%)	Sugars (%)	Fermentable Fiber (%)	Gross Energy -MJ (MJ/kg)	Gross energy -kcal (kcal/kg)	DE Fish Carni (OLD) (kcal/kg)	DE Fish Omni (OLD) (kcal/kg)	DE Carp (OLD) (kcal/kg)	DE Shrimp (OLD) (kcal/kg)	DE Porcine (Mcal/kg)	DE Poultry (Mcal/kg)	DE Fish Carni - Extruded (kcal/kg)	DE Fish Omni - Extruded (kcal/kg)	DE Carp - Extruded (kcal/kg)	DE Shrimp - Extruded (kcal/kg)	DE Fish Carni - Pelleted (kcal/kg)	DE Fish Omni - Pelleted (kcal/kg)	DE Carp - Pelleted (kcal/kg)	DE Shrimp - Pelleted (kcal/kg)	ME Fish (kcal/kg)	ME Guelph Fish Carni (MJ/kg)	ME Guelph Fish Omni (MJ/kg)	ME Guelph Carp (MJ/kg)	ME Guelph Shrimp (MJ/kg)	ME Poultry (Mcal/kg)	ME Porcine (Mcal/kg)	NE Fish Carni -  Extruded (MJ/kg)	NE Fish Omni -  Extruded (MJ/kg)	NE Carp -  Extruded (MJ/kg)	NE Shrimp -  Extruded (MJ/kg)	NE Fish Carni - Pelleted (MJ/kg)	NE Fish Omni -  Pelleted (MJ/kg)	NE Carp -  Pelleted (MJ/kg)	NE Shrimp -  Pelleted (MJ/kg)	Arginine (%)	Histidine (%)	Isoleucine (%)	Leucine (%)	Lysine (%)	Methionine (%)	Phenylalanine (%)	Threonine (%)	Tryptophan (%)	Valine (%)	Cystine (%)	TSAA Met+Cys (%)	Tyrosine (%)	Phe+Tyr (%)	Glutamic (%)	Aspartic (%)	Glycine (%)	Serine (%)	Alanine (%)	Sum EAAs (%)	Sum NEAAs (%)	Taurine (%)	Arg Coeff (%_protein)	His Coeff (%_protein)	Ile Coeff (%_protein)	Leu Coeff (%_protein)	Lys Coeff (%_protein)	Met Coeff (%_protein)	Phe Coeff (%_protein)	Thr Coeff (%_protein)	Trp Coeff (%_protein)	Val Coeff (%_protein)	Cys Coeff (%_protein)	Tyr Coeff (%_protein)	Glu Coeff (%_protein)	Asp Coeff (%_protein)	Gly Coeff (%_protein)	Ser Coeff (%_protein)	Ala Coeff (%_protein)	Dig Arg - fish (%)	Dig His - fish (%)	Dig Ile - fish (%)	Dig Leu - fish (%)	Dig Lys - fish (%)	Dig Met - fish (%)	Dig Phe - fish (%)	Dig Thr - fish (%)	Dig Trp - fish (%)	Dig Val - fish (%)	Dig Cys - fish (%)	Dig TSAA (Met+Cys) (%)	Dig Tyr - fish (%)	Calcium (%)	Phosphorus (%)	Ca Coeff (%_Ash)	P coeff (%_Ash)	Phytate P (%)	Bone P (%)	Phytate P Coeff (%)	Cellular P (%)	Monobasic P (%)	Dibasic P (%)	Tribasic P (%)	Dig P Carni (%)	Dig P Omni (%)	Dig P Carp (%)	Dig P Shrimp (%)	Sodium (%)	Chlorine (%)	Potassium (%)	Magnesium (%)	Sulfur (%)	Copper (mg/kg)	Iron (mg/kg)	Manganese (mg/kg)	Selenium (mg/kg)	Zinc (mg/kg)	Iodine (mg/kg)	Cobalt (mg/kg)	Biotin-B7 (mg/kg)	Folic acid-B9 (mg/kg)	Niacin-B3 (mg/kg)	Pantothenic Acid-B5 (mg/kg)	Pyridoxine-B6 (mg/kg)	Riboflavin-B2 (mg/kg)	Thiamin-B1 (mg/kg)	Vitamin B12 (mg/kg)	Vitamin C (mg/kg)	Vitamin A (IU/kg)	Vitamin D (IU/kg)	Vitamin E (mg/kg)	Vitamin K (mg/kg)	Choline (mg/kg)	Inositol (mg/kg)	Beta-Carotene (mg/kg)	Xanthophylls (mg/kg)	Antioxidant (mg/kg)	Astaxanthin (mg/kg)	Phytase Activity (FTU/kg)	ADC DM -fish (%)	ADC CP -fish (%)	ADC Lipid -fish (%)	ADC GE - fish (%)	ADC Total CHO -fish (%)	ADC Starch - fish (%)	ADC Starch - Carni (%)	ADC Starch - Omni (%)	ADC GE - Carni - Extruded (%)	ADC GE - Omni - Extruded (%)	ADC GE - Carni - Pelleted (%)	ADC GE - Omni - Pelleted (%)	ADC Starch - Carni - Extruded (%)	ADC Starch - Omni - Extruded (%)	ADC Starch - Carni - Pelleted (%)	ADC Starch - Omni - Pelleted (%)	ADC Sugars - Carni - Extruded (%)	ADC Sugars - Omni - Extruded (%)	ADC Sugars - Carni - Pelleted (%)	ADC Sugars - Omni - Pelleted (%)	ADC Fermentable Fiber - Carni - Extruded (%)	ADC Fermentable Fiber - Omni - Extruded (%)	ADC Fermentable Fiber - Carni - Pelleted (%)	ADC Fermentable Fiber - Omni - Pelleted (%)	Dig DM -fish (%)	Dig CP -fish (%)	Dig Lipid -fish (%)	Dig GE (DE) - fish (kcal)	Dig Total CHO -fish (%)	Dig Starch - fish (%)	Dig Starch - Carni (%)	Dig Starch - Omni (%)	ADC Arg - fish (%)	ADC His - fish (%)	ADC Ile - fish (%)	ADC Leu - fish (%)	ADC Lys - fish (%)	ADC Met - fish (%)	ADC Phe - fish (%)	ADC Thr - fish (%)	ADC Trp - fish (%)	ADC Val - fish (%)	ADC Cys - fish (%)	ADC Tyr - fish (%)	Palmitic 16:0 (%)	Stearic 18:0 (%)	Oleic 18:1 n-9 (%)	Linoleic 18:2 n-6 (%)	Linolenic 18:3 n-3 (%)	Arachidonic 20:4 n-6 (%)	EPA 20:5 n-3 (%)	DHA 22:6 n-3 (%)	EPA+DHA (%)	SAFA (%)	MUFA (%)	PUFA (%)	Sum n-3 (%)	Sum n-6 (%)	Phospholipids (%)	Cholesterol (mg/kg)	Plant sterols (mg/kg)	Coeff_18:2 n-6 (%_lipid)	Coeff_18:3 n-3 (%_lipid)	Coeff_20:4 n-6 (%_lipid)	Coeff_20:5 n-3 (%_lipid)	Coeff_22:6 n-3 (%_lipid)	Coeff_SAFA (%_lipid)	Coeff_MUFA (%_lipid)	Coeff_PUFA (%_lipid)	Aflatoxin B (ppb)	Deoxynivalenol (DON) (ppb)	Zeralenone (ZON) (ppb)	Fumonisin (FUM) (ppb)	Anti-trypsic factors (mg/kg)	Gossypol (mg/kg)	Phytic Acid (g/kg)	Glucosinolates (mmol/kg)	Sinapine (mg/kg)	Tannins (mg_eq_cathin/kg)	Lectins (mg/kg)	Cyanogens (mg/kg)	PCBs (ngWHOTEQ/kg)	Dioxins (ngWHOTEQ/kg)	Soyasaponins (mg/kg)	Isoflavones (mg/kg)	SIDC DM - porcine (%)	SIDC CP - porcine (%)	SIDC Arg - porcine (%)	SIDC His - porcine (%)	SIDC Ile - porcine (%)	SIDC Leu - porcine (%)	SIDC Lys - porcine (%)	SIDC Met - porcine (%)	SIDC Phe - porcine (%)	SIDC Thr -porcine (%)	SIDC Trp - porcine (%)	SIDC Val -porcine (%)	SIDC Cys - porcine (%)	SIDC Tyr - porcine (%)	SIDC DM - poultry (%)	SIDC CP - poultry (%)	SIDC Arg - poultry (%)	SIDC His - poultry (%)	SIDC Ile - poultry (%)	SIDC Leu - poultry (%)	SIDC Lys - poultry (%)	SIDC Met - poultry (%)	SIDC Phe - poultry (%)	SIDC Thr - poultry (%)	SIDC Trp - poultry (%)	SIDC Val - poultry (%)	SIDC Cys - poultry (%)	SIDC Tyr - poultry (%)	SID Arg - porcine (%)	SID His - porcine (%)	SID Ile - porcine (%)	SID Leu - porcine (%)	SID Lys - porcine (%)	SID Met - porcine (%)	SID Phe - porcine (%)	SID Thr -porcine (%)	SID Trp - porcine (%)	SID Val -porcine (%)	SID Cys - porcine (%)	SID Tyr - porcine (%)	SID Arg - poultry (%)	SID His - poultry (%)	SID Ile - poultry (%)	SID Leu - poultry (%)	SID Lys - poultry (%)	SID Met - poultry (%)	SID Phe - poultry (%)	SID Thr - poultry (%)	SID Trp - poultry (%)	SID Val - poultry (%)	SID Cys - poultry (%)	SID Tyr - poultry (%)	Global warming - Including LUC & Peat (kg CO2eq/t)
10000	Fish meal. mixed fish. South Asia. 74% CP	0.5	90.8	9.2	74.2	5	0.5	10	1.2	0	0	1.7	0	0	1.7	20	4713	4242	4242	4242	4242			4148	4195	4195	4195	4148	4195	4195	4195	3939	16.2	16.2	16.2	16.2			10.9	9.6	9.6	9.6	10.9	9.6	9.6	9.6	4.59	2.47	3.9	7.39	6.3	2.6	4.95	3.23	0.5	6.12	0.5	3.1	2.61	7.56	8.9	7.01	6.49	2.97	4.69	42.05	33.16	0.2	6.19	3.33	5.26	9.97	8.5	3.5	6.68	4.35	0.67	8.25	0.67	3.52	12	9.45	8.75	4	6.32	4.13	2.22	3.51	6.65	5.67	2.34	4.46	2.9	0.45	5.51	0.45	2.79	2.35	2	1.9	20	19	0	1.16	0	0.74	0	0	1.16	1.32	1.38	0.65	0.97	1	0.6	1.18	0.05	1.51	0	312.7	14.7	0	80.8	7.37	0.01	0.14	0.5	65	10	3	8.8	0.4	0.14	0	18734	5774	4.17	2	3000	100	11.24	0	150	0	0	85	89	95	90	85	85	80	85	88	89	88	89	85	95	70	85	90	90	90	90	0	30	0	30	77.2	66	4.7	4242	1.42	0	0	0	90	90	90	90	90	90	90	90	90	90	90	90	0.87	0.3	2.44	0.08	0.05	0.1	0.35	0.35	0.7	1.24	2.65	0.89	0.83	0.2	1.19	1988	0	1.6	1	2	7	7	24.9	53.4	18	0	0	0	0	0	0	0	0	0	0	0	0	1.8	1.3	0	0	80	90	90	90	90	90	90	90	90	90	90	90	90	90	80	90	95	92	94	95	95	95	93	94	92	93	86	93	4.13	2.22	3.51	6.65	5.67	2.34	4.46	2.9	0.45	5.51	0.45	2.35	4.36	2.27	3.67	7.02	5.99	2.47	4.6	3.03	0.46	5.69	0.43	2.43	1100
10001	Fish meal. anchoveta. South America. 64% CP	1.6	92	8	63.6	8.4	0.5	15.6	3.9	0	0	4.4	0	0	4.4	19	4548	4093	4093	4093	4093			3957	4002	4002	4002	3957	4002	4002	4002	3834	15.4	15.4	15.4	15.4			10.6	9.6	9.6	9.6	10.6	9.6	9.6	9.6	4.48	2.05	3.38	6.13	5.81	2.2	3.5	2.94	0.5	4.23	0.5	2.7	2.55	6.05	7.63	6.87	4.65	2.8	4.58	35.22	29.58	0.28	7.04	3.22	5.31	9.64	9.14	3.46	5.5	4.62	0.79	6.65	0.79	4.01	12	10.8	7.31	4.4	7.2	4.03	1.84	3.04	5.52	5.23	1.98	3.15	2.65	0.45	3.81	0.45	2.43	2.29	2.38	2.7	15.25	17.3	0	1.94	0	0.75	0	0	1.94	1.79	1.9	0.7	1.21	1.74	1.64	1.02	0.32	0.89	11	294	21.4	1	99.9	7.27	0.02	0.14	0.5	65	10	3	8.8	0.4	0.14	0	18734	5774	4.17	2	3000	100	11.24	0	150	0	0	83	89	95	90	85	85	80	85	87	88	87	88	85	95	70	85	90	90	90	90	0	30	0	30	76.4	56.6	8	4093	3.74	0	0	0	90	90	90	90	90	90	90	90	90	90	90	90	0.87	0.3	2.44	0.11	0.13	0.13	1.42	1.08	2.5	2.4	2.61	2.88	2.93	0.27	2.01	3360	0	1.3	1.6	1.6	16.9	12.9	28.6	31.1	34.3	0	0	0	0	0	0	0	0	0	0	0	0	1.8	1.3	0	0	80	90	90	90	90	90	90	90	90	90	90	90	90	90	80	90	94	89	93	94	93	93	92	92	89	92	86	92	4.03	1.84	3.04	5.52	5.23	1.98	3.15	2.65	0.45	3.81	0.45	2.29	4.21	1.82	3.14	5.76	5.4	2.05	3.22	2.71	0.44	3.89	0.43	2.35	1120
10002	Fish meal. anchoveta. South America. 67% CP	1.6	93.9	6.1	67	11.5	0	15.4	0.1	0	0	0.1	0	0	0.1	20	4849	3977	3977	3977	3977			3977	3977	3977	3977	3977	3977	3977	3977	3722	15.6	15.6	15.6	15.6			10.8	9.7	9.7	9.7	10.8	9.7	9.7	9.7	4.91	2.22	3.44	5.86	5.44	2.17	2.91	3.33	0.76	4	0.76	2.93	2.38	5.29	8.7	6.2	5.12	3.33	4.89	35.04	31.38	0.21	7.34	3.32	5.14	8.76	8.12	3.24	4.34	4.97	1.14	5.98	1.13	3.56	13	9.26	7.65	4.97	7.3	4.39	1.99	3.07	5.24	4.86	1.94	2.6	2.97	0.68	3.58	0.68	2.61	2.13	3.3	1.9	21.42	12.33	0	1.16	0	0.73	0	0	1.16	1.31	1.37	0.64	0.96	1.2	1.4	1	0.26	0.68	8.15	206.67	9.47	1.36	91	7.12	0.02	0.23	0.2	100	15	4.64	7.1	0.1	0.35	0	30100	5774	3.72	2.2	4408	100	18.06	0	120	0	0	77	83	78	82	85	85	80	85	82	82	82	82	85	95	70	85	90	90	90	90	0	30	0	30	72.3	55.6	9	3977	0.04	0	0	0	89	89	89	89	89	89	89	89	89	89	89	89	0.87	0.3	2.44	0.11	0.13	0.12	1.43	1.08	2.51	3.29	4.3	3.45	2.93	0.25	2.76	4600	0	0.98	1.1	1	12.4	9.4	28.6	37.37	30	0	0	0	0	0	0	0	0	0	0	0	0	0.6	0.1	0	0	83	89	89	89	89	89	89	89	89	89	89	89	89	89	83	89	94	89	93	94	93	93	92	92	89	92	86	92	4.37	1.98	3.06	5.22	4.84	1.93	2.59	2.96	0.68	3.56	0.67	2.12	4.62	1.98	3.2	5.51	5.06	2.02	2.67	3.06	0.68	3.68	0.65	2.19	1070
10003	Fish meal. Atlantic herring. Danish. 70% CP	2	92.5	7.5	70.7	9.7	0.3	11.7	0.1	0	0	0.4	0	0	0.4	21	4909	4320	4320	4320	4320			4271	4271	4271	4271	4271	4271	4271	4271	4038	16.8	16.8	16.8	16.8			11.6	10.4	10.4	10.4	11.6	10.4	10.4	10.4	5.08	1.68	3.32	6.14	5.56	2.12	3.52	3.51	0.79	4.15	0.93	3.05	2.12	5.64	10.39	6.71	6.36	3.51	4.47	35.87	34.48	0.31	7.19	2.38	4.7	8.68	7.86	3	4.98	4.97	1.12	5.87	1.32	3	14.7	9.49	8.99	4.97	6.32	4.44	1.47	2.9	5.36	4.85	1.85	3.08	3.07	0.69	3.63	0.81	2.67	1.85	4.6	2.18	39.31	18.63	0	1.43	0	0.74	0	0	1.43	1.48	1.56	0.66	1.05	0.96	0.99	1.18	0.2	0.64	31.73	152.67	6.37	1.95	69.5	7.23	0.02	0.49	0.3	85	17.3	4.77	9.7	0.4	0.43	0	13334	1764	16.45	3	5266	100	8	0	150	0	0	83	87	90	88	85	85	80	85	87	87	87	87	85	95	70	85	90	90	90	90	0	30	0	30	76.8	61.5	8.8	4320	0.31	0	0	0	87	87	87	87	87	87	87	87	87	87	87	87	0.87	0.3	2.44	0.07	0.1	0.1	0.97	1.26	2.23	2.73	3.6	2.92	2.59	0.18	2.33	3020	0	0.69	1	1	10	12.9	28	37	30	0	0	0	0	0	0	0	0	0	0	0	0	0.2	0.1	0	0	83	87	87	87	87	87	87	87	87	87	87	87	87	87	83	87	95	92	94	95	95	95	93	94	92	93	86	93	4.42	1.46	2.89	5.34	4.83	1.84	3.06	3.06	0.69	3.61	0.81	1.84	4.83	1.55	3.12	5.83	5.28	2.01	3.27	3.3	0.73	3.86	0.8	1.97	2290
10004	Fish meal. mixed fish. Thailand. 55% CP	0.5	91.8	8.2	55	6	0.5	30	0.3	0	0	0.8	0	0	0.8	15	3695	3326	3326	3326	3326			3289	3289	3289	3289	3289	3289	3289	3289	3101	12.8	12.8	12.8	12.8			8.8	7.8	7.8	7.8	8.8	7.8	7.8	7.8	4.38	1.88	2.5	4.52	4.32	2.03	2.88	2.12	0.5	3.04	0.5	2.53	2.13	5.01	7.39	5.09	5.39	2.11	3.83	28.17	26.44	0.2	7.96	3.42	4.55	8.22	7.86	3.69	5.24	3.86	0.91	5.53	0.91	3.87	13.44	9.26	9.8	3.84	6.96	3.94	1.69	2.25	4.07	3.89	1.83	2.59	1.91	0.45	2.74	0.45	2.28	1.92	9.04	5.66	30.13	18.86	0	4.83	0	0.82	0	0	4.83	3.59	3.84	0.9	2.14	1.25	1	0.85	0.21	0.7	10	324.5	18.7	0	144.6	7.29	0.01	0.14	0.5	65	10	3	8.8	0.4	0.14	0	18734	5774	4.17	2	3000	100	11.24	0	150	0	0	77	89	95	90	85	85	80	85	89	89	89	89	85	95	70	85	90	90	90	90	0	30	0	30	70.7	49	5.7	3326	0.68	0	0	0	90	90	90	90	90	90	90	90	90	90	90	90	0.87	0.3	2.44	0.08	0.1	0.1	1.01	0.77	1.79	1.72	1.87	2.06	2.09	0.19	1.44	2400	0	1.3	1.6	1.6	16.9	12.9	28.6	31.1	34.3	0	0	0	0	0	0	0	0	0	0	0	0	1.8	1.3	0	0	80	90	90	90	90	90	90	90	90	90	90	90	90	90	80	90	92	87	90	90	89	89	87	88	86	89	74	88	3.94	1.69	2.25	4.07	3.89	1.83	2.59	1.91	0.45	2.74	0.45	1.92	4.03	1.64	2.25	4.07	3.85	1.81	2.51	1.87	0.43	2.71	0.37	1.87	1500
10005	Fish meal. mixed white fish. Scandinavian. 55% CP	2	90	10	54	8.7	0.7	23.8	2.8	0	0	3.5	0	1	2.5	17	4003	3563	3563	3563	3563			3483	3523	3523	3523	3483	3523	3523	3523	3345	13.6	13.6	13.6	13.6			9.5	8.7	8.7	8.7	9.5	8.7	8.7	8.7	3.73	1.84	2.9	5.16	4.18	1.37	3.25	2.41	0.54	2.8	0.81	2.18	2	5.25	7.73	5.13	5.61	2	3	28.17	26.28	0.28	6.9	3.41	5.36	9.54	7.74	2.54	6.01	4.46	1	5.18	1.5	3.7	14.3	9.5	10.38	3.7	5.55	3.36	1.07	2.61	4.64	3.76	1.24	2.92	2.17	0.49	2.52	0.73	1.96	1.8	5.88	3.05	24.73	12.83	0	2.28	0	0.76	0	0	2.28	2.01	2.13	0.72	1.32	0.92	1.7	0.76	0.16	0.65	10	368.05	25.55	4.17	86.15	7.43	0.01	0.14	0.5	65	10	3	8.8	0.4	0.14	0	18734	5774	4.17	2	3000	100	11.24	0	150	0	0	79	88	95	89	85	85	80	85	87	88	87	88	85	95	70	85	90	90	90	90	0	30	0	30	71.1	47.6	8.3	3563	2.94	0	0	0	90	90	90	90	90	90	90	90	90	90	90	90	0.87	0.3	2.44	0.11	0.14	0.14	1.48	1.13	2.6	2.5	2.72	2.99	3.05	0.28	2.09	3492	0	1.3	1.6	1.6	16.9	12.9	28.6	31.1	34.3	0	0	0	0	0	0	0	0	0	0	0	0	1.8	1.3	0	0	80	90	90	90	90	90	90	90	90	90	90	90	90	90	80	90	92	87	90	90	89	89	87	88	86	89	74	88	3.36	1.66	2.61	4.64	3.76	1.24	2.92	2.17	0.49	2.52	0.73	1.8	3.43	1.6	2.61	4.64	3.72	1.22	2.83	2.12	0.46	2.49	0.6	1.76	1210
10006	Fish meal. mixed white fish. Scandinavian. 65% CP	2	90.9	9.1	63.9	8.1	0.2	18.7	0	0	0	0.2	0	0	0.2	18	4369	3845	3845	3845	3845			3845	3845	3845	3845	3845	3845	3845	3845	3590	15	15	15	15			10.4	9.3	9.3	9.3	10.4	9.3	9.3	9.3	3.77	2.2	3.47	6.07	5.69	1.72	3.89	2.74	0.69	3.86	0.77	2.49	2.06	5.95	9.06	6.2	6.32	2.5	4.25	34.09	31.15	0.2	5.9	3.45	5.43	9.5	8.91	2.69	6.09	4.29	1.08	6.04	1.21	3.23	14.19	9.71	9.89	3.92	6.66	3.28	1.91	3.01	5.27	4.94	1.49	3.38	2.38	0.6	3.35	0.67	2.16	1.79	4.2	2.85	22.49	15.26	0	2.09	0	0.75	0	0	2.09	1.88	2	0.7	1.26	0.78	0.75	0.85	0.19	0.73	16	245.25	15.7	2.05	64.33	7.36	0.01	0.75	0.6	68.5	9.15	3.15	5.35	1.65	0.16	0	26667	2054	4.47	2	4328	100	16	0	150	0	0	80	87	94	88	85	85	80	85	88	88	88	88	85	95	70	85	90	90	90	90	0	30	0	30	72.7	55.5	7.7	3845	0.2	0	0	0	87	87	87	87	87	87	87	87	87	87	87	87	0.87	0.3	2.44	0.05	0.03	0.02	0.66	0.39	1.05	1.96	4.31	1.62	1.2	0.08	1.95	3256	0	0.6	0.4	0.3	8.1	4.8	24.1	53	19.9	0	0	0	0	0	0	0	0	0	0	0	0	1.8	1.3	0	0	80	87	87	87	87	87	87	87	87	87	87	87	87	87	80	87	94	89	93	94	93	93	92	92	89	92	86	92	3.28	1.92	3.02	5.28	4.95	1.5	3.38	2.38	0.6	3.36	0.67	1.79	3.54	1.96	3.23	5.7	5.29	1.6	3.58	2.52	0.61	3.55	0.66	1.9	1210
10007	Fish meal. mixed white fish. low temperature. 70% CP	1.6	92	8	70	10	0	12	0	0	0	0	0	0	0	20	4881	4539	4539	4539	4539			4539	4539	4539	4539	4539	4539	4539	4539	4237	17.8	17.8	17.8	17.8			12.3	11	11	11	12.3	11	11	11	5.6	1.91	3	5.1	5.7	2.2	3.96	2.88	0.8	5.7	0.72	2.92	2.75	6.71	9.5	6.3	7.2	2.6	4.4	36.85	33.47	0.22	8	2.73	4.29	7.29	8.14	3.14	5.66	4.11	1.14	8.14	1.03	3.93	13.57	9	10.29	3.71	6.29	5.26	1.8	2.82	4.79	5.36	2.07	3.72	2.71	0.75	5.36	0.68	2.75	2.59	4.34	2.4	36.16	20	0	1.65	0	0.75	0	0	1.65	1.62	1.71	0.68	1.13	1.13	0.8	1.18	0.23	0.75	7	367	16	3	96	7.27	0.01	0.14	0.5	65	10	3.5	7	1	0.13	0	26667	5774	3.72	2	5000	100	16	0	150	0	0	88	94	90	93	85	85	80	85	93	93	93	93	85	95	70	85	90	90	90	90	0	30	0	30	81	65.8	9	4539	0	0	0	0	94	94	94	94	94	94	94	94	94	94	94	94	0.87	0.3	2.44	0.06	0.04	0.03	0.81	0.48	1.29	2.41	5.3	1.99	1.48	0.1	2.4	4000	0	0.6	0.4	0.3	8.1	4.8	24.1	53	19.9	0	0	0	0	0	0	0	0	0	0	0	0	1.8	1.3	0	0	88	94	94	94	94	94	94	94	94	94	94	94	94	94	88	94	95	92	94	95	95	95	93	94	92	93	86	93	5.26	1.8	2.82	4.79	5.36	2.07	3.72	2.71	0.75	5.36	0.68	2.59	5.32	1.76	2.82	4.85	5.42	2.09	3.68	2.71	0.74	5.3	0.62	2.56	1620
10008	Fish meal. Alaskan pollock. processing waste. 69% CP	1.6	94.4	5.6	69	7.6	0.5	17.3	0	0	0	0.5	0	0	0.5	19	4620	3696	3696	3696	3696			3650	3650	3650	3650	3650	3650	3650	3650	3430	14.2	14.2	14.2	14.2			9.6	8.4	8.4	8.4	9.6	8.4	8.4	8.4	5.06	2.15	3.93	5.48	5.65	2.25	3.78	3.17	0.69	4.98	0.55	2.8	2.44	6.22	9.75	6.29	6.37	2.5	4.3	37.14	32.2	0.17	7.34	3.12	5.7	7.94	8.19	3.26	5.48	4.59	1	7.22	0.8	3.54	14.13	9.12	9.23	3.62	6.23	4.74	2.01	3.68	5.13	5.29	2.11	3.54	2.97	0.65	4.66	0.52	2.62	2.28	4.5	3	26.01	17.34	0	2.23	0	0.76	0	0	2.23	1.98	2.1	0.72	1.31	0.92	0.8	1.18	0.27	0.7	3.41	64.69	5.1	3	97.9	7.08	0.01	0.14	0.5	65	10	3.5	7	1	0.15	0	26667	2365	3.72	2	4000	100	16	0	88	0	0	76	84	56	80	85	85	80	85	79	79	79	79	85	95	70	85	90	90	90	90	0	30	0	30	71.7	58	4.3	3696	0.43	0	0	0	94	94	94	94	94	94	94	94	94	94	94	94	0.87	0.3	2.44	0.07	0.05	0.03	0.96	0.74	1.69	1.82	3.04	2.28	1.94	0.11	1.82	3040	0	0.9	0.7	0.4	12.6	9.7	24	40	30	0	0	0	0	0	0	0	0	0	0	0	0	0	0	0	0	86	94	94	94	94	94	94	94	94	94	94	94	94	94	86	94	95	92	94	95	95	95	93	94	92	93	86	93	4.76	2.02	3.69	5.15	5.31	2.12	3.55	2.98	0.65	4.68	0.52	2.29	4.81	1.98	3.69	5.21	5.37	2.14	3.52	2.98	0.63	4.63	0.47	2.27	160
10009	Fish meal. anchovy. 67% CP	1.6	91.9	8.1	67	8.8	0.7	15.4	0	0	0	0.7	0	0	0.7	19	4630	4305	4305	4305	4305			4259	4259	4259	4259	4259	4259	4259	4259	4014	16.6	16.6	16.6	16.6			11.4	10.1	10.1	10.1	11.4	10.1	10.1	10.1	4.56	1.6	3.08	5	5.06	2.61	4.09	2.81	0.76	4.82	0.61	3.22	2.38	6.47	8.95	6.2	6.42	2.92	4.42	34.39	31.9	0.21	6.81	2.39	4.6	7.47	7.56	3.9	6.11	4.2	1.14	7.2	0.91	3.56	13.37	9.26	9.59	4.36	6.6	4.07	1.43	2.75	4.47	4.52	2.33	3.65	2.51	0.68	4.31	0.54	2.88	2.13	3.67	2.53	23.83	16.42	0	1.77	0	0.75	0	0	1.77	1.69	1.79	0.69	1.16	1.05	1	0.85	0.26	0.68	8.15	206.67	9.47	1.36	91	7.28	0.02	0.23	0.2	100	15	4.64	7.1	0.1	0.35	0	30100	5774	3.72	2.2	4408	100	18.06	0	120	0	0	86	95	82	93	85	85	80	85	92	92	92	92	85	95	70	85	90	90	90	90	0	30	0	30	79	63.6	7.2	4305	0.61	0	0	0	89	89	89	89	89	89	89	89	89	89	89	89	0.87	0.3	2.44	0.11	0.07	0.01	1.5	0.78	2.28	3.06	2.2	2.94	2.61	0.13	2.11	3532	0	1.2	0.8	0.1	17	8.8	34.6	24.9	33.3	0	0	0	0	0	0	0	0	0	0	0	0	0.6	0.1	0	0	83	89	89	89	89	89	89	89	89	89	89	89	89	89	83	89	94	89	93	94	93	93	92	92	89	92	86	92	4.06	1.42	2.74	4.45	4.5	2.32	3.64	2.5	0.68	4.29	0.54	2.12	4.29	1.42	2.86	4.7	4.71	2.43	3.76	2.59	0.68	4.43	0.52	2.19	630
10010	Fish meal. cod. processing waste. 70% CP	1.6	92	8	70.2	5.6	0	16.2	0	0	0	0	0	0	0	19	4481	4257	4257	4257	4257			4257	4257	4257	4257	4257	4257	4257	4257	3948	16.5	16.5	16.5	16.5			11.1	9.7	9.7	9.7	11.1	9.7	9.7	9.7	4.35	1.68	2.95	5.05	5.27	1.9	4.42	2.88	0.7	4.84	0.56	2.46	2.18	6.6	10.25	6.39	6.6	2.74	4.42	34.05	33.14	0.5	6.2	2.39	4.2	7.19	7.51	2.71	6.3	4.1	1	6.9	0.8	3.11	14.61	9.1	9.4	3.9	6.3	4.09	1.58	2.77	4.75	4.95	1.79	4.16	2.71	0.66	4.55	0.53	2.31	2.05	4.6	3	28.39	18.51	0	2.23	0	0.76	0	0	2.23	1.98	2.1	0.72	1.31	1.15	0.85	0.85	0.23	0.75	7	367	16	3	96	7.27	0.01	0.14	0.5	80	10	3	7	1	0.28	0	18734	2438	5.96	2	5000	100	11.24	0	150	0	0	87	96	86	95	85	85	80	85	95	95	95	95	85	95	70	85	90	90	90	90	0	30	0	30	80	67.4	4.8	4257	0	0	0	0	94	94	94	94	94	94	94	94	94	94	94	94	0.87	0.3	2.44	0.08	0.03	0.09	0.63	0.71	1.33	1.09	2.58	1.68	1.52	0.19	1.34	2240	0	1.4	0.6	1.6	11.2	12.6	19.4	46	30	0	0	0	0	0	0	0	0	0	0	0	0	1.8	1.3	0	0	86	94	94	94	94	94	94	94	94	94	94	94	94	94	86	94	95	92	94	95	95	95	93	94	92	93	86	93	4.09	1.58	2.77	4.75	4.95	1.79	4.16	2.71	0.66	4.55	0.53	2.05	4.13	1.55	2.77	4.8	5.01	1.81	4.11	2.71	0.64	4.5	0.48	2.03	1010
10011	Fish meal. freshwater alewife. 65% CP	1.6	93	7	65.7	12.7	0	14.6	0	0	0	0	0	0	0	20	4890	4401	4401	4401	4401			4401	4401	4401	4401	4401	4401	4401	4401	4130	17.3	17.3	17.3	17.3			12.2	11	11	11	12.2	11	11	11	4.69	1.93	3.4	4.8	4.95	1.93	4.22	3.29	0.63	4.24	0.47	2.4	2.2	6.42	10.25	5.98	6.17	2.82	4.14	34.09	32.03	0.21	7.14	2.94	5.18	7.31	7.54	2.94	6.43	5.01	0.96	6.45	0.72	3.35	15.6	9.1	9.39	4.3	6.3	4.22	1.74	3.06	4.32	4.46	1.74	3.8	2.96	0.57	3.81	0.42	2.16	1.98	5.2	3	35.61	20.54	0	2.23	0	0.76	0	0	2.23	1.98	2.1	0.72	1.31	1	0.75	0.85	0.15	0.62	18	620	20	2	100	7.19	0.01	0.14	0.2	80	10	3	7	1	0.28	0	18734	5774	5.96	2	4300	100	11.24	0	120	0	0	84	90	90	90	85	85	80	85	90	90	90	90	85	95	70	85	90	90	90	90	0	30	0	30	78.1	59.1	11.4	4401	0	0	0	0	90	90	90	90	90	90	90	90	90	90	90	90	1.86	0.19	2.31	0.47	0.44	0.31	0.38	0.17	0.55	3.16	6.78	1.78	1.11	0.87	3.04	5080	0	3.72	3.5	2.42	3	1.36	24.9	53.4	14	0	0	0	0	0	0	0	0	0	0	0	0	1.8	1.3	0	0	84	90	90	90	90	90	90	90	90	90	90	90	90	90	84	90	94	89	93	94	93	93	92	92	89	92	86	92	4.22	1.74	3.06	4.32	4.46	1.74	3.8	2.96	0.57	3.81	0.42	1.98	4.41	1.72	3.16	4.51	4.61	1.8	3.89	3.03	0.56	3.9	0.4	2.02	1120
10012	Fish meal. herring. 70% CP	1.6	92.5	7.5	70.7	9.7	0.3	11.7	0.1	0	0	0.4	0	0	0.4	21	4909	4320	4320	4320	4320			4271	4271	4271	4271	4271	4271	4271	4271	4038	16.8	16.8	16.8	16.8			11.6	10.4	10.4	10.4	11.6	10.4	10.4	10.4	4.52	2.39	3.21	5.15	5.92	2.12	4.14	3.51	0.79	4.15	0.93	3.05	2.12	6.26	11.83	6	6.52	3	4	35.9	34.4	0.49	6.39	3.38	4.54	7.29	8.38	3	5.86	4.96	1.12	5.87	1.32	3	16.73	8.49	9.23	4.24	5.66	3.95	2.09	2.8	4.5	5.17	1.85	3.62	3.06	0.69	3.63	0.81	2.67	1.85	4.6	2.18	39.31	18.63	0	1.43	0	0.74	0	0	1.43	1.48	1.56	0.66	1.05	0.96	0.99	1.18	0.2	0.64	31.73	152.67	6.37	1.95	69.5	7.23	0.02	0.49	0.3	85	17.3	4.77	9.7	0.4	0.43	0	13334	2026	16.45	3	5266	100	8	0	150	0	0	83	87	90	88	85	85	80	85	87	87	87	87	85	95	70	85	90	90	90	90	0	30	0	30	76.8	61.5	8.8	4320	0.31	0	0	0	87	87	87	87	87	87	87	87	87	87	87	87	0.87	0.3	2.44	0.06	0.04	0.03	0.79	0.47	1.26	2.35	5.16	1.94	1.44	0.1	2.33	3020	0	0.6	0.4	0.3	8.1	4.8	24.1	53	19.9	0	0	0	0	0	0	0	0	0	0	0	0	0.2	0.1	0	0	83	87	87	87	87	87	87	87	87	87	87	87	87	87	83	87	95	92	94	95	95	95	93	94	92	93	86	93	3.93	2.08	2.79	4.48	5.15	1.84	3.61	3.05	0.69	3.61	0.81	1.84	4.29	2.2	3.02	4.89	5.62	2.01	3.85	3.3	0.73	3.86	0.8	1.97	1320
10013	Fish meal. mackerel. 67% CP	1.6	93.5	6.5	67.3	10.7	0.3	15.1	0.3	0	0	0.5	0	0	0.5	20	4809	4136	4136	4136	4136			4136	4136	4136	4136	4136	4136	4136	4136	3873	16.1	16.1	16.1	16.1			11.3	10.1	10.1	10.1	11.3	10.1	10.1	10.1	5.23	1.88	3.56	5.27	5.06	2.36	3.67	3.34	0.67	3.03	0.65	3.01	2.08	5.75	8.47	6.12	4.3	2.62	4.24	34.07	28.48	0.65	7.78	2.8	5.3	7.84	7.52	3.51	5.45	4.97	1	4.51	0.97	3.09	12.6	9.1	6.39	3.9	6.31	4.71	1.69	3.21	4.75	4.55	2.12	3.3	3.01	0.6	2.73	0.59	2.71	1.87	4.3	2.6	28.57	17.27	0	1.84	0	0.75	0	0	1.84	1.73	1.83	0.69	1.18	0.71	0.75	0.85	0.17	0.7	11	243.33	17.67	2.1	80	7.15	0.01	0.14	0.3	80	10	3	7	1	0.28	0	18734	2622	5.96	2	4400	100	11.24	0	150	0	0	80	85	90	86	85	85	80	85	86	86	86	86	85	95	70	85	90	90	90	90	0	30	0	30	74.8	57.2	9.6	4136	0.47	0	0	0	90	90	90	90	90	90	90	90	90	90	90	90	0.87	0.3	2.44	0.14	0.11	0.04	0.81	0.82	1.63	2.72	5.64	2.26	1.93	0.2	2.55	4260	0	1.3	1	0.4	7.6	7.7	25.5	53	21.2	0	0	0	0	0	0	0	0	0	0	0	0	1.8	1.3	0	0	84	90	90	90	90	90	90	90	90	90	90	90	90	90	84	90	94	89	93	94	93	93	92	92	89	92	86	92	4.71	1.69	3.21	4.75	4.55	2.12	3.3	3.01	0.6	2.73	0.59	1.87	4.92	1.67	3.31	4.96	4.71	2.2	3.37	3.07	0.6	2.79	0.56	1.91	1590
10014	Fish meal. menhaden. Special Select. 63% CP	1.6	92.7	7.3	63.3	8.6	0.3	20.4	0.1	0	0	0.4	0	0	0.4	18	4386	3991	3991	3991	3991			3991	3991	3991	3991	3991	3991	3991	3991	3715	15.6	15.6	15.6	15.6			10.6	9.4	9.4	9.4	10.6	9.4	9.4	9.4	4.21	1.42	2.53	4.43	5.02	1.99	2.76	2.66	0.94	3.1	0.52	2.51	2.57	5.33	8.93	6.08	5.95	2.69	4.91	29.06	31.65	0.41	6.66	2.25	4	7	7.94	3.14	4.37	4.21	1.49	4.9	0.82	4.06	14.11	9.62	9.41	4.25	7.77	3.58	1.21	2.15	3.77	4.27	1.69	2.35	2.26	0.8	2.63	0.44	2.13	2.18	4.88	3.31	23.87	16.19	0	2.54	0	0.76	0	0	2.54	2.16	2.3	0.74	1.4	0.54	0.55	0.85	0.19	0.75	30.46	613.82	42.11	2.15	69.57	7.21	0.01	0.18	0.12	55	8.6	4.66	4.8	0.6	0.12	0	2834	944	8.93	0	3112	100	1.69	0	220	0	0	83	95	75	91	85	85	80	85	91	91	91	91	85	95	70	85	90	90	90	90	0	30	0	30	76.9	60.1	6.5	3991	0.33	0	0	0	85	85	85	85	85	85	85	85	85	85	85	85	1.62	0.54	2.62	0.87	0.1	0.15	0.95	1.08	2.03	2.71	1.89	3.44	2.37	1.14	2.06	2370	0	10.1	1.2	1.8	11	12.6	31.5	22	40	0	0	0	0	0	0	0	0	0	0	0	0	1.8	1.3	0	0	78	85	94	93	94	94	95	94	93	88	90	93	88	92	78	85	94	89	93	94	93	93	92	92	89	92	86	92	3.96	1.32	2.38	4.16	4.77	1.87	2.57	2.34	0.85	2.88	0.46	2.36	3.96	1.26	2.35	4.16	4.67	1.85	2.54	2.45	0.84	2.85	0.45	2.36	700
10054	Fish meal. processing by-products. 64% CP	1.6	85	15	64	8	0	13	0	0	0	0	0	0	0	18	4355	3789	3789	3789	3789			3789	3789	3789	3789	3789	3789	3789	3789	3539	14.8	14.8	14.8	14.8			10.2	9.1	9.1	9.1	10.2	9.1	9.1	9.1	4.97	1.81	2.6	4.53	3.88	1.75	2.42	2.87	0.64	3.42	0.52	2.26	2.87	5.29	7.99	5.78	4.37	3.01	3.93	28.9	28.47	0.22	7.77	2.83	4.06	7.08	6.07	2.73	3.78	4.49	1.01	5.35	0.81	4.49	12.49	9.03	6.83	4.7	6.14	4.21	1.53	2.2	3.84	3.29	1.48	2.05	2.44	0.55	2.9	0.44	1.92	2.44	4.88	3.13	37.5	24.05	0	2.03	0	0.75	0	0	2.03	1.85	1.96	0.7	1.24	1.2	0.85	1.18	0.12	0.82	71	110	1.6	3	9.2	7.54	0.01	0.14	0.3	80	10	3	7	1	0.28	0	18734	5774	5.96	2	5000	100	11.24	0	200	0	0	81	85	95	87	85	85	80	85	87	87	87	87	85	95	70	85	90	90	90	90	0	30	0	30	68.9	54.4	7.6	3789	0	0	0	0	85	85	85	85	85	85	85	85	85	85	85	85	0.87	0.3	2.44	0.48	0.13	0.06	0.56	0.68	1.24	1.92	4	1.92	1.52	0.6	1.81	3032	0	6	1.6	0.7	7	8.5	24	50	24	0	0	0	0	0	0	0	0	0	0	0	0	1.8	1.3	0	0	82	85	85	85	85	85	85	85	85	85	85	85	85	85	82	85	95	92	94	95	95	95	93	94	92	93	86	93	4.23	1.54	2.21	3.85	3.3	1.49	2.06	2.44	0.55	2.91	0.44	2.44	4.72	1.66	2.44	4.3	3.69	1.66	2.25	2.7	0.59	3.18	0.44	2.67	1010
10015	Fish meal. processing by-products. NOAA. Seattle. 69% CP	1.6	88.7	11.3	69.5	7.6	0	11.6	0	0	0	0	0	0	0	19	4627	4026	4026	4026	4026			4026	4026	4026	4026	4026	4026	4026	4026	3754	15.6	15.6	15.6	15.6			10.7	9.5	9.5	9.5	10.7	9.5	9.5	9.5	5.4	1.97	2.82	4.92	4.22	1.9	2.63	3.12	0.7	3.72	0.56	2.46	3.12	5.75	8.68	6.28	4.75	3.27	4.27	31.4	30.93	0.22	7.77	2.83	4.06	7.08	6.07	2.73	3.78	4.49	1.01	5.35	0.81	4.49	12.49	9.03	6.83	4.7	6.14	4.58	1.67	2.39	4.17	3.58	1.61	2.23	2.65	0.59	3.15	0.48	2.09	2.65	4.35	2.79	37.5	24.05	0	2.03	0	0.75	0	0	2.03	1.85	1.96	0.7	1.24	1.2	0.85	1.18	0.12	0.82	71	110	1.6	3	9.2	7.54	0.01	0.14	0.3	80	10	3	7	1	0.28	0	18734	5774	5.96	2	5000	100	11.24	0	200	0	0	81	85	95	87	85	85	80	85	87	87	87	87	85	95	70	85	90	90	90	90	0	30	0	30	71.8	59.1	7.2	4026	0	0	0	0	85	85	85	85	85	85	85	85	85	85	85	85	0.87	0.3	2.44	0.45	0.12	0.05	0.58	0.74	1.33	1.79	3.79	1.96	1.61	0.56	1.81	3032	0	6	1.6	0.7	7.7	9.8	23.6	50	25.8	0	0	0	0	0	0	0	0	0	0	0	0	1.8	1.3	0	0	82	85	85	85	85	85	85	85	85	85	85	85	85	85	82	85	95	92	94	95	95	95	93	94	92	93	86	93	4.59	1.67	2.4	4.18	3.59	1.61	2.24	2.65	0.6	3.16	0.48	2.65	5.13	1.81	2.65	4.67	4.01	1.8	2.45	2.93	0.64	3.46	0.48	2.9	1010
10016	Fish meal. red fish. 61% CP	1.6	92.1	7.9	61.3	8.9	0.6	21.1	0.3	0	0	0.9	0	0	0.9	18	4319	3887	3887	3887	3887			3844	3887	3887	3887	3844	3887	3887	3887	3634	15.1	15.1	15.1	15.1			10.4	9.4	9.4	9.4	10.4	9.4	9.4	9.4	4.1	1.91	3.5	4.9	6.6	1.8	2.5	2.6	0.6	3.33	0.8	2.6	1.9	4.4	8.34	5.58	5.77	3	3.86	31.84	29.25	0.2	6.69	3.12	5.71	7.99	10.76	2.94	4.08	4.24	0.98	5.43	1.3	3.1	13.6	9.1	9.41	4.9	6.29	3.69	1.72	3.15	4.41	5.94	1.62	2.25	2.34	0.54	3	0.72	2.34	1.71	7.2	3.57	34.2	16.95	0	2.79	0	0.77	0	0	2.79	2.32	2.47	0.76	1.48	0.8	0.65	0.85	0.15	0.6	10	340	16	2	100	7.26	0.03	0.14	0.2	80	10	3	7	1	0.75	0	18734	5774	5.96	2	3000	100	11.24	0	150	0	0	81	90	90	90	85	85	80	85	89	90	89	90	85	95	70	85	90	90	90	90	0	30	0	30	74.6	55.2	8	3887	0.74	0	0	0	90	90	90	90	90	90	90	90	90	90	90	90	0.87	0.3	2.44	0.08	0.03	0.03	0.71	0.79	1.5	1.8	4.91	1.8	1.69	0.12	2.12	3540	0	0.9	0.3	0.3	8	8.9	20.3	55.5	20.3	0	0	0	0	0	0	0	0	0	0	0	0	1.8	1.3	0	0	81	90	90	90	90	90	90	90	90	90	90	90	90	90	81	90	94	89	93	94	93	93	92	92	89	92	86	92	3.69	1.72	3.15	4.41	5.94	1.62	2.25	2.34	0.54	3	0.72	1.71	3.85	1.7	3.26	4.61	6.14	1.67	2.3	2.39	0.53	3.06	0.69	1.75	1010
10017	Fish meal. salmon. mechanically extracted. 68% CP	1.6	91.7	8.3	68	10.5	0	13	0.3	0	0	0.3	0	0	0.3	20	4823	4341	4341	4341	4341			4341	4341	4341	4341	4341	4341	4341	4341	4060	16.9	16.9	16.9	16.9			11.8	10.6	10.6	10.6	11.8	10.6	10.6	10.6	4.08	2.36	4.78	5.06	7.32	3.6	5.39	4.47	0.45	5.61	0.54	4.14	2.26	7.65	8.36	5.85	4.35	2.65	4.28	43.12	28.29	0.35	6	3.47	7.03	7.45	10.77	5.3	7.93	6.58	0.66	8.25	0.79	3.33	12.3	8.6	6.4	3.9	6.3	3.67	2.12	4.3	4.56	6.59	3.24	4.85	4.02	0.4	5.05	0.49	3.73	2.04	4.5	2.19	34.72	16.89	0	1.44	0	0.74	0	0	1.44	1.49	1.57	0.66	1.05	0.68	0.75	0.85	0.2	0.5	10.7	130	3.5	2	183	7.29	0.01	0.14	0.3	80	10	3	7	1	0.28	0	18734	3235	5.96	2	4500	100	11.24	0	120	0	0	84	90	90	90	85	85	80	85	90	90	90	90	85	95	70	85	90	90	90	90	0	30	0	30	77	61.2	9.4	4341	0.26	0	0	0	90	90	90	90	90	90	90	90	90	90	90	90	0.87	0.3	2.44	0.13	0.06	0.09	1.26	1.44	2.7	1.95	4.31	3.51	3.07	0.24	2.51	4188	0	1.2	0.6	0.9	12	13.8	18.6	41.2	33.5	0	0	0	0	0	0	0	0	0	0	0	0	1.8	1.3	0	0	84	90	90	90	90	90	90	90	90	90	90	90	90	90	84	90	95	92	94	95	95	95	93	94	92	93	86	93	3.67	2.12	4.3	4.56	6.59	3.24	4.85	4.02	0.4	5.05	0.49	2.04	3.87	2.17	4.49	4.81	6.95	3.42	5.01	4.2	0.41	5.22	0.46	2.1	1010
10018	Fish meal. sardine. 66% CP	1.6	93.5	6.5	66.1	7.3	0.8	16.7	2.5	0	0	3.3	0	1	2.4	19	4546	4000	4000	4000	4000			3955	3955	3955	3955	3955	3955	3955	3955	3727	15.2	15.3	15.3	15.3			10.4	9.3	9.3	9.3	10.4	9.3	9.3	9.3	3.96	2.45	3.46	6.21	4.85	1.8	2.44	2.68	0.61	3.16	0.6	2.4	2.82	5.26	8.17	5.69	4.91	2.78	4.12	31.62	29.09	0.21	5.99	3.71	5.24	9.4	7.34	2.72	3.69	4.06	0.92	4.78	0.91	4.27	12.36	8.61	7.43	4.21	6.23	3.34	2.07	2.92	5.24	4.09	1.52	2.06	2.26	0.51	2.66	0.51	2.02	2.38	4.17	2.86	24.91	17.08	0	2.1	0	0.75	0	0	2.1	1.89	2	0.71	1.26	0.71	0.41	0.85	0.17	0.7	11	243.33	17.67	1.8	80	7.15	0.01	0.1	0	75	11	3	5.4	0.3	0.15	0	18734	2000	5.96	2	4300	100	11.24	0	100	0	0	82	90	80	88	85	85	80	85	87	87	87	87	85	95	70	85	90	90	90	90	0	30	0	30	76.7	59.5	5.9	4000	2.85	0	0	0	84	84	84	84	84	84	84	84	84	84	84	84	0.87	0.3	2.44	0.1	0.12	0.12	1.24	0.94	2.18	2.09	2.28	2.51	2.55	0.24	1.75	2928	0	1.3	1.6	1.6	16.9	12.9	28.6	31.1	34.3	0	0	0	0	0	0	0	0	0	0	0	0	1.8	1.3	0	0	79	84	84	84	84	84	84	84	84	84	84	84	84	84	79	84	94	89	93	94	93	93	92	92	89	92	86	92	3.33	2.06	2.91	5.22	4.07	1.51	2.05	2.25	0.51	2.65	0.5	2.37	3.72	2.18	3.22	5.84	4.51	1.67	2.24	2.47	0.54	2.91	0.52	2.59	710
10019	Fish meal. tuna. mechanically extracted. 58% CP	1.6	92.6	7.4	58.1	9.2	0.6	22	2.8	0	0	3.4	0	1	2.4	18	4271	3588	3588	3588	3588			3502	3502	3502	3502	3502	3502	3502	3502	3353	13.5	13.6	13.6	13.6			9.3	8.4	8.4	8.4	9.3	8.4	8.4	8.4	3.35	1.77	2.43	3.8	4.08	1.48	2.27	2.37	0.61	2.78	0.44	1.92	1.7	3.97	7.32	5.28	3.72	2.26	3.66	24.94	24.38	0.13	5.77	3.05	4.18	6.54	7.03	2.55	3.91	4.08	1.05	4.79	0.76	2.93	12.61	9.09	6.41	3.89	6.3	2.36	1.25	1.71	2.68	2.88	1.04	1.6	1.67	0.43	1.96	0.31	1.35	1.2	7.86	4.07	35.79	18.53	0	3.28	0	0.78	0	0	3.28	2.62	2.8	0.79	1.64	0.74	1.01	0.85	0.23	0.68	10.31	355	8.4	4.3	211	7.22	0.01	0.2	0	144	7.7	3	6.8	1.5	0.3	0	18734	5171	4.17	2	2994	100	11.24	0	120	0	0	77	88	67	84	85	85	80	85	82	82	82	82	85	95	70	85	90	90	90	90	0	30	0	30	71.3	51.1	6.2	3588	2.86	0	0	0	71	71	71	71	71	71	71	71	71	71	71	71	0.87	0.3	2.44	0.17	0.07	0.2	0.54	2.45	2.99	2.93	2.53	3.74	3.41	0.41	2.21	3684	0	1.8	0.8	2.2	5.9	26.6	31.8	27.5	40.6	0	0	0	0	0	0	0	0	0	0	0	0	1.8	1.3	0	0	68	71	71	71	71	71	71	71	71	71	71	71	71	71	68	71	92	87	90	90	89	89	87	88	86	89	74	88	2.38	1.26	1.73	2.7	2.9	1.05	1.61	1.68	0.43	1.97	0.31	1.21	3.08	1.54	2.19	3.42	3.63	1.32	1.97	2.09	0.52	2.47	0.33	1.5	1560
10020	Fish meal. white. mechanically extracted. 65% CP	1.6	91.8	8.2	65.1	6.3	0.6	19.7	0.1	0	0	0.7	0	0	0.7	18	4285	3685	3685	3685	3685			3643	3643	3643	3643	3643	3643	3643	3643	3429	14.2	14.2	14.2	14.2			9.6	8.5	8.5	8.5	9.6	8.5	8.5	8.5	4.56	1.5	2.98	4.65	4.14	1.8	3.68	2.68	0.64	3.38	0.73	2.53	2.05	5.73	5.99	5.4	3.64	3.3	4.4	30.01	25.51	0.21	7	2.31	4.58	7.15	6.36	2.77	5.65	4.12	0.98	5.2	1.12	3.15	9.2	8.3	5.59	5.07	6.76	3.9	1.28	2.55	3.98	3.54	1.54	3.15	2.29	0.55	2.9	0.63	2.17	1.75	7.15	3.4	36.25	17.24	0	2.62	0	0.77	0	0	2.62	2.22	2.36	0.75	1.43	0.78	0.7	0.85	0.18	0.48	5.93	210.5	12.3	1.62	90	7.29	0.04	0.11	0.36	59	9.9	5.91	9.1	1.7	0.9	0	24067	2495	5.17	2	3575	100	14.44	0	88	0	0	78	86	84	86	85	85	80	85	85	85	85	85	85	95	70	85	90	90	90	90	0	30	0	30	71.6	56	5.3	3685	0.6	0	0	0	86	86	86	86	86	86	86	86	86	86	86	86	0.87	0.3	2.44	0.04	0.03	0.02	0.51	0.3	0.81	1.52	3.33	1.25	0.93	0.06	1.5	2516	0	0.6	0.4	0.3	8.1	4.8	24.1	53	19.9	0	0	0	0	0	0	0	0	0	0	0	0	1.8	1.3	0	0	78	86	86	86	86	86	86	86	86	86	86	86	86	86	78	86	95	92	94	95	95	95	93	94	92	93	86	93	3.92	1.29	2.56	4	3.56	1.55	3.16	2.3	0.55	2.91	0.63	1.76	4.33	1.38	2.8	4.42	3.93	1.71	3.42	2.52	0.59	3.15	0.63	1.91	1280
10078	Fish meal. white fish. SeaPro70. Pacific Bioproducts. 70% CP	1.6	92.5	7.5	70	6.5	1	15	0	0	0	1	0	0	0	19	4596	4320	4320	4320	4320			4320	4320	4320	4320	4320	4320	4320	4320	4012	16.7	16.7	16.7	16.7			11.3	9.9	9.9	9.9	11.3	9.9	9.9	9.9	5.11	1.61	3.32	5.4	5.73	2.03	3.33	2.91	0.91	3.91	0.7	2.73	2.8	6.13	9.1	6.62	3.92	3.14	3.91	34.25	30.18	0.2	7.3	2.3	4.74	7.71	8.18	2.9	4.75	4.16	1.3	5.59	1	4	13	9.45	5.6	4.48	5.59	4.6	1.45	2.99	4.86	5.15	1.83	2.99	2.62	0.82	3.52	0.63	2.46	2.52	3.83	2.1	25.5	14	0	1.2	0	0.9	0	0	0.9	1.3	1.35	0.77	1.03	0.5	1	0.5	0.18	0.8	4	160	10	0	100	7.43	0	0.1	0.5	65	10	3	9	0.4	0.14	0	86500	1500	4	2	3000	100	14	0	120	0	0	80	96	85	94	85	85	80	85	94	94	94	94	85	95	70	85	90	90	90	90	0	30	0	30	74	67.2	5.5	4320	0.85	0	0	0	90	90	90	90	90	90	90	90	90	90	90	90	1.8	0.5	2.4	0.12	0.1	0.1	0.8	0.78	1.58	1.82	1.95	2.28	1.86	0.24	2.5	2500	0	1.8	1.5	1.5	12.3	12	28	30	35	0	0	0	0	0	0	0	0	0	0	0	0	1.8	1.3	0	0	78	86	86	86	86	86	86	86	86	86	86	86	86	86	78	86	95	92	94	95	95	95	93	94	92	93	86	93	4.39	1.38	2.85	4.64	4.92	1.75	2.86	2.5	0.78	3.37	0.6	2.41	4.85	1.48	3.12	5.13	5.44	1.93	3.09	2.74	0.84	3.64	0.6	2.6	1200
10079	Fish meal. whiting meal-N. Pacific Bioproducts. 64% CP	1.6	92	8	64	4	1	23	0	0	0	1	0	0	0	17	4022	3821	3821	3821	3821			3781	3781	3781	3781	3781	3781	3781	3781	3539	14.7	14.7	14.7	14.7			9.8	8.5	8.5	8.5	9.8	8.5	8.5	8.5	4.51	1.4	2.62	4.93	5	1.6	2.72	2.01	0.51	3.2	0.51	2.11	2.11	4.83	8	5.31	5.44	3.07	4.01	28.51	28.46	0.2	7.05	2.18	4.1	7.71	7.82	2.5	4.25	3.14	0.8	5	0.8	3.3	12.5	8.3	8.5	4.8	6.27	4.06	1.26	2.36	4.44	4.5	1.44	2.45	1.81	0.46	2.88	0.46	1.9	1.9	6.03	3.54	26.2	15.4	0	2.54	0	1	0	0	1	1.44	1.5	0.85	1.14	1.1	1	1	0.2	0.8	5	100	13	0	85	7.43	0	0.1	0.5	65	10	3	9	0.4	0.14	0	64500	1100	4	2	3000	100	14	0	120	0	0	80	96	85	95	85	85	80	85	94	94	94	94	85	95	70	85	90	90	90	90	0	30	0	30	73.6	61.4	3.4	3821	0.85	0	0	0	90	90	90	90	90	90	90	90	90	90	90	90	1.8	0.5	2.4	0.07	0.06	0.06	0.49	0.48	0.97	1.12	1.2	1.4	1.15	0.15	2.5	2500	0	1.8	1.5	1.5	12.3	12	28	30	35	0	0	0	0	0	0	0	0	0	0	0	0	1.8	1.3	0	0	78	86	86	86	86	86	86	86	86	86	86	86	86	86	78	86	95	92	94	95	95	95	93	94	92	93	86	93	3.88	1.2	2.26	4.24	4.3	1.38	2.34	1.73	0.44	2.75	0.44	1.82	4.29	1.28	2.47	4.69	4.75	1.52	2.53	1.89	0.47	2.98	0.44	1.96	1200
10021	Fish meal. Pangasius (basa). 60% CP	1.6	90	10	60	10	0	20	0	0	0	0	0	0	0	18	4316	3885	3885	3885	3885			3885	3885	3885	3885	3885	3885	3885	3885	3640	15.3	15.3	15.3	15.3			10.7	9.6	9.6	9.6	10.7	9.6	9.6	9.6	4.5	1.5	3.25	4.66	3.9	1.61	3	2.92	0.5	2.96	0.5	2.11	2.4	5.4	8.4	5.7	3.1	3.16	4.34	28.8	27.6	0.19	7.5	2.5	5.42	7.77	6.5	2.69	5	4.87	0.83	4.93	0.83	4	14	9.5	5.17	5.27	7.23	4.05	1.35	2.93	4.19	3.51	1.45	2.7	2.63	0.45	2.66	0.45	1.9	2.16	7.48	1.75	37.4	8.75	0	1.01	0	0.74	0	0	1.01	1.23	1.29	0.64	0.92	1.25	1	0.85	0.19	0.75	30.46	613.82	42.11	2.15	39.57	7.43	0.01	0.14	0.5	65	10	3	8.8	0.4	0.14	0	18734	5774	4.17	2	3000	100	11.24	0	150	0	0	81	89	95	90	85	85	80	85	90	90	90	90	85	95	70	85	90	90	90	90	0	30	0	30	72.9	53.4	9.5	3885	0	0	0	0	90	90	90	90	90	90	90	90	90	90	90	90	0.87	0.3	2.44	0.13	0.1	0.04	0.76	0.77	1.53	3.9	1.5	4.5	1.81	0.19	2.4	4000	0	1.3	1	0.4	7.6	7.7	39	15	45	0	0	0	0	0	0	0	0	0	0	0	0	1.8	1.3	0	0	78	86	86	86	86	86	86	86	86	86	86	86	86	86	78	86	95	92	94	95	95	95	93	94	92	93	86	93	3.87	1.29	2.8	4.01	3.35	1.39	2.58	2.51	0.43	2.55	0.43	2.06	4.28	1.38	3.06	4.43	3.71	1.53	2.79	2.74	0.46	2.75	0.43	2.23	1200
10022	Fish meal. mixed fish. SEA. 50% CP	1.6	91.8	8.2	50	5.7	0.5	35	0.6	0	0	1.1	0	0	1.1	14	3399	3059	3059	3059	3059			3025	3025	3025	3025	3025	3025	3025	3025	2855	11.8	11.8	11.8	11.8			8.1	7.2	7.2	7.2	8.1	7.2	7.2	7.2	3.24	1.71	2.27	4.11	3.25	1.73	2.62	2.47	0.45	2.76	0.45	2.18	1.99	4.61	5	4.55	5.39	2.74	3.65	24.6	23.76	0.2	6.48	3.42	4.54	8.22	6.5	3.45	5.24	4.93	0.9	5.52	0.9	3.97	10	9.1	10.78	5.47	7.3	2.92	1.54	2.04	3.7	2.93	1.55	2.36	2.22	0.41	2.48	0.41	1.96	1.79	9.04	5.66	25.82	16.17	0	4.83	0	0.82	0	0	4.83	3.59	3.84	0.9	2.14	1.25	1	0.85	0.21	0.7	11	324.5	18.7	0	144.6	7.29	0.01	0.14	0.5	65	10	3	8.8	0.4	0.14	0	18734	5774	4.17	2	3000	100	11.24	0	150	0	0	74	89	95	90	85	85	80	85	89	89	89	89	85	95	70	85	90	90	90	90	0	30	0	30	67.9	44.5	5.4	3059	0.91	0	0	0	90	90	90	90	90	90	90	90	90	90	90	90	0.87	0.3	2.44	0.29	0.07	0.11	0.4	0.4	0.8	2.23	0.86	2.58	0.97	0.45	1.37	2292	0	5	1.2	2	7	7	39	15	45	0	0	0	0	0	0	0	0	0	0	0	0	1.8	1.3	0	0	80	90	90	90	90	90	90	90	90	90	90	90	90	90	80	90	92	87	90	90	89	89	87	88	86	89	74	88	2.92	1.54	2.04	3.7	2.93	1.55	2.36	2.22	0.41	2.48	0.41	1.79	2.98	1.49	2.04	3.7	2.89	1.54	2.28	2.17	0.39	2.46	0.33	1.75	1200
10023	Fish meal. mixed fish. SEA. 51% CP	1.6	91.8	8.2	51	5.8	0.5	34	0.5	0	0	1	0	0	1	14	3461	3115	3115	3115	3115			3080	3080	3080	3080	3080	3080	3080	3080	2906	12	12	12	12			8.2	7.4	7.4	7.4	8.2	7.4	7.4	7.4	3.3	1.74	2.31	4.19	3.32	1.76	2.67	2.51	0.46	2.82	0.46	2.22	2.02	4.69	5.1	4.64	5.39	2.78	3.72	25.08	24.13	0.2	6.47	3.41	4.53	8.22	6.5	3.45	5.24	4.93	0.9	5.53	0.91	3.97	10	9.1	10.57	5.46	7.3	2.97	1.57	2.08	3.77	2.98	1.58	2.4	2.26	0.41	2.54	0.42	2	1.82	9.04	5.66	26.58	16.64	0	4.83	0	0.82	0	0	4.83	3.59	3.84	0.9	2.14	1.25	1	0.85	0.21	0.7	11	324.5	18.7	0	144.6	7.29	0.01	0.14	0.5	65	10	3	8.8	0.4	0.14	0	18734	5774	4.17	2	3000	100	11.24	0	150	0	0	75	89	95	90	85	85	80	85	89	89	89	89	85	95	70	85	90	90	90	90	0	30	0	30	68.9	45.4	5.5	3115	0.82	0	0	0	90	90	90	90	90	90	90	90	90	90	90	90	0.87	0.3	2.44	0.46	0.04	0.12	0.41	0.41	0.82	2.28	0.88	2.63	0.95	0.64	1.4	2336	0	7.9	0.6	2	7	7	39	15	45	0	0	0	0	0	0	0	0	0	0	0	0	1.8	1.3	0	0	80	90	90	90	90	90	90	90	90	90	90	90	90	90	80	90	92	87	90	90	89	89	87	88	86	89	74	88	2.97	1.57	2.08	3.77	2.98	1.58	2.4	2.26	0.41	2.54	0.42	1.82	3.04	1.51	2.08	3.77	2.95	1.57	2.32	2.21	0.4	2.51	0.34	1.78	1200
10024	Fish meal. mixed fish. SEA. 52% CP	1.6	91.8	8.2	52	6	0.5	30	3.3	0	0	3.8	0	0	3.8	15	3645	3280	3280	3280	3280			3135	3171	3171	3171	3135	3171	3171	3171	3068	12.2	12.2	12.2	12.2			8.4	7.6	7.6	7.6	8.4	7.6	7.6	7.6	3.36	1.77	2.36	4.27	3.38	1.79	2.73	2.56	0.47	2.87	0.47	2.27	2.06	4.79	5.2	4.73	5.39	2.83	3.8	25.57	24.49	0.2	6.46	3.4	4.54	8.21	6.5	3.45	5.25	4.93	0.9	5.52	0.91	3.97	10	9.1	10.37	5.45	7.3	3.02	1.59	2.12	3.84	3.04	1.61	2.46	2.31	0.42	2.58	0.43	2.04	1.86	9.04	5.66	30.13	18.86	0	4.83	0	0.82	0	0	4.83	3.59	3.84	0.9	2.14	1.25	1	0.85	0.21	0.7	11	324.5	18.7	0	144.6	7.29	0.01	0.14	0.5	65	10	3	8.8	0.4	0.14	0	18734	5774	4.17	2	3000	100	11.24	0	150	0	0	76	89	95	90	85	85	80	85	86	87	86	87	85	95	70	85	90	90	90	90	0	30	0	30	69.8	46.3	5.7	3280	3.26	0	0	0	90	90	90	90	90	90	90	90	90	90	90	90	0.87	0.3	2.44	0.12	0.01	0.12	0.42	0.42	0.83	2.32	0.89	2.68	0.94	0.26	1.43	2384	0	2	0.2	2	7	7	39	15	45	0	0	0	0	0	0	0	0	0	0	0	0	1.8	1.3	0	0	80	90	90	90	90	90	90	90	90	90	90	90	90	90	80	90	92	87	90	90	89	89	87	88	86	89	74	88	3.02	1.59	2.12	3.84	3.04	1.61	2.46	2.31	0.42	2.58	0.43	1.86	3.09	1.54	2.12	3.84	3.01	1.6	2.38	2.26	0.4	2.55	0.35	1.82	1200
10025	Fish meal. mixed fish. SEA. 53% CP	1.6	91.8	8.2	53	6.1	0.5	30	2.2	0	0	2.7	0	0	2.7	15	3666	3300	3300	3300	3300			3190	3226	3226	3226	3190	3226	3226	3226	3083	12.5	12.5	12.5	12.5			8.6	7.7	7.7	7.7	8.6	7.7	7.7	7.7	3.43	1.81	2.4	4.36	3.45	1.83	2.78	2.61	0.48	2.93	0.48	2.31	2.1	4.88	5.3	4.82	5.39	2.88	3.87	26.08	24.86	0.2	6.47	3.42	4.53	8.23	6.5	3.45	5.25	4.93	0.91	5.53	0.92	3.97	10	9.1	10.17	5.44	7.3	3.09	1.63	2.16	3.92	3.1	1.65	2.5	2.35	0.43	2.64	0.44	2.08	1.89	9.04	5.66	30.13	18.86	0	4.83	0	0.82	0	0	4.83	3.59	3.84	0.9	2.14	1.25	1	0.85	0.21	0.7	11	324.5	18.7	0	144.6	7.29	0.01	0.14	0.5	65	10	3	8.8	0.4	0.14	0	18734	5774	4.17	2	3000	100	11.24	0	150	0	0	77	89	95	90	85	85	80	85	87	88	87	88	85	95	70	85	90	90	90	90	0	30	0	30	70.7	47.2	5.8	3300	2.32	0	0	0	90	90	90	90	90	90	90	90	90	90	90	90	0.87	0.3	2.44	0.12	0.01	0.12	0.42	0.42	0.85	2.37	0.91	2.73	0.95	0.27	1.45	2428	0	2	0.1	2	7	7	39	15	45	0	0	0	0	0	0	0	0	0	0	0	0	1.8	1.3	0	0	80	90	90	90	90	90	90	90	90	90	90	90	90	90	80	90	92	87	90	90	89	89	87	88	86	89	74	88	3.09	1.63	2.16	3.92	3.1	1.65	2.5	2.35	0.43	2.64	0.44	1.89	3.16	1.57	2.16	3.92	3.07	1.63	2.42	2.3	0.41	2.61	0.36	1.85	1200
10026	Fish meal. mixed fish. SEA. 54% CP	1.6	91.8	8.2	54	6.2	0.5	30	1.1	0	0	1.6	0	0	1.6	15	3688	3319	3319	3319	3319			3245	3282	3282	3282	3245	3282	3282	3282	3099	12.7	12.7	12.7	12.7			8.7	7.8	7.8	7.8	8.7	7.8	7.8	7.8	3.49	1.84	2.45	4.44	3.62	1.86	2.83	2.66	0.49	2.98	0.5	2.36	2.14	4.97	5.4	4.92	5.39	2.93	3.94	26.66	25.22	0.2	6.46	3.41	4.54	8.22	6.7	3.45	5.24	4.93	0.91	5.52	0.92	3.97	10	9.1	9.98	5.43	7.3	3.14	1.66	2.2	4	3.26	1.68	2.55	2.4	0.44	2.68	0.45	2.13	1.93	9.04	5.66	30.13	18.86	0	4.83	0	0.82	0	0	4.83	3.59	3.84	0.9	2.14	1.25	1	0.85	0.21	0.7	11	324.5	18.7	0	144.6	7.29	0.01	0.14	0.5	65	10	3	8.8	0.4	0.14	0	18734	5774	4.17	2	3000	100	11.24	0	150	0	0	77	89	95	90	85	85	80	85	88	89	88	89	85	95	70	85	90	90	90	90	0	30	0	30	70.7	48.1	5.9	3319	1.37	0	0	0	90	90	90	90	90	90	90	90	90	90	90	90	0.87	0.3	2.44	0.25	0.02	0.12	0.43	0.43	0.87	2.41	0.93	2.79	0.99	0.42	1.48	2476	0	4.1	0.4	2	7	7	39	15	45	0	0	0	0	0	0	0	0	0	0	0	0	1.8	1.3	0	0	80	90	90	90	90	90	90	90	90	90	90	90	90	90	80	90	92	87	90	90	89	89	87	88	86	89	74	88	3.14	1.66	2.2	4	3.26	1.68	2.55	2.4	0.44	2.68	0.45	1.93	3.21	1.6	2.2	4	3.22	1.66	2.46	2.34	0.42	2.65	0.37	1.89	1200
10027	Fish meal. mixed fish. SEA. 55% CP	1.6	91.8	8.2	55	6.3	0.5	30	0	0	0	0.5	0	0	0.5	16	3709	3338	3338	3338	3338			3301	3338	3338	3338	3301	3338	3338	3338	3114	13	13	13	13			8.9	7.9	7.9	7.9	8.9	7.9	7.9	7.9	3.56	1.88	2.5	4.52	3.69	1.9	2.88	2.72	0.5	3.04	0.51	2.41	2.18	5.06	6.01	5.01	5.39	2.98	4.01	27.18	26.09	0.2	6.47	3.42	4.55	8.22	6.7	3.45	5.24	4.94	0.91	5.53	0.93	3.97	10.92	9.1	9.8	5.42	7.3	3.2	1.69	2.25	4.07	3.32	1.71	2.59	2.45	0.45	2.74	0.46	2.17	1.97	9.04	5.66	30.13	18.86	0	4.83	0	0.82	0	0	4.83	3.59	3.84	0.9	2.14	1.25	1	0.85	0.21	0.7	11	324.5	18.7	0	144.6	7.29	0.01	0.14	0.5	65	10	3	8.8	0.4	0.14	0	18734	5774	4.17	2	3000	100	11.24	0	150	0	0	77	89	95	90	85	85	80	85	89	90	89	90	85	95	70	85	90	90	90	90	0	30	0	30	70.7	49	6	3338	0.42	0	0	0	90	90	90	90	90	90	90	90	90	90	90	90	0.87	0.3	2.44	0.19	0.01	0.13	0.44	0.44	0.88	2.46	0.95	2.84	0.99	0.35	1.51	2520	0	3	0.1	2	7	7	39	15	45	0	0	0	0	0	0	0	0	0	0	0	0	1.8	1.3	0	0	80	90	90	90	90	90	90	90	90	90	90	90	90	90	80	90	92	87	90	90	89	89	87	88	86	89	74	88	3.2	1.69	2.25	4.07	3.32	1.71	2.59	2.45	0.45	2.74	0.46	1.97	3.28	1.64	2.25	4.07	3.28	1.69	2.51	2.39	0.43	2.71	0.38	1.92	1200
10028	Fish meal. mixed fish. SEA. 56% CP	1.6	91.8	8.2	56	6.4	0.5	28.6	0.3	0	0	0.8	0	0	0.8	16	3788	3409	3409	3409	3409			3372	3372	3372	3372	3372	3372	3372	3372	3181	13.2	13.2	13.2	13.2			9.1	8.1	8.1	8.1	9.1	8.1	8.1	8.1	3.62	1.91	2.54	4.6	3.92	1.93	2.94	2.77	0.51	3.09	0.52	2.46	2.23	5.17	6.12	5.1	5.39	3.03	4.09	27.83	26.47	0.2	6.46	3.41	4.54	8.21	7	3.45	5.25	4.94	0.91	5.52	0.93	3.98	10.92	9.1	9.63	5.41	7.3	3.26	1.72	2.29	4.14	3.53	1.74	2.65	2.49	0.46	2.78	0.47	2.21	2.01	9.04	5.66	31.6	19.79	0	4.83	0	0.82	0	0	4.83	3.59	3.84	0.9	2.14	1.25	1	0.85	0.21	0.7	11	324.5	18.7	0	144.6	7.29	0.01	0.14	0.5	65	10	3	8.8	0.4	0.14	0	18734	5774	4.17	2	3000	100	11.24	0	150	0	0	77	89	95	90	85	85	80	85	89	89	89	89	85	95	70	85	90	90	90	90	0	30	0	30	70.7	49.8	6.1	3409	0.67	0	0	0	90	90	90	90	90	90	90	90	90	90	90	90	0.87	0.3	2.44	0.19	0.08	0.13	0.45	0.45	0.9	2.5	0.96	2.88	1.08	0.36	1.53	2564	0	3	1.2	2	7	7	39	15	45	0	0	0	0	0	0	0	0	0	0	0	0	1.8	1.3	0	0	80	90	90	90	90	90	90	90	90	90	90	90	90	90	80	90	92	87	90	90	89	89	87	88	86	89	74	88	3.26	1.72	2.29	4.14	3.53	1.74	2.65	2.49	0.46	2.78	0.47	2.01	3.33	1.66	2.29	4.14	3.49	1.72	2.56	2.43	0.44	2.75	0.39	1.96	1200
10029	Fish meal. mixed fish. SEA. 57% CP	1.6	91.8	8.2	57	6.5	0.5	27.5	0.3	0	0	0.8	0	0	0.8	16	3855	3470	3470	3470	3470			3431	3431	3431	3431	3431	3431	3431	3431	3237	13.4	13.4	13.4	13.4			9.2	8.2	8.2	8.2	9.2	8.2	8.2	8.2	3.69	1.95	2.59	4.68	3.99	1.97	2.99	2.82	0.52	3.15	0.52	2.49	2.27	5.26	6.22	5.19	5.39	3.08	4.16	28.34	26.84	0.2	6.47	3.42	4.54	8.21	7	3.45	5.25	4.94	0.91	5.53	0.92	3.98	10.92	9.1	9.46	5.4	7.3	3.32	1.75	2.33	4.21	3.59	1.77	2.69	2.53	0.47	2.83	0.47	2.24	2.04	9.04	5.66	32.87	20.58	0	4.83	0	0.82	0	0	4.83	3.59	3.84	0.9	2.14	1.25	1	0.85	0.21	0.7	11	324.5	18.7	0	144.6	7.29	0.01	0.14	0.5	65	10	3	8.8	0.4	0.14	0	18734	5774	4.17	2	3000	100	11.24	0	150	0	0	78	89	95	90	85	85	80	85	89	89	89	89	85	95	70	85	90	90	90	90	0	30	0	30	71.6	50.7	6.2	3470	0.65	0	0	0	90	90	90	90	90	90	90	90	90	90	90	90	0.87	0.3	2.44	0.2	0.01	0.13	0.46	0.46	0.91	2.55	0.98	2.94	1.02	0.36	1.56	2612	0	3	0.1	2	7	7	39	15	45	0	0	0	0	0	0	0	0	0	0	0	0	1.8	1.3	0	0	80	90	90	90	90	90	90	90	90	90	90	90	90	90	80	90	92	87	90	90	89	89	87	88	86	89	74	88	3.32	1.75	2.33	4.21	3.59	1.77	2.69	2.53	0.47	2.83	0.47	2.04	3.39	1.7	2.33	4.21	3.55	1.75	2.6	2.48	0.45	2.8	0.39	2	1200
10030	Fish meal. mixed fish. SEA. 58% CP	1.6	91.8	8.2	58	6.6	0.5	26.4	0.3	0	0	0.8	0	0	0.8	16	3922	3530	3530	3530	3530			3491	3491	3491	3491	3491	3491	3491	3491	3293	13.7	13.7	13.7	13.7			9.4	8.4	8.4	8.4	9.4	8.4	8.4	8.4	3.75	1.98	2.63	4.77	4.06	2	3.04	2.87	0.53	3.2	0.52	2.52	2.31	5.35	6.33	5.28	5.39	3.13	4.37	28.83	27.33	0.2	6.47	3.41	4.53	8.22	7	3.45	5.24	4.94	0.91	5.52	0.9	3.98	10.92	9.1	9.29	5.39	7.54	3.38	1.78	2.37	4.29	3.65	1.8	2.74	2.58	0.48	2.88	0.47	2.27	2.08	9.04	5.66	34.24	21.43	0	4.83	0	0.82	0	0	4.83	3.59	3.84	0.9	2.14	1.25	1	0.85	0.21	0.7	11	324.5	18.7	0	144.6	7.29	0.01	0.14	0.5	65	10	3	8.8	0.4	0.14	0	18734	5774	4.17	2	3000	100	11.24	0	150	0	0	78	89	95	90	85	85	80	85	89	89	89	89	85	95	70	85	90	90	90	90	0	30	0	30	71.6	51.6	6.3	3530	0.65	0	0	0	90	90	90	90	90	90	90	90	90	90	90	90	0.87	0.3	2.44	0.2	0.13	0.13	0.46	0.46	0.93	2.59	1	2.99	1.18	0.37	1.59	2656	0	3	2.02	2	7	7	39	15	45	0	0	0	0	0	0	0	0	0	0	0	0	1.8	1.3	0	0	80	90	90	90	90	90	90	90	90	90	90	90	90	90	80	90	92	87	90	90	89	89	87	88	86	89	74	88	3.38	1.78	2.37	4.29	3.65	1.8	2.74	2.58	0.48	2.88	0.47	2.08	3.45	1.72	2.37	4.29	3.61	1.78	2.64	2.52	0.46	2.85	0.39	2.03	1200
10031	Fish meal. mixed fish. SEA. 59% CP	1.6	91.8	8.2	59	6.8	0.5	25.3	0.2	0	0	0.7	0	0	0.7	17	3989	3590	3590	3590	3590			3550	3550	3550	3550	3550	3550	3550	3550	3349	13.9	13.9	13.9	13.9			9.5	8.5	8.5	8.5	9.5	8.5	8.5	8.5	3.82	2.01	2.68	4.85	4.13	2.04	3.09	2.91	0.54	3.26	0.53	2.57	2.35	5.44	6.44	5.37	5.46	3.17	4.33	29.33	27.66	0.2	6.48	3.41	4.54	8.22	7	3.45	5.24	4.94	0.92	5.53	0.9	3.98	10.92	9.1	9.25	5.38	7.34	3.44	1.81	2.41	4.36	3.72	1.83	2.78	2.62	0.49	2.93	0.48	2.31	2.11	9.04	5.66	35.73	22.37	0	4.83	0	0.82	0	0	4.83	3.59	3.84	0.9	2.14	1.25	1	0.85	0.21	0.7	11	324.5	18.7	0	144.6	7.29	0.01	0.14	0.5	65	10	3	8.8	0.4	0.14	0	18734	5774	4.17	2	3000	100	11.24	0	150	0	0	79	89	95	90	85	85	80	85	89	89	89	89	85	95	70	85	90	90	90	90	0	30	0	30	72.5	52.5	6.4	3590	0.63	0	0	0	90	90	90	90	90	90	90	90	90	90	90	90	0.87	0.3	2.44	0.2	0.07	0.14	0.47	0.47	0.95	2.64	1.01	3.04	1.13	0.38	1.62	2704	0	3	1	2	7	7	39	15	45	0	0	0	0	0	0	0	0	0	0	0	0	1.8	1.3	0	0	80	90	90	90	90	90	90	90	90	90	90	90	90	90	80	90	92	87	90	90	89	89	87	88	86	89	74	88	3.44	1.81	2.41	4.36	3.72	1.83	2.78	2.62	0.49	2.93	0.48	2.11	3.51	1.75	2.41	4.36	3.68	1.81	2.69	2.56	0.46	2.9	0.39	2.07	1200
10032	Fish meal. mixed fish. SEA. 60% CP	1.6	91.8	8.2	60	6.9	0.5	24.1	0.3	0	0	0.8	0	0	0.8	17	4058	3652	3652	3652	3652			3612	3612	3612	3612	3612	3612	3612	3612	3407	14.1	14.1	14.1	14.1			9.7	8.7	8.7	8.7	9.7	8.7	8.7	8.7	3.88	2.05	2.72	4.93	4.28	2.07	3.15	2.97	0.55	3.31	0.54	2.61	2.39	5.54	6.55	5.46	5.54	3.22	4.37	29.91	28.08	0.2	6.47	3.42	4.53	8.22	7.14	3.45	5.25	4.95	0.92	5.52	0.9	3.99	10.92	9.1	9.23	5.37	7.28	3.49	1.85	2.45	4.44	3.86	1.86	2.84	2.67	0.5	2.98	0.49	2.35	2.15	9.04	5.66	37.51	23.48	0	4.83	0	0.82	0	0	4.83	3.59	3.84	0.9	2.14	1.25	1	0.85	0.21	0.7	11	324.5	18.7	0	144.6	7.29	0.01	0.14	0.5	65	10	3	8.8	0.4	0.14	0	18734	5774	4.17	2	3000	100	11.24	0	150	0	0	79	89	95	90	85	85	80	85	89	89	89	89	85	95	70	85	90	90	90	90	0	30	0	30	72.5	53.4	6.5	3652	0.71	0	0	0	90	90	90	90	90	90	90	90	90	90	90	90	1.11	0.19	1.06	0.21	0.01	0.14	0.48	0.48	0.96	2.68	1.03	3.09	1.08	0.38	1.64	2748	0	3	0.1	2	7	7	39	15	45	0	0	0	0	0	0	0	0	0	0	0	0	1.8	1.3	0	0	80	90	90	90	90	90	90	90	90	90	90	90	90	90	80	90	95	92	94	95	95	95	93	94	92	93	86	93	3.49	1.85	2.45	4.44	3.86	1.86	2.84	2.67	0.5	2.98	0.49	2.15	3.69	1.89	2.56	4.68	4.07	1.97	2.93	2.79	0.51	3.08	0.46	2.23	1200
10033	Fish meal. mixed fish. SEA. 61% CP	1.6	91.8	8.2	61	7	0.5	23.3	0	0	0	0.5	0	0	0.5	17	4113	3702	3702	3702	3702			3661	3702	3702	3702	3661	3702	3702	3702	3453	14.4	14.4	14.4	14.4			9.9	8.8	8.8	8.8	9.9	8.8	8.8	8.8	3.95	2.08	2.77	5.01	4.36	2.1	3.2	3.02	0.55	3.37	0.55	2.65	2.43	5.63	6.66	5.55	5.58	3.27	4.39	30.41	28.44	0.2	6.48	3.41	4.54	8.21	7.14	3.45	5.25	4.95	0.9	5.53	0.9	3.99	10.92	9.1	9.15	5.36	7.2	3.55	1.87	2.49	4.51	3.92	1.89	2.88	2.72	0.5	3.03	0.49	2.39	2.19	5.06	3.66	21.71	15.7	0	2.88	0	0.77	0	0	2.88	2.37	2.53	0.76	1.51	1.25	1	0.85	0.21	0.7	11	324.5	18.7	0	144.6	7.29	0.01	0.14	0.5	65	10	3	8.8	0.4	0.14	0	18734	5774	4.17	2	3000	100	11.24	0	150	0	0	80	89	95	90	85	85	80	85	89	90	89	90	85	95	70	85	90	90	90	90	0	30	0	30	73.4	54.3	6.6	3702	0.43	0	0	0	90	90	90	90	90	90	90	90	90	90	90	90	1.15	0.19	1.06	0.1	0.08	0.14	0.49	0.49	0.98	2.73	1.05	3.15	1.18	0.27	1.67	2796	0	1.5	1.2	2	7	7	39	15	45	0	0	0	0	0	0	0	0	0	0	0	0	1.8	1.3	0	0	80	90	90	90	90	90	90	90	90	90	90	90	90	90	80	90	95	92	94	95	95	95	93	94	92	93	86	93	3.55	1.87	2.49	4.51	3.92	1.89	2.88	2.72	0.5	3.03	0.49	2.19	3.75	1.91	2.6	4.76	4.14	2	2.98	2.84	0.51	3.13	0.47	2.26	1200
10034	Fish meal. mixed fish. SEA. 62% CP	1.6	91.8	8.2	62	7.1	0.5	22	0.2	0	0	0.7	0	0	0.7	18	4187	3769	3769	3769	3769			3727	3769	3769	3769	3727	3769	3769	3769	3515	14.6	14.6	14.6	14.6			10	8.9	8.9	8.9	10	8.9	8.9	8.9	4.01	2.12	2.81	5.09	4.41	2.14	3.25	3.07	0.56	3.42	0.56	2.7	2.47	5.72	6.77	5.64	5.64	3.32	4.21	30.88	28.61	0.2	6.47	3.42	4.53	8.21	7.12	3.45	5.24	4.95	0.9	5.52	0.9	3.99	10.92	9.1	9.1	5.35	6.79	3.61	1.91	2.53	4.58	3.97	1.93	2.93	2.76	0.5	3.08	0.5	2.43	2.23	5.06	3.66	23	16.63	0	2.88	0	0.77	0	0	2.88	2.37	2.53	0.76	1.51	1.25	1	0.85	0.21	0.7	11	324.5	18.7	0	144.6	7.29	0.01	0.14	0.5	65	10	3	8.8	0.4	0.14	0	18734	5774	4.17	2	3000	100	11.24	0	150	0	0	80	89	95	90	85	85	80	85	89	90	89	90	85	95	70	85	90	90	90	90	0	30	0	30	73.4	55.2	6.7	3769	0.59	0	0	0	90	90	90	90	90	90	90	90	90	90	90	90	1.15	0.19	1.06	0.11	0.09	0.14	0.5	0.5	0.99	2.77	1.07	3.2	1.2	0.28	1.7	2840	0	1.5	1.2	2	7	7	39	15	45	0	0	0	0	0	0	0	0	0	0	0	0	1.8	1.3	0	0	80	90	90	90	90	90	90	90	90	90	90	90	90	90	80	90	95	92	94	95	95	95	93	94	92	93	86	93	3.61	1.91	2.53	4.58	3.97	1.93	2.93	2.76	0.5	3.08	0.5	2.23	3.81	1.95	2.64	4.84	4.19	2.03	3.02	2.88	0.52	3.18	0.48	2.3	1200
10035	Fish meal. mixed fish. SEA. 63% CP	1.6	91.8	8.2	63	7.2	0.5	20.7	0.4	0	0	0.9	0	0	0.9	18	4261	3835	3835	3835	3835			3793	3793	3793	3793	3793	3793	3793	3793	3578	14.8	14.8	14.8	14.8			10.2	9.1	9.1	9.1	10.2	9.1	9.1	9.1	4.08	2.15	2.86	5.18	4.48	2.17	3.3	3.12	0.57	3.48	0.57	2.74	2.51	5.81	6.88	5.73	5.71	3.36	4.24	31.4	29.01	0.2	6.48	3.41	4.54	8.22	7.11	3.45	5.24	4.96	0.91	5.52	0.9	3.99	10.92	9.1	9.06	5.34	6.73	3.67	1.94	2.57	4.66	4.03	1.96	2.97	2.81	0.51	3.13	0.51	2.47	2.26	5.06	3.66	24.44	17.68	0	2.88	0	0.77	0	0	2.88	2.37	2.53	0.76	1.51	1.25	1	0.85	0.21	0.7	11	324.5	18.7	0	144.6	7.29	0.01	0.14	0.5	65	10	3	8.8	0.4	0.14	0	18734	5774	4.17	2	3000	100	11.24	0	150	0	0	81	89	95	90	85	85	80	85	89	89	89	89	85	95	70	85	90	90	90	90	0	30	0	30	74.4	56.1	6.9	3835	0.75	0	0	0	90	90	90	90	90	90	90	90	90	90	90	90	1.15	0.19	1.06	0.11	0.09	0.14	0.51	0.51	1.01	2.82	1.08	3.25	1.22	0.28	1.73	2888	0	1.5	1.2	2	7	7	39	15	45	0	0	0	0	0	0	0	0	0	0	0	0	1.8	1.3	0	0	80	90	90	90	90	90	90	90	90	90	90	90	90	90	80	90	95	92	94	95	95	95	93	94	92	93	86	93	3.67	1.94	2.57	4.66	4.03	1.96	2.97	2.81	0.51	3.13	0.51	2.26	3.88	1.98	2.69	4.92	4.26	2.06	3.07	2.94	0.52	3.24	0.49	2.34	1200
10036	Fish meal. mixed fish. SEA. 64% CP	1.6	91.8	8.2	64	7.3	0.5	19.6	0.4	0	0	0.9	0	0	0.9	18	4328	3896	3896	3896	3896			3852	3852	3852	3852	3852	3852	3852	3852	3634	15.1	15.1	15.1	15.1			10.3	9.2	9.2	9.2	10.3	9.2	9.2	9.2	4.14	2.18	2.9	5.26	4.54	2.21	3.36	3.18	0.58	3.54	0.58	2.79	2.56	5.92	6.99	5.83	5.77	3.41	4.36	31.89	29.5	0.2	6.47	3.41	4.53	8.22	7.1	3.45	5.25	4.97	0.91	5.53	0.91	4	10.92	9.1	9.01	5.33	6.82	3.73	1.96	2.61	4.73	4.09	1.99	3.02	2.86	0.52	3.19	0.52	2.51	2.3	5.06	3.66	25.81	18.67	0	2.88	0	0.77	0	0	2.88	2.37	2.53	0.76	1.51	1.25	1	0.85	0.21	0.7	11	324.5	18.7	0	144.6	7.29	0.01	0.14	0.5	65	10	3	8.8	0.4	0.14	0	18734	5774	4.17	2	3000	100	11.24	0	150	0	0	81	89	95	90	85	85	80	85	89	89	89	89	85	95	70	85	90	90	90	90	0	30	0	30	74.4	57	7	3896	0.74	0	0	0	90	90	90	90	90	90	90	90	90	90	90	90	1.19	0.2	1.17	0.11	0.09	0.15	0.51	0.51	1.03	2.86	1.1	3.3	1.24	0.29	1.75	2932	0	1.5	1.2	2	7	7	39	15	45	0	0	0	0	0	0	0	0	0	0	0	0	1.8	1.3	0	0	80	90	90	90	90	90	90	90	90	90	90	90	90	90	80	90	95	92	94	95	95	95	93	94	92	93	86	93	3.73	1.96	2.61	4.73	4.09	1.99	3.02	2.86	0.52	3.19	0.52	2.3	3.93	2.01	2.73	5	4.32	2.1	3.12	2.99	0.53	3.29	0.5	2.38	1200
10037	Fish meal. mixed fish. SEA. 65% CP	1.6	91.8	8.2	65	7.5	0.5	18.5	0.3	0	0	0.8	0	0	0.8	18	4395	3956	3956	3956	3956			3912	3912	3912	3912	3912	3912	3912	3912	3690	15.3	15.3	15.3	15.3			10.5	9.4	9.4	9.4	10.5	9.4	9.4	9.4	4.21	2.22	2.95	5.34	4.6	2.24	3.41	3.24	0.59	3.59	0.6	2.84	2.6	6.01	7.1	5.92	5.81	3.46	4.47	32.38	29.95	0.2	6.48	3.42	4.54	8.22	7.07	3.45	5.25	4.98	0.91	5.52	0.92	4	10.92	9.1	8.94	5.32	6.87	3.79	2	2.65	4.81	4.14	2.02	3.07	2.91	0.53	3.23	0.54	2.56	2.34	5.06	3.66	27.35	19.78	0	2.88	0	0.77	0	0	2.88	2.37	2.53	0.76	1.51	1.25	1	0.85	0.21	0.7	11	324.5	18.7	0	144.6	7.29	0.01	0.14	0.5	65	10	3	8.8	0.4	0.14	0	18734	5774	4.17	2	3000	100	11.24	0	150	0	0	82	89	95	90	85	85	80	85	89	89	89	89	85	95	70	85	90	90	90	90	0	30	0	30	75.3	57.9	7.1	3956	0.72	0	0	0	90	90	90	90	90	90	90	90	90	90	90	90	1.19	0.2	1.13	0.11	0.09	0.15	0.52	0.52	1.04	2.91	1.12	3.35	1.26	0.29	1.78	2980	0	1.5	1.2	2	7	7	39	15	45	0	0	0	0	0	0	0	0	0	0	0	0	1.8	1.3	0	0	80	90	90	90	90	90	90	90	90	90	90	90	90	90	80	90	95	92	94	95	95	95	93	94	92	93	86	93	3.79	2	2.65	4.81	4.14	2.02	3.07	2.91	0.53	3.23	0.54	2.34	4	2.04	2.77	5.07	4.37	2.13	3.17	3.04	0.54	3.34	0.51	2.42	1200
10038	Fish meal. mixed fish. SEA. 66% CP	1.6	91.8	8.2	66	7.6	0.5	17.2	0.5	0	0	1	0	0	1	19	4469	4022	4022	4022	4022			3978	3978	3978	3978	3978	3978	3978	3978	3753	15.5	15.5	15.5	15.5			10.7	9.5	9.5	9.5	10.7	9.5	9.5	9.5	4.27	2.25	2.99	5.42	4.65	2.28	3.46	3.29	0.6	3.65	0.61	2.89	2.64	6.1	7.21	6.01	5.89	3.5	4.54	32.86	30.4	0.2	6.47	3.41	4.53	8.21	7.05	3.45	5.24	4.99	0.91	5.53	0.93	4	10.92	9.1	8.92	5.31	6.88	3.84	2.02	2.69	4.88	4.19	2.05	3.11	2.96	0.54	3.28	0.55	2.6	2.38	5.06	3.66	29.41	21.27	0	2.88	0	0.77	0	0	2.88	2.37	2.53	0.76	1.51	1.25	1	0.85	0.21	0.7	11	324.5	18.7	0	144.6	7.29	0.01	0.14	0.5	65	10	3	8.8	0.4	0.14	0	18734	5774	4.17	2	3000	100	11.24	0	150	0	0	82	89	95	90	85	85	80	85	89	89	89	89	85	95	70	85	90	90	90	90	0	30	0	30	75.3	58.7	7.2	4022	0.88	0	0	0	90	90	90	90	90	90	90	90	90	90	90	90	1.19	0.2	1.13	0.11	0.09	0.15	0.53	0.53	1.06	2.95	1.13	3.4	1.28	0.29	1.81	3024	0	1.5	1.2	2	7	7	39	15	45	0	0	0	0	0	0	0	0	0	0	0	0	1.8	1.3	0	0	80	90	90	90	90	90	90	90	90	90	90	90	90	90	80	90	95	92	94	95	95	95	93	94	92	93	86	93	3.84	2.02	2.69	4.88	4.19	2.05	3.11	2.96	0.54	3.28	0.55	2.38	4.06	2.07	2.81	5.15	4.42	2.16	3.22	3.1	0.55	3.39	0.53	2.46	1200
10039	Fish meal. mixed fish. SEA. 67% CP	1.6	91.8	8.2	67	7.7	0.5	16.4	0.2	0	0	0.7	0	0	0.7	19	4524	4072	4072	4072	4072			4027	4072	4072	4072	4027	4072	4072	4072	3798	15.8	15.8	15.8	15.8			10.8	9.7	9.7	9.7	10.8	9.7	9.7	9.7	4.34	2.29	3.04	5.51	4.69	2.31	3.51	3.35	0.61	3.7	0.64	2.95	2.68	6.19	7.32	6.1	5.96	3.55	4.55	33.35	30.8	0.2	6.48	3.42	4.54	8.22	7	3.45	5.24	5	0.91	5.52	0.95	4	10.92	9.1	8.9	5.3	6.79	3.91	2.06	2.74	4.96	4.22	2.08	3.16	3.02	0.55	3.33	0.57	2.65	2.41	5.06	3.66	30.85	22.31	0	2.88	0	0.77	0	0	2.88	2.37	2.53	0.76	1.51	1.25	1	0.85	0.21	0.7	11	324.5	18.7	0	144.6	7.29	0.01	0.14	0.5	65	10	3	8.8	0.4	0.14	0	18734	5774	4.17	2	3000	100	11.24	0	150	0	0	83	89	95	90	85	85	80	85	89	90	89	90	85	95	70	85	90	90	90	90	0	30	0	30	76.2	59.6	7.3	4072	0.62	0	0	0	90	90	90	90	90	90	90	90	90	90	90	90	1.23	0.21	1.17	0.12	0.09	0.15	0.54	0.54	1.07	2.99	1.15	3.45	1.3	0.3	1.84	3068	0	1.5	1.2	2	7	7	39	15	45	0	0	0	0	0	0	0	0	0	0	0	0	1.8	1.3	0	0	80	90	90	90	90	90	90	90	90	90	90	90	90	90	80	90	95	92	94	95	95	95	93	94	92	93	86	93	3.91	2.06	2.74	4.96	4.22	2.08	3.16	3.02	0.55	3.33	0.57	2.41	4.12	2.11	2.86	5.23	4.46	2.2	3.26	3.15	0.56	3.44	0.55	2.49	1200
10040	Fish meal. tilapia. processing by-product. 42%	1.6	93.6	6.4	42.3	14.5	0.3	29.1	7.4	0	0	7.6	0.9	0	6.8	17	4051	3646	3646	3646	3646			3403	3484	3484	3484	3403	3484	3484	3484	3471	13.4	13.5	13.5	13.4			9.8	9.3	9.3	9.3	9.8	9.3	9.3	9.3	3.02	1.24	2.19	3.09	2.81	0.98	1.87	1.81	0.41	2.31	0.3	1.28	1.42	3.29	5.33	3.85	2.7	1.65	2.67	19.73	17.92	0.21	7.14	2.94	5.18	7.31	6.64	2.32	4.43	4.28	0.96	5.45	0.72	3.35	12.6	9.1	6.39	3.9	6.3	2.72	1.12	1.97	2.78	2.53	0.88	1.69	1.63	0.37	2.07	0.27	1.16	1.28	8.15	4.08	28	14.02	0	2.23	0	1.85	0	0	2.23	2.89	3.02	1.59	2.22	0.37	0.66	0.49	0.15	0.62	18	620	20	2	100	7.19	0.01	0.14	0.2	80	10	3	7	1	0.28	0	18734	5774	5.96	2	4300	100	11.24	0	120	0	0	77	90	90	90	85	85	80	85	84	86	84	86	85	95	70	85	90	90	90	90	0	30	0	30	72.1	38.1	13.1	3646	6.49	0.72	0.68	0.72	90	90	90	90	90	90	90	90	90	90	90	90	0.87	0.3	2.44	1.93	0.13	0.35	0.05	0.6	0.64	5.25	6.17	3.1	0.86	2.54	1.01	5080	0	13.31	0.92	2.42	0.31	4.13	36.15	42.48	21.37	0	0	0	0	0	0	0	0	0	0	0	0	1.8	1.3	0	0	84	90	90	90	90	90	90	90	90	90	90	90	90	90	84	90	92	87	90	90	89	89	87	88	86	89	74	88	2.72	1.12	1.97	2.78	2.53	0.88	1.69	1.63	0.37	2.07	0.27	1.28	2.78	1.08	1.97	2.78	2.5	0.87	1.63	1.59	0.35	2.05	0.22	1.25	1200
10041	Fish meal. catfish. 60% CP	1.6	94.2	5.8	60.6	8.9	0.4	23.4	0.9	0	0	1.3	0	0	0.8	18	4300	3870	3870	3870	3870			3827	3827	3827	3827	3827	3827	3827	3827	3622	15	15	15	15			10.4	9.4	9.4	9.4	10.4	9.4	9.4	9.4	2.42	0.67	1.13	2.08	2.16	0.75	1.19	1.3	0.23	1.51	0.21	0.95	0.87	2.05	4.32	2.84	4.62	1.21	2.73	13.44	16.79	0.4	4	1.1	1.87	3.43	3.57	1.23	1.96	2.15	0.38	2.49	0.34	1.43	7.13	4.68	7.63	2	4.5	2.18	0.6	1.02	1.87	1.95	0.67	1.07	1.17	0.21	1.36	0.19	0.86	0.78	8.01	3.98	34.23	17	0	4.83	0	0.82	0	0	4.83	3.59	3.84	0.9	2.14	0.51	1	0.57	0.16	0.7	1.8	203	17	0	112	7.29	0.01	0.14	0.5	65	10	3	8.8	0.4	0.14	0	18734	5774	4.17	2	3000	100	11.24	0	150	0	0	80	89	95	90	85	85	80	85	89	89	89	89	85	95	70	85	90	90	90	90	0	30	0	30	75.4	53.9	8.5	3870	1.11	0	0	0	90	90	90	90	90	90	90	90	90	90	90	90	1.96	0.72	2.31	1.09	0.08	0.05	0.06	0.31	0.37	3.67	3.01	2.23	0.5	1.28	1.64	2748	0	12.3	0.9	0.6	0.7	3.5	41.2	33.8	25	0	0	0	0	0	0	0	0	0	0	0	0	1.8	1.3	0	0	80	90	90	90	90	90	90	90	90	90	90	90	90	90	80	90	95	92	94	95	95	95	93	94	92	93	86	93	2.18	0.6	1.02	1.87	1.95	0.67	1.07	1.17	0.21	1.36	0.19	0.78	2.3	0.61	1.07	1.97	2.06	0.71	1.1	1.22	0.21	1.4	0.18	0.81	1200
10050	Fish meal. FF Classic. Skagen. Denmark. 65% CP	2	92.4	7.6	65	11.3	0	15.7	0.4	0	0	0.4	0	0	0.4	20	4737	4358	4358	4358	4358			4358	4358	4358	4358	4358	4358	4358	4358	4072	17.1	17.1	17.1	17.1			11.8	10.6	10.6	10.6	11.8	10.6	10.6	10.6	3.84	1.44	2.56	4.56	5.56	2.7	2.47	2.58	0.5	3.06	0.5	3.2	1.88	4.35	8	6.2	4.3	3	4.4	29.27	28.28	0.2	5.91	2.22	3.94	7.02	8.55	4.15	3.8	3.97	0.77	4.71	0.77	2.89	12.31	9.54	6.62	4.62	6.77	4.27	1.6	2.84	5.07	6.18	3	2.74	2.87	0.56	3.4	0.56	3.56	1.69	3.5	2.5	22.29	15.92	0	1.74	0	0.75	0	0	1.74	1.67	1.77	0.69	1.15	1	0.6	0.85	0.05	1.51	0	312.7	14.7	0	80.8	7.24	0.01	0.14	0.3	65	10	3	8	1	0.14	0	18734	5774	4.17	2	3000	100	11.24	0	150	0	0	86	96	80	92	85	85	85	85	92	92	92	92	85	95	70	85	90	90	90	90	0	30	0	30	79.5	62.4	9	4358	0.34	0	0	0	90	90	90	90	90	90	90	90	90	90	90	90	1.15	0.3	2	0.17	0.11	0.03	1.92	2.71	4.63	3.2	2.97	4.97	5.27	0.23	2.71	4520	0	1.5	1	0.3	17	24	28.3	26.3	44	0	0	0	0	0	0	0	0	0	0	0	0	1.8	1.3	0	0	80	90	90	90	90	90	90	90	90	90	90	90	90	90	80	90	95	92	94	95	95	95	93	94	92	93	86	93	3.46	1.3	2.3	4.1	5	2.43	2.22	2.32	0.45	2.75	0.45	1.69	3.65	1.32	2.41	4.33	5.28	2.57	2.3	2.43	0.46	2.85	0.43	1.75	2200
10051	Fish meal. FF LT Supreme. Skagen Denmark. 70% CP	2	90	10	70	10	0	10	0	0	0	0	0	0	0	20	4881	4490	4490	4490	4490			4490	4490	4490	4490	4490	4490	4490	4490	4185	17.5	17.5	17.5	17.5			12	10.7	10.7	10.7	12	10.7	10.7	10.7	4.31	1.86	3.48	5.63	5.95	2.35	3.1	3.23	0.84	4.21	0.74	3.09	2.61	5.71	9.56	6.91	3.92	3.2	4.36	34.96	31.3	0.2	6.16	2.66	4.98	8.04	8.5	3.36	4.42	4.62	1.2	6.02	1.06	3.73	13.66	9.87	5.6	4.57	6.23	4.79	2.07	3.87	6.25	6.61	2.61	3.44	3.59	0.93	4.68	0.82	3.43	2.35	3.16	2.15	31.6	21.5	0	1.4	0	0.75	0	0	1.4	1.47	1.55	0.67	1.05	0.66	0.5	1.17	0.2	1	4.5	298.8	13.5	2.14	95.4	7.24	0.01	7.2	0.3	58.5	10	2.25	6.75	0.9	0.04	0	18734	5774	4.17	2	3000	100	11.24	0	150	0	0	88	95	80	92	85	85	85	85	92	92	92	92	85	95	70	85	90	90	90	90	0	30	0	30	79.2	66.5	8	4490	0	0	0	0	90	90	90	90	90	90	90	90	90	90	90	90	1.15	0.3	2	0.15	0.1	0.03	1.7	2.4	4.1	2.83	2.63	4.4	4.67	0.2	2.4	4000	0	1.5	1	0.3	17	24	28.3	26.3	44	0	0	0	0	0	0	0	0	0	0	0	0	1.8	1.3	0	0	80	90	90	90	90	90	90	90	90	90	90	90	90	90	80	90	94	89	93	94	93	93	92	92	89	92	86	92	3.88	1.68	3.13	5.06	5.35	2.11	2.79	2.91	0.75	3.79	0.67	2.35	4.05	1.66	3.24	5.29	5.53	2.18	2.85	2.97	0.75	3.87	0.64	2.4	2200
10052	Fish meal. FF NSM/Special A. Skagen. Denmark. 70% CP	2	94	6	70	11	0	13	0	0	0	0	0	0	0	21	4974	4576	4576	4576	4576			4576	4576	4576	4576	4576	4576	4576	4576	4271	17.9	17.9	17.9	17.9			12.3	11	11	11	12.3	11	11	11	4.43	1.46	3.38	5.45	5.73	2.21	2.84	3.1	0.8	3.89	0.7	2.91	2.36	5.2	10.51	7.1	4.72	3.2	4.66	33.29	33.24	0.2	6.33	2.08	4.83	7.79	8.18	3.16	4.05	4.43	1.14	5.56	1	3.37	15.01	10.14	6.74	4.57	6.66	4.93	1.62	3.76	6.06	6.36	2.46	3.15	3.44	0.89	4.32	0.78	3.24	2.12	3.3	2.25	25.38	17.3	0	1.5	0	0.74	0	0	1.5	1.52	1.6	0.67	1.07	0.69	0.5	1.22	0.21	1	4.7	312.08	14.1	2.24	99.64	7.24	0.01	7.52	0.3	61.1	10	2.3	7	0.94	0.04	0	18734	5774	4.17	2	3000	100	11.24	0	150	0	0	87	95	80	92	85	85	85	85	92	92	92	92	85	95	70	85	90	90	90	90	0	30	0	30	81.8	66.5	8.8	4576	0	0	0	0	90	90	90	90	90	90	90	90	90	90	90	90	1.15	0.3	2	0.17	0.11	0.03	1.87	2.64	4.51	3.11	2.89	4.84	5.13	0.22	2.64	4400	0	1.5	1	0.3	17	24	28.3	26.3	44	0	0	0	0	0	0	0	0	0	0	0	0	1.8	1.3	0	0	80	90	90	90	90	90	90	90	90	90	90	90	90	90	80	90	94	89	93	94	93	93	92	92	89	92	86	92	3.99	1.31	3.04	4.91	5.15	1.99	2.55	2.79	0.72	3.5	0.63	2.12	4.17	1.3	3.15	5.13	5.33	2.06	2.61	2.85	0.71	3.58	0.6	2.17	2200
10053	Fish meal. Hanstholm Prime. Skagen. Denmark. 72% CP	2	94	6	72	8	0	14	0	0	0	0	0	0	0	20	4806	4470	4470	4470	4470			4470	4470	4470	4470	4470	4470	4470	4470	4156	17.3	17.3	17.3	17.3			11.8	10.4	10.4	10.4	11.8	10.4	10.4	10.4	4.68	2.12	3.35	5.25	5.25	2.05	2.63	2.89	0.71	3.8	0.59	2.64	2.45	5.07	9.59	6.39	4.32	2.93	4.47	32.72	30.73	0.2	6.5	2.95	4.65	7.3	7.3	2.84	3.65	4.01	0.98	5.27	0.82	3.4	13.32	8.87	6	4.07	6.21	5.2	2.36	3.72	5.84	5.84	2.27	2.92	3.21	0.79	4.22	0.66	2.93	2.2	3.31	2.25	23.64	16.07	0	1.5	0	0.74	0	0	1.5	1.52	1.6	0.67	1.07	0.68	0.5	1.22	0.21	1	4.7	312.8	14.1	2.24	99.64	7.24	0.01	7.52	0.3	61.1	10	2.3	7	0.94	0.04	0	18734	5774	4.17	2	3000	100	11.24	0	150	0	0	87	95	80	93	85	85	85	85	93	93	93	93	85	95	70	85	90	90	90	90	0	30	0	30	81.8	68.4	6.4	4470	0	0	0	0	90	90	90	90	90	90	90	90	90	90	90	90	1.15	0.3	2	0.12	0.08	0.02	1.36	1.92	3.28	2.26	2.1	3.52	3.73	0.16	1.92	3200	0	1.5	1	0.3	17	24	28.3	26.3	44	0	0	0	0	0	0	0	0	0	0	0	0	1.8	1.3	0	0	80	90	90	90	90	90	90	90	90	90	90	90	90	90	80	90	94	89	93	94	93	93	92	92	89	92	86	92	4.21	1.91	3.01	4.73	4.73	1.84	2.36	2.6	0.64	3.42	0.53	2.2	4.4	1.89	3.11	4.94	4.89	1.9	2.42	2.66	0.63	3.49	0.51	2.25	2200
10065	Fish meal. Menhaden. FAQ. Omega Proteins. USA. 67% CP	1.6	92	8	67.6	4.5	0	16.5	3.4	0	0	3.4	0	0	3.4	18	4371	3803	3803	3803	3803			3672	3716	3716	3716	3672	3716	3716	3716	3536	14.3	14.3	14.3	14.3			9.6	8.6	8.6	8.6	9.6	8.6	8.6	8.6	5.38	1.48	3.67	5.79	4.59	2.33	2.5	2.85	0.77	3.02	0.61	2.94	2.7	5.2	7.75	5.62	5.26	3.02	5.07	32.37	30.03	0.2	7.96	2.19	5.43	8.56	6.79	3.45	3.7	4.21	1.14	4.47	0.9	4	11.46	8.32	7.78	4.46	7.5	5.85	1.61	4.08	6.16	4.83	2.48	2.72	3.13	0.86	3.36	0.68	3.16	2.49	2.7	2	16.36	12.12	0	1.26	0	0.73	0	0	1.26	1.37	1.44	0.65	0.99	0.5	0.55	0.85	0.22	1	3.6	789	47.8	2	131.5	7.21	0.3	0.14	0.3	65	10	3	8	1	0.14	0	18734	5774	4.17	2	3000	100	11.24	0	150	0	0	80	86	96	87	85	85	85	85	84	85	84	85	85	95	70	85	90	90	90	90	0	30	0	30	73.6	58.1	4.3	3803	2.89	0	0	0	92	92	90	94	95	94	92	91	90	90	90	92	2.5	0.6	2.6	0.41	0.05	0.08	0.63	0.57	1.2	1.42	0.99	1.8	1.38	0.54	1.08	1800	0	9	1	1.8	14	12.6	31.5	22	40	0	0	0	0	0	0	0	0	0	0	0	0	1.8	1.3	0	0	80	90	90	90	90	90	90	90	90	90	90	90	90	90	80	90	94	89	93	94	93	93	92	92	89	92	86	92	4.84	1.33	3.3	5.21	4.13	2.1	2.25	2.56	0.69	2.72	0.55	2.43	5.06	1.32	3.41	5.44	4.27	2.17	2.3	2.62	0.69	2.78	0.52	2.49	810
10068	Fish meal. mixed fish. Myanmar. 53% CP	0.5	91.8	8.2	53	6.1	0.5	30	2.2	0	0	2.7	0	0	2.7	15	3669	3302	3302	3302	3302			3192	3228	3228	3228	3192	3228	3228	3228	3085	12.5	12.5	12.5	12.5			8.6	7.7	7.7	7.7	8.6	7.7	7.7	7.7	3.43	1.81	2.4	4.36	3.77	1.83	2.78	2.17	0.48	2.93	0.5	2.33	2.13	4.91	6.36	4.82	5.39	2.82	3.83	25.96	25.86	0.2	6.47	3.42	4.53	8.23	7.12	3.45	5.25	4.1	0.91	5.53	0.94	4.02	12	9.1	10.17	5.33	7.23	3.09	1.63	2.16	3.92	3.4	1.65	2.5	1.96	0.43	2.64	0.45	2.1	1.92	9.04	5.66	30.13	18.86	0	4.83	0	0.82	0	0	0	0.69	0.7	0.66	0.69	0.8	0.76	0.46	0.21	0.7	0	324.5	18.7	0	144.6	7.29	0.01	0.14	0.5	65	10	3	8.8	0.4	0.14	0	18734	5774	4.17	2	3000	100	11.24	0	150	0	0	77	89	95	90	85	85	85	85	87	88	87	88	85	95	70	85	90	90	90	90	0	30	0	30	70.7	47.2	5.8	3302	2.3	0	0	0	90	90	90	90	90	90	90	90	90	90	90	90	0.87	0.3	2.44	0.09	0.06	0.12	0.43	0.43	0.85	2.09	0.92	3.05	1.02	0.24	1.46	2440	0	1.5	1	2	7	7	34.3	15	50	0	0	0	0	0	0	0	0	0	0	0	0	1	1.3	0	0	80	90	90	90	90	90	90	90	90	90	90	90	90	90	80	90	92	87	90	90	89	89	87	88	86	89	74	88	3.09	1.63	2.16	3.92	3.4	1.65	2.5	1.96	0.43	2.64	0.45	1.92	3.16	1.57	2.16	3.92	3.36	1.63	2.42	1.91	0.41	2.61	0.37	1.87	1010
10069	Fish meal. mixed fish. Myanmar. 62% CP	0.5	91.8	8.2	62	7.1	0.5	22	0.2	0	0	0.7	0	0	0.7	18	4187	3769	3769	3769	3769			3727	3769	3769	3769	3727	3769	3769	3769	3515	14.6	14.6	14.6	14.6			10	8.9	8.9	8.9	10	8.9	8.9	8.9	4.01	2.12	2.81	5.09	4.41	2.14	3.25	3.16	0.56	3.42	0.5	2.64	2.13	5.38	7.44	5.64	5.39	3.3	3.83	30.98	28.24	0.2	6.47	3.42	4.53	8.21	7.12	3.45	5.24	5.1	0.9	5.52	0.81	3.44	12	9.1	8.69	5.33	6.18	3.61	1.91	2.53	4.58	3.97	1.93	2.93	2.85	0.5	3.08	0.45	2.37	1.92	9.04	5.66	41.09	25.72	0	4.83	0	0.82	0	0	0	0.69	0.7	0.66	0.69	0.8	0.76	0.46	0.21	0.7	0	324.5	18.7	0	144.6	7.29	0.01	0.14	0.5	65	10	3	8.8	0.4	0.14	0	18734	5774	4.17	2	3000	100	11.24	0	150	0	0	80	89	95	90	85	85	85	85	89	90	89	90	85	95	70	85	90	90	90	90	0	30	0	30	73.4	55.2	6.7	3769	0.59	0	0	0	90	90	90	90	90	90	90	90	90	90	90	90	1.15	0.19	1.06	0.11	0.07	0.14	0.5	0.5	0.99	2.44	1.07	3.55	1.18	0.28	1.7	2840	0	1.5	1	2	7	7	34.3	15	50	0	0	0	0	0	0	0	0	0	0	0	0	1	1.3	0	0	80	90	90	90	90	90	90	90	90	90	90	90	90	90	80	90	94	89	93	94	93	93	92	92	89	92	86	92	3.61	1.91	2.53	4.58	3.97	1.93	2.93	2.85	0.5	3.08	0.45	1.92	3.77	1.89	2.61	4.78	4.11	1.99	2.99	2.91	0.5	3.15	0.43	1.96	1000
10070	Fish meal. mixed fish. Myanmar. 65% CP	0.5	91.8	8.2	65	7.5	0.5	18.5	0.3	0	0	0.8	0	0	0.8	18	4398	3958	3958	3958	3958			3914	3958	3958	3958	3914	3958	3958	3958	3692	15.3	15.3	15.3	15.3			10.5	9.4	9.4	9.4	10.5	9.4	9.4	9.4	4.21	2.22	2.95	5.34	4.63	2.24	3.41	3.33	0.59	3.59	0.5	2.74	2.13	5.54	7.8	5.92	5.39	3.46	3.83	32.51	29.03	0.2	6.48	3.42	4.54	8.22	7.12	3.45	5.25	5.13	0.91	5.52	0.77	3.28	12	9.1	8.29	5.33	5.89	3.79	2	2.65	4.81	4.17	2.02	3.07	3	0.53	3.23	0.45	2.47	1.92	9.04	5.66	48.86	30.59	0	4.83	0	0.82	0	0	0	0.69	0.7	0.66	0.69	0.8	0.76	0.46	0.21	0.7	0	324.5	18.7	0	144.6	7.29	0.01	0.14	0.5	65	10	3	8.8	0.4	0.14	0	18734	5774	4.17	2	3000	100	11.24	0	150	0	0	82	89	95	90	85	85	85	85	89	90	89	90	85	95	70	85	90	90	90	90	0	30	0	30	75.3	57.9	7.1	3958	0.68	0	0	0	90	90	90	90	90	90	90	90	90	90	90	90	1.19	0.2	1.13	0.11	0.08	0.15	0.53	0.53	1.05	2.57	1.13	3.75	1.25	0.29	1.8	3000	0	1.5	1	2	7	7	34.3	15	50	0	0	0	0	0	0	0	0	0	0	0	0	1	1.3	0	0	80	90	90	90	90	90	90	90	90	90	90	90	90	90	80	90	94	89	93	94	93	93	92	92	89	92	86	92	3.79	2	2.65	4.81	4.17	2.02	3.07	3	0.53	3.23	0.45	1.92	3.96	1.98	2.74	5.02	4.3	2.09	3.14	3.07	0.53	3.3	0.43	1.96	1000
10071	Fish meal. mixed fish. Myanmar. 68% CP	0.5	91.8	8.2	67	7.7	0.5	16.4	0.2	0	0	0.7	0	0	0.7	19	4524	4072	4072	4072	4072			4027	4072	4072	4072	4027	4072	4072	4072	3798	15.8	15.8	15.8	15.8			10.8	9.7	9.7	9.7	10.8	9.7	9.7	9.7	4.34	2.29	3.04	5.51	4.77	2.31	3.51	3.5	0.61	3.7	0.5	2.81	2.13	5.64	8.04	6.1	6.03	3.57	3.83	33.59	30.2	0.2	6.48	3.42	4.54	8.22	7.12	3.45	5.24	5.23	0.91	5.52	0.75	3.18	12	9.1	9	5.33	5.72	3.91	2.06	2.74	4.96	4.29	2.08	3.16	3.15	0.55	3.33	0.45	2.53	1.92	7.89	5.66	48.12	34.51	0	4.83	0	0.82	0	0	0	0.69	0.7	0.66	0.69	0.51	0.56	0.46	0.16	0.7	0	250	18.7	0	144.6	7.29	0.01	0.14	0.5	65	10	3	8.8	0.4	0.14	0	18734	5774	4.17	2	3000	100	11.24	0	150	0	0	83	89	95	90	85	85	85	85	89	90	89	90	85	95	70	85	90	90	90	90	0	30	0	30	76.2	59.6	7.3	4072	0.59	0	0	0	90	90	90	90	90	90	90	90	90	90	90	90	1.23	0.21	1.17	0.12	0.08	0.15	0.54	0.54	1.08	2.64	1.16	3.85	1.28	0.3	1.84	3080	0	1.5	1	2	7	7	34.3	15	50	0	0	0	0	0	0	0	0	0	0	0	0	1	1.3	0	0	80	90	90	90	90	90	90	90	90	90	90	90	90	90	80	90	94	89	93	94	93	93	92	92	89	92	86	92	3.91	2.06	2.74	4.96	4.29	2.08	3.16	3.15	0.55	3.33	0.45	1.92	4.08	2.04	2.83	5.18	4.44	2.15	3.23	3.22	0.54	3.4	0.43	1.96	1000
10072	Fish meal. mixed fish. Pakistan. 58% CP	0.5	91.8	8.2	58	6.6	0.5	26.4	0.3	0	0	0.8	0	0	0.8	16	3920	3528	3528	3528	3528			3489	3489	3489	3489	3489	3489	3489	3489	3291	13.6	13.6	13.6	13.6			9.4	8.4	8.4	8.4	9.4	8.4	8.4	8.4	3.75	1.98	2.63	4.77	4.13	2	3.04	2.49	0.53	3.2	0.5	2.5	2.13	5.17	6.96	5.28	5.39	3.09	3.83	28.52	27.18	0.2	6.47	3.41	4.53	8.22	7.12	3.45	5.24	4.3	0.91	5.52	0.86	3.67	12	9.1	9.29	5.33	6.6	3.38	1.78	2.37	4.29	3.72	1.8	2.74	2.24	0.48	2.88	0.45	2.25	1.92	9.04	5.66	34.24	21.43	0	4.83	0	0.82	0	0	0	0.69	0.7	0.66	0.69	1.25	1	0.46	0.21	0.7	0	324.5	18.7	0	144.6	7.29	0.01	0.14	0.5	65	10	3	8.8	0.4	0.14	0	18734	5774	4.17	2	3000	100	11.24	0	150	0	0	78	89	95	90	85	85	85	85	89	89	89	89	85	95	70	85	90	90	90	90	0	30	0	30	71.6	51.6	6.3	3528	0.68	0	0	0	90	90	90	90	90	90	90	90	90	90	90	90	0.87	0.3	2.44	0.1	0.07	0.13	0.46	0.46	0.92	2.26	0.99	3.3	1.1	0.26	1.58	2640	0	1.5	1	2	7	7	34.3	15	50	0	0	0	0	0	0	0	0	0	0	0	0	1	1.3	0	0	80	90	90	90	90	90	90	90	90	90	90	90	90	90	80	90	92	87	90	90	89	89	87	88	86	89	74	88	3.38	1.78	2.37	4.29	3.72	1.8	2.74	2.24	0.48	2.88	0.45	1.92	3.45	1.72	2.37	4.29	3.68	1.78	2.64	2.19	0.46	2.85	0.37	1.87	1000
10073	Fish meal. mixed fish. Mauritania. 66% CP	0.5	91.8	8.2	66	7.6	0.5	17.2	0.5	0	0	1	0	0	1	19	4472	4025	4025	4025	4025			3980	3980	3980	3980	3980	3980	3980	3980	3755	15.6	15.6	15.6	15.6			10.7	9.5	9.5	9.5	10.7	9.5	9.5	9.5	4.27	2.25	2.99	5.42	4.7	2.28	3.46	3.5	0.6	3.65	0.5	2.78	2.13	5.59	7.92	6.01	5.39	3.52	3.83	33.11	29.29	0.2	6.47	3.41	4.53	8.21	7.12	3.45	5.24	5.3	0.91	5.53	0.76	3.23	12	9.1	8.17	5.33	5.8	3.84	2.02	2.69	4.88	4.23	2.05	3.11	3.15	0.54	3.28	0.45	2.5	1.92	7.74	5.66	45	32.9	0	4.83	0	0.82	0	0	0	0.69	0.7	0.66	0.69	0.9	0.76	0.46	0.21	0.7	0	324.5	18.7	0	144.6	7.29	0.01	0.14	0.5	65	10	3	8.8	0.4	0.14	0	18734	5774	4.17	2	3000	100	11.24	0	150	0	0	82	89	95	90	85	85	85	85	89	89	89	89	85	95	70	85	90	90	90	90	0	30	0	30	75.3	58.7	7.2	4025	0.85	0	0	0	90	90	90	90	90	90	90	90	90	90	90	90	1.19	0.2	1.13	0.11	0.08	0.15	0.53	0.53	1.06	2.28	1.52	3.42	1.27	0.3	1.82	3040	0	1.5	1	2	7	7	30	20	45	0	0	0	0	0	0	0	0	0	0	0	0	1	1.3	0	0	80	90	90	90	90	90	90	90	90	90	90	90	90	90	80	90	94	89	93	94	93	93	92	92	89	92	86	92	3.84	2.02	2.69	4.88	4.23	2.05	3.11	3.15	0.54	3.28	0.45	1.92	4.01	2	2.78	5.09	4.37	2.12	3.18	3.22	0.53	3.36	0.43	1.96	1000
10074	Fish meal. mixed fish. Vietnam. 60% CP	0.5	93.3	6.7	60.1	8.5	1	23.6	0.1	0	0	1.1	0	0	1.1	18	4228	3805	3805	3805	3805			3763	3805	3805	3805	3763	3805	3805	3805	3560	14.8	14.8	14.8	14.8			10.2	9.2	9.2	9.2	10.2	9.2	9.2	9.2	4.01	2.12	2.81	5.09	4.39	2.1	3.25	2.56	0.56	3.42	0.5	2.6	2.13	5.38	7.21	5.47	5.39	3.2	3.83	30.31	27.74	0.2	6.67	3.53	4.67	8.47	7.3	3.5	5.41	4.26	0.93	5.69	0.83	3.54	12	9.1	8.97	5.33	6.37	3.61	1.91	2.53	4.58	3.95	1.89	2.93	2.31	0.5	3.08	0.45	2.34	1.92	6.21	2.91	26.26	12.3	0	2.14	0	0.76	0	0	0	0.64	0.65	0.61	0.64	1.25	1	0.46	0.21	0.7	0	324.5	18.7	0	144.6	7.29	0.01	0.14	0.5	65	10	3	8.8	0.4	0.14	0	18734	5774	4.17	2	3000	100	11.24	0	150	0	0	80	89	95	90	85	85	85	85	89	90	89	90	85	95	70	85	90	90	90	90	0	30	0	30	74.7	53.5	8.1	3805	0.9	0	0	0	90	90	90	90	90	90	90	90	90	90	90	90	1.15	0.3	1.06	0.13	0.09	0.17	0.6	0.6	1.19	2.55	1.36	4.26	1.42	0.33	2.04	3404	0	1.5	1	2	7	7	30	16	50	0	0	0	0	0	0	0	0	0	0	0	0	1	1.3	0	0	80	90	90	90	90	90	90	90	90	90	90	90	90	90	80	90	94	89	93	94	93	93	92	92	89	92	86	92	3.61	1.91	2.53	4.58	3.95	1.89	2.93	2.31	0.5	3.08	0.45	1.92	3.77	1.89	2.61	4.78	4.08	1.96	2.99	2.36	0.5	3.15	0.43	1.96	1000
10075	Fishery processing by-product. NOAA. Seattle. 72% CP	2	92	8	72	7	0	12	1	0	0	1	0	0	1	20	4754	4136	4136	4136	4136			4183	4088	4088	4088	4088	4088	4088	4088	3855	16	16	16	16			10.9	9.7	9.7	9.7	10.9	9.7	9.7	9.7	5.59	1.32	2.93	5.1	4.37	1.97	2.72	3.24	0.46	3.85	0.46	2.43	2.35	5.07	9	6.51	4.87	3.39	4.43	31.55	31.01	0.18	7.76	1.83	4.07	7.08	6.07	2.74	3.78	4.5	0.64	5.34	0.64	3.26	12.49	9.04	6.76	4.71	6.15	5.25	1.12	2.58	4.64	3.98	1.77	2.09	2.79	0.41	3.39	0.44	2.21	2.14	0.95	1.58	7.91	13.16	0	0.84	0	0.73	0	0	0.84	1.12	1.17	0.63	0.87	2.14	0.2	1.18	0.14	0.92	8	123.9	1.8	0.7	103.6	0	0.2	0.14	0.3	65	10	3	8	1	0.14	0	18734	5774	4.17	2	3000	100	11.24	0	150	0	0	82	85	99	87	85	85	85	85	88	86	86	86	85	95	70	85	90	90	90	90	0	30	0	30	75.4	61.2	6.9	4136	0.82	0	0	0	94	85	88	91	91	90	77	86	90	88	95	91	1.1	0.4	1.6	0.11	0.07	0.02	0.55	0.99	1.55	2.1	1.05	3.5	1.8	0.14	1.68	2800	0	1.5	1	0.3	7.9	14.2	30	15	50	0	0	0	0	0	0	0	0	0	0	0	0	1.8	1.3	0	0	80	90	90	90	90	90	90	90	90	90	90	90	90	90	80	90	94	89	93	94	93	93	92	92	89	92	86	92	5.03	1.19	2.64	4.59	3.93	1.77	2.45	2.92	0.41	3.46	0.41	2.11	5.25	1.17	2.72	4.79	4.06	1.83	2.5	2.98	0.41	3.54	0.4	2.16	1010
10076	Deboned fish protein. SeaPro HP. Pacific Bioproducts. 77% CP	1.6	90	10	77	7	1.2	4.8	0	0	0	1.2	0	0	0	21	5045	4541	4541	4541	4541			4490	4339	4339	4339	4238	4188	4188	4188	4202	18.5	18.5	18.5	18.5			12.5	11	11	11	12.5	11	11	11	5.7	1.77	3.7	6.47	6.85	2.23	3.7	3.85	1.23	4.47	1	3.23	3.31	7.01	10.32	7.47	3.47	3.31	4.31	39.96	33.19	0.3	7.4	2.3	4.8	8.4	8.9	2.9	4.8	5	1.6	5.8	1.3	4.3	13.4	9.7	4.5	4.3	5.6	5.13	1.59	3.33	5.82	6.17	2.01	3.33	3.47	1.11	4.02	0.9	2.91	2.98	0.8	0.9	16.7	18.8	0	0.05	0	0.85	0	0	0.05	0.74	0.75	0.68	0.73	0.4	0.2	0.5	0.16	0.9	4	250	5	0	100	0	0	0	0	0	0	0	0	0	0	0	86500	4500	0	0	0	0	0	0	0	0	0	85	96	90	90	85	85	85	85	89	86	84	83	88	87	70	85	90	90	90	90	0	30	0	30	76.5	73.9	6.3	4541	1.02	0	0	0	90	90	90	90	90	90	90	90	90	90	90	90	1.8	0.5	2.4	0.13	0.11	0.11	0.86	0.84	1.7	2.1	1.05	3.5	2.01	0.26	2	3000	0	1.8	1.5	1.5	12.3	12	30	15	50	0	0	0	0	0	0	0	0	0	0	0	0	1.8	1.3	0	0	80	90	90	90	90	90	90	90	90	90	90	90	90	90	80	90	94	89	93	94	93	93	92	92	89	92	86	92	5.13	1.59	3.33	5.82	6.17	2.01	3.33	3.47	1.11	4.02	0.9	2.98	5.36	1.58	3.44	6.08	6.37	2.08	3.4	3.54	1.1	4.11	0.86	3.05	1500
10077	Deboned fish protein. SeaPro 75. Pacific Bioproducts. 75% CP	1.6	90	10	75	7	1.2	5.5	1.3	0	0	2.5	0	0	0	21	4986	4487	4487	4487	4487			4437	4288	4288	4288	4188	4138	4138	4138	4157	18.1	18.1	18.1	18.1			12.2	10.8	10.8	10.8	12.2	10.8	10.8	10.8	5.55	1.73	3.6	6.3	6.68	2.17	3.6	3.75	1.2	4.35	0.98	3.15	3.23	6.83	10.05	7.28	3.38	3.23	4.2	38.93	32.33	0.3	7.4	2.3	4.8	8.4	8.9	2.9	4.8	5	1.6	5.8	1.3	4.3	13.4	9.7	4.5	4.3	5.6	5	1.55	3.24	5.67	6.01	1.96	3.24	3.38	1.08	3.91	0.88	2.84	2.9	0.81	0.92	14.7	16.7	0	0	0	0.92	0	0	0	0.77	0.78	0.74	0.77	0.4	0.2	0.5	0.16	0.9	4	250	5	0	100	0	0	0	0	0	0	0	0	0	0	0	86500	4500	0	0	0	0	0	0	0	0	0	85	96	90	90	85	85	85	85	89	86	84	83	88	87	70	85	90	90	90	90	0	30	0	30	76.5	72	6.3	4487	2.13	0	0	0	90	90	90	90	90	90	90	90	90	90	90	90	1.8	0.5	2.4	0.13	0.11	0.11	0.86	0.84	1.7	2.1	1.05	3.5	2.01	0.26	2	3000	0	1.8	1.5	1.5	12.3	12	30	15	50	0	0	0	0	0	0	0	0	0	0	0	0	1.8	1.3	0	0	80	90	90	90	90	90	90	90	90	90	90	90	90	90	80	90	94	89	93	94	93	93	92	92	89	92	86	92	5	1.55	3.24	5.67	6.01	1.96	3.24	3.38	1.08	3.91	0.88	2.9	5.22	1.54	3.35	5.92	6.21	2.02	3.31	3.45	1.07	4	0.84	2.97	1500
11000	Fish protein concentrate. CPSP. 82% CP	1.6	97	3	82	7	2	6	0	0	0	2	0	0	2	22	5359	5091	5091	5091	5091			5037	5037	5037	5037	5037	5037	5037	5037	4733	19.5	19.5	19.5	19.5			13.2	11.7	11.7	11.7	13.2	11.7	11.7	11.7	4.51	1.8	3.85	6.07	6.31	2.38	3.28	3.44	0.9	4.59	0.82	3.2	3.2	6.48	10.33	7.46	5.25	3.2	5.17	37.13	35.43	0.78	5.5	2.19	4.7	7.4	7.7	2.9	4	4.2	1.1	5.6	1	3.9	12.6	9.1	6.4	3.9	6.31	4.48	1.79	3.82	6.03	6.27	2.36	3.26	3.42	0.89	4.56	0.81	3.18	3.18	0.96	1.8	16	30	0	1.1	0	0.7	0	0	1.1	1.25	1.31	0.62	0.92	0.53	0.5	0.9	0.15	0.48	5.9	1208	81	1.62	127	6.89	0.01	0.2	0.3	150	70	15	7	7	0.28	0	18734	5774	5.96	2	5500	150	11.24	0	88	0	0	92	95	95	95	85	85	80	85	94	94	94	94	85	95	70	85	90	90	90	90	0	30	0	30	89.2	77.9	6.7	5091	1.7	0	0	0	99	99	99	99	99	99	99	99	99	99	99	99	0.87	0.3	2.44	0.16	0.05	0.05	0.66	0.69	1.36	1.75	2.75	1.77	1.57	0.23	1.68	2800	0	2.32	0.78	0.7	9.46	9.92	24.96	39.31	25.34	0	0	0	0	0	0	0	0	0	0	0	0	1.8	1.3	0	0	96	99	99	99	99	99	99	99	99	99	99	99	99	99	96	99	94	89	93	94	93	93	92	92	89	92	86	92	4.46	1.78	3.81	6.01	6.25	2.36	3.25	3.41	0.89	4.54	0.81	3.17	4.24	1.6	3.58	5.71	5.87	2.21	3.02	3.16	0.8	4.22	0.71	2.94	1500
11001	Fish solubles. condensed. 31% CP	0.55	50.1	49.9	31.6	6.2	0.5	9.3	2.5	0	0	3	0	0	3	10	2478	2181	2181	2181	2181			2082	2107	2107	2107	2082	2107	2107	2107	2053	8.1	8.1	8.1	8.1			5.7	5.3	5.3	5.3	5.7	5.3	5.3	5.3	1.51	1.29	1.26	1.61	1.6	0.57	0.79	0.85	0.22	1.1	0.23	0.8	0.41	1.2	5.52	2.71	2.75	1.23	1.99	10.8	14.84	0.75	4.78	4.08	4	5.09	5.06	1.8	2.5	2.69	0.7	3.48	0.73	1.3	17.46	8.57	8.7	3.89	6.29	1.33	1.14	1.11	1.42	1.41	0.5	0.7	0.75	0.19	0.97	0.2	0.7	0.36	0.16	1.23	1.71	13.2	0	0.69	0	0.53	0	0	0	0.45	0.45	0.42	0.45	2.45	2.93	1.18	0.03	0.12	46.6	276	13.2	1.97	43	13.35	0.02	4.4	1.1	268	35.7	21.2	10.6	5.5	0.53	0	18300	5500	4	2	3370	352	11.24	0	88	0	0	81	88	88	88	85	85	80	85	84	85	84	85	85	95	70	85	90	90	90	90	0	30	0	30	40.6	27.8	5.4	2181	2.56	0	0	0	88	88	88	88	88	88	88	88	88	88	88	88	0.87	0.3	2.44	0.14	0.05	0.04	0.58	0.61	1.19	1.54	2.42	1.56	1.38	0.21	1.47	2460	0	2.32	0.78	0.7	9.46	9.92	24.96	39.31	25.34	0	0	0	0	0	0	0	0	0	0	0	0	1.8	1.3	0	0	82	88	88	88	88	88	88	88	88	88	88	88	88	88	82	88	98	95	97	98	96	96	99	96	92	96	83	98	1.33	1.14	1.11	1.42	1.41	0.5	0.7	0.75	0.19	0.97	0.2	0.36	1.48	1.23	1.23	1.58	1.54	0.55	0.78	0.82	0.2	1.06	0.19	0.4	1500
11002	Fish solubles. dehydrated. 64% CP	1.1	93	7	64.2	8.2	1.3	5	14.3	0	0	15.6	0	2	13.6	21	5019	4417	4417	4417	4417			3965	4116	4116	4116	3965	4116	4116	4116	4158	15.2	15.3	15.3	15.3			10.5	9.9	9.9	9.9	10.5	9.9	9.9	9.9	3.53	2.1	3.08	4.17	3.51	1.18	1.53	1.99	1.09	2.1	0.62	1.8	1.61	3.13	8.99	5.84	5.78	2.5	5.14	24.29	30.47	0.75	5.5	3.27	4.8	6.5	5.47	1.84	2.38	3.1	1.7	3.27	0.97	2.5	14	9.1	9	3.89	8	3.11	1.85	2.71	3.67	3.09	1.04	1.35	1.75	0.96	1.85	0.55	1.58	1.41	0.3	1.23	6	24.5	0	0.69	0	0.53	0	0	0.69	0.86	0.9	0.46	0.65	0.4	1	1.18	0.27	0.45	20	948	10	2.7	76	7.19	0.02	0.48	0.93	200	39.5	17.1	13.5	4.7	0.53	0	18734	5774	3.22	2	4700	352	11.24	0	88	0	0	86	88	90	88	85	85	80	85	79	82	79	82	85	95	70	85	90	90	90	90	0	30	0	30	80	56.5	7.4	4417	13.26	0	0	0	88	88	88	88	88	88	88	88	88	88	88	88	0.87	0.3	2.44	0.19	0.06	0.06	0.78	0.81	1.59	2.05	3.22	2.08	1.84	0.28	1.96	3280	0	2.32	0.78	0.7	9.46	9.92	24.96	39.31	25.34	0	0	0	0	0	0	0	0	0	0	0	0	1.8	1.3	0	0	86	88	88	88	88	88	88	88	88	88	88	88	88	88	86	88	98	95	97	98	96	96	99	96	92	96	83	98	3.11	1.85	2.71	3.67	3.09	1.04	1.35	1.75	0.96	1.85	0.55	1.41	3.46	1.99	2.99	4.09	3.37	1.13	1.51	1.91	1	2.02	0.51	1.57	800
11003	Fish solubles. dehydrated. 56% CP	1.1	92.6	7.4	55.9	6.5	3.2	12.6	14.4	0	0	17.6	0	0	17.6	19	4474	3937	3937	3937	3937			3311	3535	3535	3535	3311	3535	3535	3535	3712	12.9	12.9	12.9	12.9			8.8	8.4	8.4	8.4	8.8	8.4	8.4	8.4	2.73	2.12	2.35	3.63	2.8	1.04	1.47	1.78	1.01	1.97	0.59	1.63	1.12	2.59	7.83	5.09	4.86	2.18	3.52	20.9	25.18	0.75	4.88	3.8	4.2	6.5	5	1.86	2.63	3.18	1.81	3.52	1.06	2	14	9.11	8.69	3.9	6.3	2.4	1.87	2.07	3.2	2.46	0.91	1.29	1.57	0.89	1.73	0.52	1.43	0.98	0.36	1.1	2.85	8.73	0	0.38	0	0.71	0	0	0.38	0.82	0.85	0.59	0.71	1.27	2.6	1.18	0.15	0.2	24.2	337	19.1	1.75	50	7.22	0.04	0.39	0.57	255.8	50.4	19.71	13.5	7.39	0.86	0	18734	5774	4.54	2	5525	352	11.24	0	88	0	0	82	88	88	88	85	85	80	85	74	79	74	79	85	95	70	85	90	90	90	90	0	30	0	30	75.9	49.2	5.7	3937	14.96	0	0	0	88	88	88	88	88	88	88	88	88	88	88	88	0.87	0.3	2.44	0.15	0.05	0.05	0.61	0.64	1.26	1.62	2.56	1.65	1.46	0.22	1.56	2600	0	2.32	0.78	0.7	9.46	9.92	24.96	39.31	25.34	0	0	0	0	0	0	0	0	0	0	0	0	1.8	1.3	0	0	82	88	88	88	88	88	88	88	88	88	88	88	88	88	82	88	98	95	97	98	96	96	99	96	92	96	83	98	2.4	1.87	2.07	3.2	2.46	0.91	1.29	1.57	0.89	1.73	0.52	0.98	2.68	2.02	2.28	3.56	2.68	1	1.46	1.71	0.93	1.89	0.49	1.1	800
11004	Fish solubles. dehydrated. 45% CP	1.1	96.6	3.4	44.5	6.4	3.8	11.8	30.1	0	0	33.9	0	0	33.9	19	4484	3901	3901	3901	3901			2735	3139	3139	3139	2735	3139	3139	3139	3721	10.7	10.7	10.7	10.7			7.4	7.7	7.7	7.7	7.4	7.7	7.7	7.7	2.31	1.78	1.6	2	2.14	0.71	1.15	1.46	0.58	1.34	0.49	1.2	0.89	2.04	6.23	3.74	3.87	1.88	3.56	15.08	20.66	0.75	5.2	4	3.6	4.5	4.81	1.6	2.59	3.29	1.3	3	1.1	1.99	14	8.4	8.7	4.23	8	2.04	1.57	1.41	1.76	1.88	0.62	1.01	1.29	0.51	1.17	0.43	1.06	0.78	0.12	1.5	1.01	12.71	0	0.77	0	0.72	0	0	0.77	1.07	1.11	0.61	0.84	1.14	2.4	1.18	0.11	0.2	44.3	573	5.22	2.4	18.1	6.92	0.02	0.48	0.93	200	39.5	17.1	13.5	4.7	0.53	0	18734	5774	3.22	2	4700	352	11.24	0	88	0	0	82	88	90	87	85	85	80	85	61	70	61	70	85	95	70	85	90	90	90	90	0	30	0	30	79.2	39.2	5.8	3901	28.82	0	0	0	88	88	88	88	88	88	88	88	88	88	88	88	0.87	0.3	2.44	0.15	0.05	0.04	0.61	0.63	1.24	1.6	2.52	1.62	1.43	0.21	1.53	2560	0	2.32	0.78	0.7	9.46	9.92	24.96	39.31	25.34	0	0	0	0	0	0	0	0	0	0	0	0	1.8	1.3	0	0	82	88	88	88	88	88	88	88	88	88	88	88	88	88	82	88	98	95	97	98	96	96	99	96	92	96	83	98	2.04	1.57	1.41	1.76	1.88	0.62	1.01	1.29	0.51	1.17	0.43	0.78	2.27	1.69	1.55	1.96	2.05	0.68	1.14	1.41	0.53	1.28	0.41	0.87	800
11005	Fish solubles. dehydrated. 40% CP	1.1	93	7	40	6	5.5	12.5	29	0	0	34.5	0	0	34.5	18	4218	3670	3670	3670	3670			2489	2911	2911	2911	2489	2911	2911	2911	3509	9.7	9.7	9.7	9.7			6.7	7.1	7.1	7.1	6.7	7.1	7.1	7.1	2	1	1.28	1.69	1.92	0.6	0.84	1.4	0.4	1.28	0.45	1.05	0.84	1.68	5	3.64	3.48	1.56	2.52	12.41	17.49	0.75	5	2.5	3.2	4.23	4.8	1.5	2.1	3.5	1	3.2	1.12	2.1	12.5	9.1	8.7	3.9	6.3	1.76	0.88	1.13	1.49	1.69	0.53	0.74	1.23	0.35	1.13	0.39	0.92	0.74	0.36	1.51	2.88	12.1	0	0.78	0	0.72	0	0	0.38	0.83	0.86	0.6	0.72	1.27	2.4	1.18	0.32	0	24.2	337	19.1	0	77	7.19	0.02	0.48	0.93	255	39.5	17.1	13.4	4.7	0.53	0	18734	5774	3.22	0	4700	352	11.24	0	88	0	0	82	88	88	87	85	85	80	85	59	69	59	69	85	95	70	85	90	90	90	90	0	30	0	30	76.3	35.2	5.3	3670	29.33	0	0	0	88	88	88	88	88	88	88	88	88	88	88	88	0.87	0.3	2.44	0.14	0.05	0.04	0.57	0.6	1.16	1.5	2.36	1.52	1.34	0.2	1.44	2400	0	2.32	0.78	0.7	9.46	9.92	24.96	39.31	25.34	0	0	0	0	0	0	0	0	0	0	0	0	1.8	1.3	0	0	82	88	88	88	88	88	88	88	88	88	88	88	88	88	82	88	98	95	97	98	96	96	99	96	92	96	83	98	1.76	0.88	1.13	1.49	1.69	0.53	0.74	1.23	0.35	1.13	0.39	0.74	1.96	0.95	1.24	1.66	1.84	0.58	0.83	1.34	0.37	1.23	0.37	0.82	800
11006	Fish solubles. condensed. Pacific Bioproducts. 22% CP	0.55	33.5	66.5	22	2	0.5	9	0	0	0	0.5	0	0	34.5	6	1448	1275	1275	1275	1275			1260	1680	1680	1680	1260	1680	1680	1680	1186	4.9	4.9	4.9	4.9			3.3	4	4	4	3.3	4	4	4	1.3	0.22	0.33	0.7	1.06	0.33	0.42	0.33	0.02	0.51	0.13	0.46	0.22	0.64	2.2	1.01	2.33	0.86	1.39	5.21	8.14	0.75	5.9	1	1.5	3.2	4.8	1.5	1.9	1.5	0.1	2.3	0.6	1	10	4.6	10.6	3.9	6.3	1.14	0.19	0.29	0.62	0.93	0.29	0.37	0.29	0.02	0.45	0.12	0.41	0.19	0.26	1.09	2.88	12.1	0	0.78	0	0.72	0	0	0.38	0.83	0.86	0.6	0.72	1.27	2.4	1.18	0.32	0	24.2	337	19.1	0	77	7.19	0.02	0.48	0.93	255	39.5	17.1	13.4	4.7	0.53	0	18734	5774	3.22	0	4700	352	11.24	0	88	0	0	78	88	88	88	85	85	80	85	87	116	87	116	85	95	70	85	90	90	90	90	0	30	0	30	26.1	19.4	1.8	1275	0.43	0	0	0	88	88	88	88	88	88	88	88	88	88	88	88	0.87	0.3	2.44	0.05	0.02	0.01	0.19	0.2	0.39	0.5	0.79	0.51	0.45	0.07	1.44	2400	0	2.32	0.78	0.7	9.46	9.92	24.96	39.31	25.34	0	0	0	0	0	0	0	0	0	0	0	0	1.8	1.3	0	0	82	88	88	88	88	88	88	88	88	88	88	88	88	88	82	88	98	95	97	98	96	96	99	96	92	96	83	98	1.14	0.19	0.29	0.62	0.93	0.29	0.37	0.29	0.02	0.45	0.12	0.19	1.27	0.21	0.32	0.69	1.01	0.32	0.41	0.32	0.02	0.49	0.11	0.22	800
11115	Tuna liquid hydrolysate. Actipal OL4/SL5. Diana Aqua	1.5	36	64	21	5	0	10	0	0	0	0	0	0	0	7	1652	1552	1552	1552	1552			1552	1552	1552	1552	1552	1552	1552	1552	1458	6.1	6.1	6.1	6.1			4.3	3.9	3.9	3.9	4.3	3.9	3.9	3.9	1.19	0.88	0.6	1.1	1.18	0.39	0.6	0.74	0.65	0.78	0.15	0.54	0.46	1.06	2.17	1.42	2.02	0.75	1.36	8.12	8.34	2.16	5.67	4.2	2.87	5.26	5.62	1.85	2.85	3.51	3.1	3.72	0.7	2.2	10.35	6.78	9.6	3.58	6.49	1.17	0.87	0.59	1.08	1.16	0.38	0.59	0.72	0.64	0.77	0.14	0.53	0.45	0.07	2.35	0.7	23.5	0	1.6	0	0.75	0	0	1.6	1.59	1.68	0.68	1.11	0.96	1.73	0.6	0.08	0.5	3.34	66.7	18.7	3.87	50	7	0.01	0.14	0.9	200	39.5	17.1	13.5	4.7	0.53	0	18734	5171	3.22	2	4500	352	11.24	0	88	0	0	83	98	85	94	85	85	85	85	94	94	94	94	85	95	70	85	90	90	90	90	0	30	0	30	29.9	20.6	4.3	1552	0	0	0	0	98	98	98	98	98	98	98	98	98	98	98	98	36.4	12.7	18.1	0.12	0.04	0.04	0.47	0.5	0.97	1.25	1.97	1.27	1.12	0.17	1.2	2000	0	2.32	0.78	0.7	9.46	9.92	24.96	39.31	25.34	0	0	0	0	0	0	0	0	0	0	0	0	0	0	0	0	80	85	85	85	85	85	85	85	85	85	85	85	85	85	80	85	85	85	85	85	85	85	85	85	85	85	85	85	1.01	0.75	0.51	0.94	1	0.33	0.51	0.63	0.55	0.66	0.12	0.39	1.01	0.75	0.51	0.94	1	0.33	0.51	0.63	0.55	0.66	0.12	0.39	800
11116	Tuna liquid hydrolysate w tuna oil. Actipal EM1. Diana Aqua	1.5	48	52	18	22	0	5.5	2.6	0	0	2.6	0	1	1.6	13	3169	2821	2821	2821	2821			2789	2789	2789	2789	2789	2789	2789	2789	2740	11.2	11.2	11.2	11.2			8.9	8.6	8.6	8.6	8.9	8.6	8.6	8.6	0.93	0.66	0.46	0.84	0.9	0.32	0.46	0.6	0.65	0.6	0.12	0.44	0.35	0.81	1.66	1.06	1.46	0.58	0.99	6.42	6.22	0	5.17	3.67	2.56	4.67	5	1.78	2.56	3.33	3.61	3.33	0.67	1.94	9.22	5.89	8.11	3.22	5.5	0.91	0.65	0.45	0.82	0.88	0.31	0.45	0.59	0.64	0.59	0.12	0.43	0.34	0.05	1.5	0.91	27.52	0	0.77	0	0.72	0	0	0.77	1.07	1.11	0.61	0.84	0.7	1.8	0.6	0.08	0.5	3.3	66.7	18.7	3.87	50	7	0.01	0.14	0.9	200	39.5	17.1	13.5	4.7	0.53	0	18734	5171	3.22	2	4500	352	11.24	0	88	0	0	86	98	85	89	85	85	85	85	88	88	88	88	85	95	70	85	90	90	90	90	0	30	0	30	41.3	17.6	18.7	2821	2.17	0	0	0	98	98	98	98	98	98	98	98	98	98	98	98	0.87	0.3	2.44	0.51	0.17	0.15	2.08	2.18	4.26	5.49	8.65	5.57	4.93	0.74	5.28	8800	0	2.32	0.78	0.7	9.46	9.92	24.96	39.31	25.34	0	0	0	0	0	0	0	0	0	0	0	0	0	0	0	0	80	85	85	85	85	85	85	85	85	85	85	85	85	85	80	85	85	85	85	85	85	85	85	85	85	85	85	85	0.79	0.56	0.39	0.71	0.77	0.27	0.39	0.51	0.55	0.51	0.1	0.3	0.79	0.56	0.39	0.71	0.77	0.27	0.39	0.51	0.55	0.51	0.1	0.3	800
11117	Tuna and squid liquid hydrolysate. Actipal HL3. Diana Aqua	1.5	42	58	23	7.4	0	6.6	5	0	0	5	0	2	3	9	2189	2036	2036	2036	2036			1927	1970	1970	1970	1927	1970	1970	1970	1933	7.4	7.5	7.5	7.5			5.4	5.1	5.1	5.1	5.4	5.1	5.1	5.1	1.2	0.79	0.69	1.19	1.24	0.46	0.68	0.8	0.65	0.86	0.16	0.62	0.51	1.19	2.32	1.54	1.94	0.8	1.38	8.56	8.65	0	5.22	3.44	3	5.17	5.39	2	2.96	3.48	2.83	3.74	0.7	2.22	10.09	6.7	8.44	3.48	6	1.18	0.77	0.68	1.17	1.22	0.45	0.67	0.78	0.64	0.84	0.16	0.61	0.5	0.07	1.84	1.05	27.79	0	1.1	0	0.73	0	0	1.1	1.27	1.34	0.64	0.94	1.03	1.52	0.6	0.08	0.5	3.3	66.7	18.7	3.87	50	7	0.01	0.14	0.9	200	39.5	17.1	13.5	4.7	0.53	0	18734	5171	3.22	2	4500	352	11.24	0	88	0	0	87	98	85	93	85	85	85	85	88	90	88	90	85	95	70	85	90	90	90	90	0	30	0	30	36.5	22.5	6.3	2036	4.23	0	0	0	98	98	98	98	98	98	98	98	98	98	98	98	0.87	0.3	2.44	0.17	0.06	0.05	0.7	0.73	1.43	1.85	2.91	1.88	1.66	0.25	1.77	2960	0	2.32	0.78	0.7	9.46	9.92	24.96	39.31	25.34	0	0	0	0	0	0	0	0	0	0	0	0	0	0	0	0	80	85	85	85	85	85	85	85	85	85	85	85	85	85	80	85	85	85	85	85	85	85	85	85	85	85	85	85	1.02	0.67	0.59	1.01	1.05	0.39	0.58	0.68	0.55	0.73	0.14	0.43	1.02	0.67	0.59	1.01	1.05	0.39	0.58	0.68	0.55	0.73	0.14	0.43	800
11118	Fish hydrolysate. Actipal ML 4	1.5	44	56	20	5	0	10	9	0	0	9	0	0	9	8	1960	1803	1803	1803	1803			1509	1607	1607	1607	1509	1607	1607	1607	1713	5.9	5.9	5.9	5.9			4.2	4.1	4.1	4.1	4.2	4.1	4.1	4.1	1.14	0.85	0.59	1.09	1.16	0.4	0.59	0.72	0.15	0.77	0.14	0.54	0.47	1.06	2.12	1.37	1.91	0.74	1.34	7.46	8.09	0.67	5.72	4.26	2.94	5.45	5.8	2	2.93	3.6	0.75	3.86	0.72	2.37	10.6	6.83	9.55	3.7	6.7	1.12	0.84	0.58	1.07	1.14	0.39	0.57	0.71	0.15	0.76	0.14	0.53	0.46	0.07	2.35	0.7	23.5	0	1.6	0	0.75	0	0	0	0.63	0.64	0.6	0.63	0.96	1.73	0.6	0.08	0.5	3.34	66.7	18.7	3.87	50	7	0.01	0.14	0.9	200	39.5	17.1	13.5	4.7	0.53	0	18734	5171	3.22	2	4500	352	11.24	0	88	0	0	83	98	85	92	85	85	85	85	77	82	77	82	85	95	70	85	90	90	90	90	0	30	0	30	36.5	19.6	4.3	1803	7.65	0	0	0	98	98	98	98	98	98	98	98	98	98	98	98	0.87	0.3	2.44	0.12	0.04	0.04	0.47	0.5	0.97	1.25	1.97	1.27	1.12	0.17	1.2	2000	0	2.32	0.78	0.7	9.46	9.92	24.96	39.31	25.34	0	0	0	0	0	0	0	0	0	0	0	0	0	0	0	0	80	85	85	85	85	85	85	85	85	85	85	85	85	85	80	85	85	85	85	85	85	85	85	85	85	85	85	85	0.97	0.72	0.5	0.93	0.99	0.34	0.5	0.61	0.13	0.66	0.12	0.4	0.97	0.72	0.5	0.93	0.99	0.34	0.5	0.61	0.13	0.66	0.12	0.4	800
11125	Salmon protein hydrolysate. H-Pro. Hordafor. Denmark	5	47.8	52.2	34.6	6.5	0	5	1.7	0	0	1.7	0	0	1.7	11	2627	2495	2495	2495	2495			2417	2443	2443	2443	2417	2443	2443	2443	2340	9.5	9.5	9.5	9.5			6.6	6	6	6	6.6	6	6	6	1.66	0.78	1.3	2.25	2.27	0.88	1.28	1.41	0.6	1.59	0.35	1.23	0.35	1.63	4.26	2.77	3.11	0.7	1	14.02	12.53	0	4.8	2.25	3.76	6.5	6.56	2.54	3.7	4.08	1.73	4.6	1	1.01	12.3	8	9	2.02	2.89	1.49	0.7	1.17	2.03	2.04	0.79	1.15	1.27	0.54	1.43	0.31	1.1	0.32	0.07	1.1	1.4	22	0	0.38	0	0.72	0	0	0.38	0.83	0.86	0.6	0.72	1	1.5	0	0	0	0	312.7	14.7	0	80	7	0.01	0.14	0.3	65	10	3	8	1	0.14	0	18734	5774	4.17	2	3000	100	11.24	0	150	0	0	91	98	85	95	85	85	85	85	92	93	92	93	85	95	70	85	90	90	90	90	0	30	0	30	43.5	33.9	5.5	2495	1.45	0	0	0	90	90	90	90	90	90	90	90	90	90	90	90	3	0.9	2.6	0.1	0.07	0.02	0.61	0.64	1.26	1.95	0.98	3.25	1.47	0.13	1.56	2600	0	1.5	1	0.3	9.46	9.92	30	15	50	0	0	0	0	0	0	0	0	0	0	0	0	1	1.3	0	0	80	90	90	90	90	90	90	90	90	90	90	90	90	90	80	90	90	90	90	90	90	90	90	90	90	90	90	90	1.49	0.7	1.17	2.03	2.04	0.79	1.15	1.27	0.54	1.43	0.31	0.32	1.49	0.7	1.17	2.03	2.04	0.79	1.15	1.27	0.54	1.43	0.31	0.32	800
11126	Hydrolized Fish Protein Concentrate. paste	1.5	47.8	52.2	21.5	6.5	0	5	14.8	0	0	14.8	0	0	14.9	10	2419	2225	2225	2225	2225			1693	1887	1887	1887	1693	1887	1887	1887	2129	6.7	6.7	6.7	6.7			4.8	4.9	4.9	4.9	4.8	4.9	4.9	4.9	1.07	0.58	1.07	0.97	1.12	0.76	0.96	1.16	0.18	1.07	0.19	0.95	0.64	1.6	3	2.44	2.37	1.37	1.73	8.94	11.74	0	5	2.72	5	4.5	5.2	3.54	4.47	5.39	0.86	5	0.9	3	14	11.38	11.03	6.38	8.07	1.05	0.57	1.05	0.95	1.09	0.74	0.94	1.13	0.18	1.05	0.19	0.93	0.63	0.05	0.81	1.02	16.17	0	0	0	0.8	0	0	0	0.67	0.68	0.64	0.67	0.9	0.6	0.85	0.05	1.51	0	312.7	14.7	0	80.8	7.6	0.01	0.14	0.3	65	10	3	8	1	0.14	0	18734	5774	4.17	2	3000	100	11.24	0	150	0	0	87	98	85	92	85	85	85	85	70	78	70	78	85	95	70	85	90	90	90	90	0	30	0	30	41.6	21	5.5	2225	12.62	0	0	0	98	98	98	98	98	98	98	98	98	98	98	98	1.4	0.4	1.6	0.1	0.07	0.02	0.61	0.64	1.26	1.95	0.98	3.25	1.47	0.13	1.56	2600	0	1.5	1	0.3	9.46	9.92	30	15	50	0	0	0	0	0	0	0	0	0	0	0	0	1	1.3	0	0	80	90	90	90	90	90	90	90	90	90	90	90	90	90	80	90	90	90	90	90	90	90	90	90	90	90	90	90	0.97	0.53	0.97	0.87	1	0.68	0.86	1.04	0.17	0.97	0.17	0.58	0.97	0.53	0.97	0.87	1	0.68	0.86	1.04	0.17	0.97	0.17	0.58	800
11127	Hydrolized Fish Protein Concentrate. dried	1.5	88	12	69.8	5.6	0	6.8	5.8	0	0	5.8	0	0	5.8	20	4694	4506	4506	4506	4506			4319	4365	4365	4365	4319	4365	4365	4365	4192	16.7	16.7	16.7	16.7			11.2	10	10	10	11.2	10	10	10	3.49	1.9	3.94	3.14	3.63	2.47	3.12	3.76	0.6	3.49	0.63	3.1	2.02	5.14	9.77	7.94	7.7	4.45	5.63	29.54	38.14	0	5	2.72	5.65	4.5	5.2	3.54	4.47	5.39	0.86	5	0.9	2.9	14	11.38	11.03	6.38	8.07	3.42	1.86	3.87	3.08	3.56	2.42	3.06	3.69	0.59	3.42	0.62	3.04	1.99	0.07	1.1	1.02	16.17	0	0.38	0	0.71	0	0	0.38	0.82	0.85	0.59	0.71	1	0.6	1.18	0.05	1.51	0	312.7	14.7	0	80.8	7.6	0.01	0.14	0.3	65	10	3	8	1	0.14	0	18734	5774	4.17	2	3000	100	11.24	0	150	0	0	93	98	85	96	85	85	85	85	92	93	92	93	85	95	70	85	90	90	90	90	0	30	0	30	81.8	68.4	4.8	4506	4.94	0	0	0	98	98	98	98	98	98	98	98	98	98	98	98	1.4	0.4	1.6	0.08	0.06	0.02	0.53	0.55	1.08	1.68	0.84	2.8	1.27	0.11	1.34	2236	0	1.5	1	0.3	9.46	9.92	30	15	50	0	0	0	0	0	0	0	0	0	0	0	0	1	1.3	0	0	80	90	90	90	90	90	90	90	90	90	90	90	90	90	80	90	90	90	90	90	90	90	90	90	90	90	90	90	3.14	1.71	3.55	2.83	3.27	2.22	2.81	3.38	0.54	3.14	0.57	1.82	3.14	1.71	3.55	2.83	3.27	2.22	2.81	3.38	0.54	3.14	0.57	1.82	800
11130	Fish protein extract MF 1 enzymatic hydrolysis. 20% CP	1.5	35	65	20	5	0	5	5	0	0	5	0	0	5	8	1797	1672	1672	1672	1672			1510	1564	1564	1564	1510	1564	1564	1564	1582	5.9	5.9	5.9	5.9			4.2	4	4	4	4.2	4	4	4	0.22	0.16	0.16	0.28	0.27	0.1	0.17	0.15	0.03	0.25	0.08	0.18	0.13	0.3	0.55	0.34	0.26	0.15	0.28	1.79	1.8	0	1.11	0.8	0.8	1.4	1.34	0.5	0.84	0.76	0.16	1.23	0.38	0.67	2.77	1.7	1.32	0.76	1.42	0.22	0.16	0.16	0.27	0.26	0.1	0.16	0.15	0.03	0.24	0.07	0.17	0.13	0.2	0.3	4	6	0	0.1	0	0.2	0	0	0	0.17	0.17	0.16	0.17	0.3	0.4	0.4	0.1	4.5	0	300	14.7	0	50	7	0.01	0.14	0.3	150	10	3	8	1	0.14	0	18734	5774	4.17	2	3000	100	11.24	0	150	0	0	87	98	85	93	85	85	85	85	84	87	84	87	85	95	70	85	90	90	90	90	0	30	0	30	30.5	19.6	4.3	1672	4.25	0	0	0	98	98	98	98	98	98	98	98	98	98	98	98	1.4	0.4	1.6	0.08	0.05	0.02	0.35	0.23	0.57	1.5	0.75	2	0.69	0.1	1.4	3400	0	1.5	1	0.3	7	4.5	30	15	40	0	0	0	0	0	0	0	0	0	0	0	0	1	1.3	0	0	80	90	90	90	90	90	90	90	90	90	90	90	90	90	80	90	90	90	90	90	90	90	90	90	90	90	90	90	0.2	0.14	0.14	0.25	0.24	0.09	0.15	0.14	0.03	0.22	0.07	0.12	0.2	0.14	0.14	0.25	0.24	0.09	0.15	0.14	0.03	0.22	0.07	0.12	800
11128	Fish protein extract MF 2 enzymatic hydrolysis. 25% CP	1.5	35	65	25	5	0	5	0	0	0	0	0	0	5	8	1876	1782	1782	1782	1782			1782	1839	1839	1839	1782	1839	1839	1839	1670	7	7	7	7			4.9	4.5	4.5	4.5	4.9	4.5	4.5	4.5	0.36	0.22	0.22	0.44	0.42	0.18	0.17	0.23	0.04	0.35	0.13	0.3	0.18	0.35	0.85	0.53	0.44	0.25	0.42	2.6	2.78	0	1.42	0.87	0.88	1.74	1.69	0.7	0.66	0.91	0.15	1.38	0.51	0.72	3.39	2.1	1.77	0.98	1.66	0.35	0.21	0.22	0.43	0.41	0.17	0.16	0.22	0.04	0.34	0.13	0.3	0.18	0.2	0.3	4	6	0	0.1	0	0.2	0	0	0	0.17	0.17	0.16	0.17	0.5	0.4	0.5	0.04	1.3	0	300	14.7	0	50	7	0.01	0.14	0.3	150	10	3	8	1	0.14	0	18734	5774	4.17	2	3000	100	11.24	0	150	0	0	89	98	85	95	85	85	85	85	95	98	95	98	85	95	70	85	90	90	90	90	0	30	0	30	31.2	24.5	4.3	1782	0	0	0	0	98	98	98	98	98	98	98	98	98	98	98	98	1.4	0.4	1.6	0.08	0.05	0.02	0.7	0.45	1.15	1.5	0.75	2.5	1.33	0.1	1.34	2236	0	1.5	1	0.3	14	9	30	15	50	0	0	0	0	0	0	0	0	0	0	0	0	1	1.3	0	0	80	90	90	90	90	90	90	90	90	90	90	90	90	90	80	90	90	90	90	90	90	90	90	90	90	90	90	90	0.32	0.2	0.2	0.39	0.38	0.16	0.15	0.2	0.03	0.31	0.11	0.16	0.32	0.2	0.2	0.39	0.38	0.16	0.15	0.2	0.03	0.31	0.11	0.16	800
11129	Fish protein extract MF 3 enzymatic hydrolysis. 20% CP	1.5	30	70	20	7	0	3	0	0	0	0	0	0	5	7	1781	1656	1656	1656	1656			1656	1727	1727	1727	1656	1727	1727	1727	1566	6.6	6.6	6.6	6.6			4.8	4.5	4.5	4.5	4.8	4.5	4.5	4.5	0.23	0.14	0.14	0.28	0.27	0.11	0.11	0.15	0.02	0.22	0.08	0.19	0.11	0.22	0.54	0.34	0.28	0.16	0.27	1.66	1.78	0	1.13	0.69	0.71	1.39	1.35	0.56	0.53	0.73	0.12	1.1	0.41	0.57	2.71	1.68	1.42	0.78	1.33	0.22	0.14	0.14	0.27	0.26	0.11	0.1	0.14	0.02	0.22	0.08	0.19	0.11	0.2	0.5	6.6	16.5	0	0.15	0	0.35	0	0	0	0.29	0.3	0.28	0.29	0.5	0.4	0.5	0.04	1.3	0	300	14.7	0	50	7	0.01	0.14	0.3	150	10	3	8	1	0.14	0	18734	5774	4.17	2	3000	100	11.24	0	150	0	0	90	98	85	93	85	85	85	85	93	97	93	97	85	95	70	85	90	90	90	90	0	30	0	30	27	19.6	6	1656	0	0	0	0	98	98	98	98	98	98	98	98	98	98	98	98	1.4	0.4	1.6	0.11	0.07	0.02	0.98	0.63	1.61	2.1	1.05	3.5	1.87	0.14	1.34	2236	0	1.5	1	0.3	14	9	30	15	50	0	0	0	0	0	0	0	0	0	0	0	0	1	1.3	0	0	80	90	90	90	90	90	90	90	90	90	90	90	90	90	80	90	90	90	90	90	90	90	90	90	90	90	90	90	0.2	0.12	0.13	0.25	0.24	0.1	0.1	0.13	0.02	0.2	0.07	0.1	0.2	0.12	0.13	0.25	0.24	0.1	0.1	0.13	0.02	0.2	0.07	0.1	800
11135	Fish protein hydrolysate. Denofa. Norway	5	88	12	69.8	5.6	0	6.8	5.8	0	0	5.8	0	0	5.8	20	4694	4506	4506	4506	4506			4319	4365	4365	4365	4319	4365	4365	4365	4192	16.7	16.7	16.7	16.7			11.2	10	10	10	11.2	10	10	10	4.36	1.47	2.7	4.59	5.05	1.91	2.41	2.9	0.6	3.17	0.77	2.68	1.99	4.4	8.83	6.14	5.95	3.44	4.36	29.16	31.47	0	6.24	2.1	3.87	6.58	7.24	2.73	3.45	4.16	0.86	4.54	1.1	2.85	12.65	8.79	8.53	4.93	6.24	4.27	1.44	2.65	4.51	4.96	1.87	2.36	2.85	0.59	3.11	0.76	2.62	1.95	0.07	1.1	1.02	16.17	0	0.38	0	0.71	0	0	0.38	0.82	0.85	0.59	0.71	1	0.6	1.18	0.05	1.51	0	312.7	14.7	0	80.8	7.6	0.01	0.14	0.3	65	10	3	8	1	0.14	0	18734	5774	4.17	2	3000	100	11.24	0	150	0	0	93	98	85	96	85	85	85	85	92	93	92	93	85	95	70	85	90	90	90	90	0	30	0	30	81.8	68.4	4.8	4506	4.94	0	0	0	98	98	98	98	98	98	98	98	98	98	98	98	1.4	0.4	1.6	0.08	0.06	0.02	0.53	0.55	1.08	1.68	0.84	2.8	1.27	0.11	1.34	2236	0	1.5	1	0.3	9.46	9.92	30	15	50	0	0	0	0	0	0	0	0	0	0	0	0	1	1.3	0	0	80	90	90	90	90	90	90	90	90	90	90	90	90	90	80	90	90	90	90	90	90	90	90	90	90	90	90	90	3.92	1.32	2.43	4.13	4.55	1.71	2.17	2.61	0.54	2.85	0.69	1.79	3.92	1.32	2.43	4.13	4.55	1.71	2.17	2.61	0.54	2.85	0.69	1.79	800
12000	Fish silage. farmed salmon. process waste. wet	1.5	45	55	30	5	0.5	5	4.5	0	0	5	0	0	5	10	2361	2078	2078	2078	2078			1889	1960	1960	1960	1889	1960	1960	1960	1957	7.4	7.4	7.4	7.4			5.2	4.8	4.8	4.8	5.2	4.8	4.8	4.8	2.28	0.81	1.26	2.04	2.13	0.81	1.02	1.38	0.09	1.47	0.24	1.05	0.93	1.95	4.35	2.97	2.73	1.65	2.43	13.29	15.3	0.1	7.6	2.7	4.2	6.8	7.1	2.7	3.4	4.6	0.3	4.9	0.8	3.1	14.5	9.9	9.1	5.5	8.1	2.01	0.71	1.11	1.8	1.87	0.71	0.9	1.21	0.08	1.29	0.21	0.92	0.82	0.1	1.25	2	25	0	0.44	0	0.8	0	0	0	0.67	0.68	0.64	0.67	0.7	0.6	0.6	0.17	0.45	6	200	13	1.7	60	14.86	0.01	0.14	0.2	150	35	3	7	1	0.28	0	18734	3235	5.96	2	2000	200	11.24	0	125	0	0	83	88	88	88	85	85	80	85	80	83	80	83	85	95	70	85	90	90	90	90	0	30	0	30	37.4	26.4	4.4	2078	4.25	0	0	0	88	88	88	88	88	88	88	88	88	88	88	88	0.87	0.3	2.44	0.12	0.04	0.04	0.47	0.5	0.97	1.25	1.97	1.27	1.12	0.17	1.2	2000	0	2.32	0.78	0.7	9.46	9.92	24.96	39.31	25.34	0	0	0	0	0	0	0	0	0	0	0	0	1	1.3	0	0	85	88	88	88	88	88	88	88	88	88	88	88	88	88	85	88	88	88	88	88	88	88	88	88	88	88	88	88	2.01	0.71	1.11	1.8	1.87	0.71	0.9	1.21	0.08	1.29	0.21	0.82	2.01	0.71	1.11	1.8	1.87	0.71	0.9	1.21	0.08	1.29	0.21	0.82	800
12001	Fish silage. dogfish	1.5	35	65	15.1	17	0.4	2.5	0	0	0	0.4	0	0	0.6	10	2452	2158	2158	2158	2158			2133	2158	2158	2158	2133	2158	2158	2158	2097	8.7	8.7	8.7	8.7			7	6.7	6.7	6.7	7	6.7	6.7	6.7	1.28	0.39	0.85	1.06	1.21	0.47	0.66	0.68	0.05	0.88	0.15	0.62	0.51	1.17	2.04	1.36	1.27	0.59	1.27	7.53	7.19	0.05	8.48	2.58	5.63	7	8	3.11	4.37	4.5	0.33	5.83	0.99	3.38	13.5	9	8.41	3.91	8.41	1.13	0.34	0.75	0.93	1.06	0.41	0.58	0.6	0.04	0.77	0.13	0.55	0.45	0.1	0.48	4	19	0	0.18	0	0.29	0	0	0	0.24	0.25	0.23	0.24	0.4	0.35	0.4	0.18	0.48	5.9	181	12.4	1.62	90	19.11	0.01	0.14	0.2	100	15	4	7	1	0.28	0	18734	5774	5.96	2	1500	200	11.24	0	125	0	0	85	88	88	88	85	85	80	85	87	88	87	88	85	95	70	85	90	90	90	90	0	30	0	30	29.8	13.3	15	2158	0.34	0	0	0	88	88	88	88	88	88	88	88	88	88	88	88	0.87	0.3	2.44	0.39	0.13	0.12	1.61	1.69	3.29	4.24	6.68	4.31	3.81	0.57	4.22	7040	0	2.32	0.78	0.7	9.46	9.92	24.96	39.31	25.34	0	0	0	0	0	0	0	0	0	0	0	0	1	1.3	0	0	86	88	88	88	88	88	88	88	88	88	88	88	88	88	86	88	88	88	88	88	88	88	88	88	88	88	88	88	1.13	0.34	0.75	0.93	1.06	0.41	0.58	0.6	0.04	0.77	0.13	0.45	1.13	0.34	0.75	0.93	1.06	0.41	0.58	0.6	0.04	0.77	0.13	0.45	800
12002	Fish silage. salmon. dried hydrolyzate. spray-dried	1.5	92	8	60	15	0.2	6.5	10.3	0	0	10.5	0	0	10.5	22	5210	4585	4585	4585	4585			4220	4325	4325	4325	4220	4325	4325	4325	4343	16.6	16.6	16.6	16.6			11.9	11.1	11.1	11.1	11.9	11.1	11.1	11.1	4.37	1.64	3.07	4.86	5.84	2.06	2.62	2.73	0.64	3.48	0.52	2.58	2.51	5.13	7.2	4.2	4.8	0.6	1.3	31.31	21.13	0.19	7.28	2.73	5.12	8.1	9.73	3.43	4.37	4.55	1.07	5.8	0.87	4.18	12	7	8	1	2.17	3.85	1.44	2.7	4.28	5.14	1.81	2.31	2.4	0.56	3.06	0.46	2.27	2.21	0.52	1.04	8	16	0	0.74	0	0.3	0	0	1.06	0.89	0.94	0.29	0.57	0.66	0.7	0.6	0.16	0.5	6	190	14	1.7	80	7.27	0.01	0.14	0.2	150	30	3	7	1	0.28	0	18734	5774	5.96	2	3000	300	11.24	0	125	0	0	85	88	88	88	85	85	80	85	81	83	81	83	85	95	70	85	90	90	90	90	0	30	0	30	78.2	52.8	13.2	4585	8.93	0	0	0	88	88	88	88	88	88	88	88	88	88	88	88	0.87	0.3	2.44	0.35	0.12	0.11	1.42	1.49	2.91	3.74	5.9	3.8	3.36	0.5	3.6	6000	0	2.32	0.78	0.7	9.46	9.92	24.96	39.31	25.34	0	0	0	0	0	0	0	0	0	0	0	0	1	1.3	0	0	84	88	88	88	88	88	88	88	88	88	88	88	88	88	84	88	88	88	88	88	88	88	88	88	88	88	88	88	3.85	1.44	2.7	4.28	5.14	1.81	2.31	2.4	0.56	3.06	0.46	2.21	3.85	1.44	2.7	4.28	5.14	1.81	2.31	2.4	0.56	3.06	0.46	2.21	800
13000	Fish and squid meal. SP66-N	1.6	90	10	66	12	0	12	0	0	0	0	0	0	0	20	4842	4261	4261	4261	4261			4261	4261	4261	4261	4261	4261	4261	4261	3995	16.7	16.7	16.7	16.7			11.7	10.6	10.6	10.6	11.7	10.6	10.6	10.6	4.09	1.58	2.77	4.75	4.95	1.78	2.57	2.71	0.66	3.23	0.53	2.31	2.05	4.62	8.32	6.01	4.22	2.57	4.16	29.09	27.86	0.21	6.2	2.39	4.2	7.2	7.5	2.7	3.89	4.11	1	4.89	0.8	3.11	12.61	9.11	6.39	3.89	6.3	3.6	1.39	2.44	4.18	4.36	1.57	2.26	2.38	0.58	2.84	0.47	2.03	1.8	1.4	1.5	11.66	12.5	0	0.77	0	0.73	0	0	0.77	1.08	1.12	0.62	0.84	0.75	1.4	0.85	0.31	1.1	140	120	5.45	2	26.15	7.43	0.01	0.14	0.2	200	35	3	7	1	0.28	0	18734	5774	5.96	2	4000	300	11.24	0	88	0	0	83	88	88	88	85	85	80	85	88	88	88	88	85	95	70	85	90	90	90	90	0	30	0	30	74.7	58.1	10.6	4261	0	0	0	0	88	88	88	88	88	88	88	88	88	88	88	88	0.87	0.3	2.44	0.26	0.09	0.08	1.17	1.25	2.43	2.99	4.68	3.45	2.79	0.37	2.88	4800	0	2.15	0.74	0.65	9.79	10.43	24.91	38.96	28.71	0	0	0	0	0	0	0	0	0	0	0	0	1	1.3	0	0	83	88	88	88	88	88	88	88	88	88	88	88	88	88	83	88	88	88	88	88	88	88	88	88	88	88	88	88	3.6	1.39	2.44	4.18	4.36	1.57	2.26	2.38	0.58	2.84	0.47	1.8	3.6	1.39	2.44	4.18	4.36	1.57	2.26	2.38	0.58	2.84	0.47	1.8	800
13001	Fish bone meal. fish processing byproduct	1.6	90	10	39.5	3.5	1.5	45.5	0	0	0	1.5	0	0	1.5	11	2615	2301	2301	2301	2301			2249	2275	2275	2275	2249	2275	2275	2275	2141	8.7	8.7	8.7	8.7			5.9	5.3	5.3	5.3	5.9	5.3	5.3	5.3	2.56	0.66	1.13	2.04	2.06	0.91	1.12	1.36	0.29	1.5	0.27	1.18	0.81	1.93	4.98	3.79	2.77	1.38	2.45	13.63	16.45	0.13	6.48	1.67	2.86	5.17	5.22	2.3	2.84	3.44	0.73	3.8	0.68	2.05	12.61	9.6	7.01	3.49	6.2	2.25	0.58	0.99	1.8	1.81	0.8	0.99	1.2	0.26	1.32	0.24	1.04	0.71	15.33	7.69	33.69	16.9	0	6.82	0	0.86	0	0	6.82	4.81	5.16	1.03	2.77	1.21	1.5	0.85	0.23	0.5	5	50	34	1.5	142	7.43	0.01	0.14	0.2	100	5	3	7	1	0.28	0	18734	5774	5.96	2	3500	100	11.24	0	88	0	0	69	88	88	88	85	85	80	85	86	87	86	87	85	95	70	85	90	90	90	90	0	30	0	30	62.1	34.8	3.1	2301	1.28	0	0	0	88	88	88	88	88	88	88	88	88	88	88	88	0.87	0.3	2.44	0.08	0.03	0.02	0.33	0.35	0.68	0.87	1.38	0.89	0.78	0.12	0.84	1400	0	2.32	0.78	0.7	9.46	9.92	24.96	39.31	25.34	0	0	0	0	0	0	0	0	0	0	0	0	1	1.3	0	0	69	88	88	88	88	88	88	88	88	88	88	88	88	88	69	88	88	88	88	88	88	88	88	88	88	88	88	88	2.25	0.58	0.99	1.8	1.81	0.8	0.99	1.2	0.26	1.32	0.24	0.71	2.25	0.58	0.99	1.8	1.81	0.8	0.99	1.2	0.26	1.32	0.24	0.71	1280
13002	Fish sauce byproduct	1.5	86.6	13.4	18.8	5.1	5.5	57	0.2	0	0	5.7	0	0	5.7	7	1766	1554	1554	1554	1554			1360	1413	1413	1413	1360	1413	1413	1413	1478	5.3	5.3	5.3	5.3			3.8	3.7	3.7	3.7	3.8	3.7	3.7	3.7	0.73	0.47	0.36	1.44	0.9	0.28	0.39	0.39	0.06	0.51	0.36	0.64	0.21	0.6	3.24	1.79	2.07	1.56	1.32	5.53	10.54	0.75	3.88	2.5	1.92	7.67	4.79	1.49	2.07	2.07	0.32	2.71	1.92	1.12	17.23	9.5	11	8.3	7	0.64	0.41	0.32	1.27	0.79	0.25	0.34	0.34	0.05	0.45	0.32	0.56	0.18	0.68	1.09	1.2	1.92	0	0.37	0	0.72	0	0	0	0.6	0.61	0.58	0.6	14.5	14.5	0.86	0.32	0.5	24.2	337	19.1	0	77	7.72	0.02	0.48	0.93	255	39.5	17.1	13.4	4.7	0.53	0	18734	5774	3.22	0	4700	352	11.24	0	88	0	0	63	88	88	88	85	85	85	85	77	80	77	80	85	95	70	85	90	90	90	90	0	30	0	30	54.6	16.5	4.5	1554	4.85	0	0	0	88	88	88	88	88	88	88	88	88	88	88	88	0.87	0.3	2.44	0.12	0.04	0.04	0.48	0.51	0.99	1.27	2	1.29	1.14	0.17	1.22	2040	0	2.32	0.78	0.7	9.46	9.92	24.96	39.31	25.34	0	0	0	0	0	0	0	0	0	0	0	0	1	1.3	0	0	82	88	88	88	88	88	88	88	88	88	88	88	88	88	82	88	88	88	88	88	88	88	88	88	88	88	88	88	0.64	0.41	0.32	1.27	0.79	0.25	0.34	0.34	0.05	0.45	0.32	0.18	0.64	0.41	0.32	1.27	0.79	0.25	0.34	0.34	0.05	0.45	0.32	0.18	800
14000	Shrimp meal. by-products	0.6	89.9	10.1	38.4	2.3	9.4	33.8	6	0	21.4	15.4	0	0	0	13	3004	2073	2073	2073	2073			1893	1893	1893	1893	1893	1893	1893	1893	1934	7.3	7.3	7.3	7.3			4.9	4.3	4.3	4.3	4.9	4.3	4.3	4.3	2.45	0.74	1.37	2.25	1.98	0.71	1.48	2.48	0.3	1.54	0.55	1.26	1.3	2.78	4.61	3.49	1.84	1.54	1.8	15.3	15.13	0.4	6.38	1.93	3.57	5.86	5.16	1.85	3.85	6.46	0.78	4.01	1.43	3.39	12.01	9.09	4.79	4.01	4.69	1.93	0.58	1.08	1.78	1.56	0.56	1.17	1.96	0.24	1.22	0.43	0.99	1.03	14.88	1.6	44	4.73	0	0.86	0	0.73	0	0	0.86	1.13	1.18	0.63	0.87	1.7	1.2	0.47	1.5	1	20	64	33.2	1.5	32	4.5	0.02	0.2	0.2	45	4	5	7	0.4	0.44	0	18734	1918	5.96	2	2500	100	11.24	0	100	60	0	60	79	84	69	30	85	80	85	63	63	63	63	85	95	70	85	90	90	90	90	0	30	0	30	53.9	30.3	1.9	2073	4.62	0	0	0	79	79	79	79	79	79	79	79	79	79	79	79	0.87	0.3	2.44	0.05	0.02	0.07	0.07	0.15	0.23	0.99	0.6	0.49	0.27	0.14	1.27	2270	0	2.3	0.8	3.3	3.3	6.8	43.5	26.3	21.7	0	0	0	0	0	0	0	0	0	0	0	0	1	1.3	0	0	60	79	79	79	79	79	79	79	79	79	79	79	79	79	60	79	86	79	79	81	73	82	82	73	73	77	71	80	1.94	0.58	1.08	1.78	1.56	0.56	1.17	1.96	0.24	1.22	0.43	1.03	2.11	0.58	1.08	1.82	1.45	0.58	1.21	1.81	0.22	1.19	0.39	1.04	3000
14001	Shrimp head meal	0.6	95.2	4.8	41	5.6	0	33	15.6	0	0	15.6	0	0	15.6	15	3468	2636	2636	2636	2636			2462	2636	2636	2636	2462	2636	2636	2636	2466	9.5	9.5	9.5	9.5			6.5	6.2	6.2	6.2	6.5	6.2	6.2	6.2	2.34	2.34	1.48	3.03	1.11	0.53	1.76	1.39	0.78	1.35	0.55	1.08	1.19	2.95	5.82	3.85	2.62	1.8	2.91	16.11	18.74	0.03	5.71	5.71	3.6	7.39	2.71	1.29	4.29	3.39	1.9	3.29	1.34	2.9	14.2	9.39	6.39	4.39	7.1	1.85	1.85	1.17	2.39	0.88	0.42	1.39	1.1	0.62	1.07	0.43	0.85	0.94	15.84	2	48	6.06	0	1.26	0	0.73	0	0	1.26	1.37	1.44	0.65	0.99	1.7	1.2	0.47	0.7	1	20	64	33.2	1.5	32	4.5	0.02	0.2	0.2	45	4	5	7	0.4	0.44	0	18734	1918	5.96	2	2500	100	11.24	0	100	150	0	65	90	70	76	30	85	80	85	71	76	71	76	85	95	70	85	90	90	90	90	0	30	0	30	61.9	36.9	3.9	2636	4.68	0	0	0	79	79	79	79	79	79	79	79	79	79	79	79	0.87	0.3	2.44	0.13	0.04	0.04	0.53	0.56	1.09	1.4	2.2	1.42	1.25	0.19	3.13	5600	0	2.32	0.78	0.7	9.46	9.92	24.96	39.31	25.34	0	0	0	0	0	0	0	0	0	0	0	0	1	1.3	0	0	60	79	79	79	79	79	79	79	79	79	79	79	79	79	60	79	86	79	79	81	73	82	82	73	73	77	71	80	1.85	1.85	1.17	2.39	0.88	0.42	1.39	1.1	0.62	1.07	0.43	0.94	2.01	1.85	1.17	2.45	0.81	0.43	1.44	1.01	0.57	1.04	0.39	0.95	3000
14002	Shrimp meal. whole	0.6	90.5	9.5	62.7	4.7	2.6	13.2	7.4	0	11.4	9.9	0	0	0	18	4376	3238	3238	3238	3238			3107	3107	3107	3107	3107	3107	3107	3107	3011	12.1	12.1	12.1	12.1			8.1	7.1	7.1	7.1	8.1	7.1	7.1	7.1	4.39	2.15	2.5	8.05	5.02	3.05	1.88	1.88	0.69	1.88	0.8	3.85	1.57	3.45	7.52	5.71	3.01	2.51	2.95	31.49	24.07	0.12	7	3.43	3.99	12.84	8	4.86	3	3	1.1	3	1.28	2.5	11.99	9.11	4.8	4	4.71	3.47	1.7	1.98	6.37	3.97	2.41	1.49	1.49	0.55	1.49	0.63	3.04	1.24	7.92	1.52	60	11.5	0	0.8	0	0.71	0	0	0	0.6	0.6	0.57	0.6	0.29	1.2	0.47	0.7	1	30	28	33.2	1.4	15	4.5	0.02	0.2	0.2	60	5.8	6	4.4	0.4	0.44	0	18734	1918	5.96	2	6000	200	11.24	0	100	285	0	69	79	73	74	30	85	80	85	71	71	71	71	85	95	70	85	90	90	90	90	0	30	0	30	62.4	49.5	3.4	3238	2.98	0	0	0	79	79	79	79	79	79	79	79	79	79	79	79	0.87	0.3	2.44	0.11	0.04	0.03	0.44	0.46	0.91	1.17	1.84	1.19	1.05	0.16	2.62	4680	0	2.32	0.78	0.7	9.46	9.92	24.96	39.31	25.34	0	0	0	0	0	0	0	0	0	0	0	0	1	1.3	0	0	69	79	79	79	79	79	79	79	79	79	79	79	79	79	69	79	86	79	79	81	73	82	82	73	73	77	71	80	3.47	1.7	1.97	6.36	3.96	2.41	1.49	1.49	0.54	1.49	0.63	1.24	3.77	1.7	1.97	6.52	3.66	2.5	1.54	1.37	0.5	1.45	0.57	1.25	3000
14003	Crab meal	0.6	94.2	5.8	33	3.4	10.6	34.2	13	0	13.3	23.6	0	0	10.3	13	3138	2762	2762	2762	2762			1946	2071	2071	2071	1946	2071	2071	2071	2627	7.6	7.6	7.6	7.6			5.2	4.9	4.9	4.9	5.2	4.9	4.9	4.9	2.84	0.67	1.18	1.7	1.65	0.5	1.65	1.11	0.36	1.59	0.33	0.83	0.8	2.45	4.16	3.17	2.31	1.16	2.05	13.25	13.98	0.63	8.61	2.03	3.58	5.15	5	1.52	5	3.36	1.09	4.82	1	2.42	12.61	9.61	7	3.52	6.21	2.4	0.57	1	1.44	1.4	0.42	1.4	0.94	0.3	1.35	0.28	0.7	0.68	18.8	1.59	55	4.65	0	0.85	0	0.73	0	0	0.85	1.12	1.17	0.63	0.87	0.88	1.51	0.45	0.94	0.25	32.73	4356	13.3	3.8	102	560	0.02	0.07	0.11	45	6.5	6.63	6.1	0.4	0.44	0	18734	898	5.96	2	2011	200	11.24	0	100	20	0	74	89	90	88	85	85	80	85	62	66	62	66	85	95	70	85	90	90	90	90	0	30	0	30	69.7	29.4	3.1	2762	20.08	0	0	0	85	85	85	85	85	85	85	85	85	85	85	85	0.87	0.3	2.44	0.06	0.03	0.4	0.32	0.37	0.68	0.78	0.79	1.27	0.79	0.52	2.19	1360	0	1.9	0.8	11.8	9.3	10.8	23.03	23.18	37.33	0	0	0	0	0	0	0	0	0	0	0	0	1	1.3	0	0	72	85	85	85	85	85	85	85	85	85	85	85	85	85	72	85	85	85	85	85	85	85	85	85	85	85	85	85	2.41	0.57	1	1.45	1.4	0.42	1.4	0.94	0.31	1.35	0.28	0.68	2.41	0.57	1	1.45	1.4	0.42	1.4	0.94	0.31	1.35	0.28	0.68	3000
14013	Crab shell meal. Pacific Bioproducts	0.6	90	10	22	1	15	52	0	0	0	15	0	0	0	8	1943	1710	1710	1710	1710			1185	1185	1185	1185	1185	1185	1185	1185	1620	4.6	4.6	4.6	4.6			3.1	2.7	2.7	2.7	3.1	2.7	2.7	2.7	1.1	0.2	0.4	0.61	0.4	0.11	0.7	0.61	0.11	4.09	0.1	0.21	0.81	1.52	1.63	1.23	1	0.81	0.9	8.32	6.48	0.63	5	0.9	1.8	2.76	1.8	0.5	3.2	2.75	0.5	18.6	0.46	3.7	7.4	5.6	4.53	3.67	4.1	0.93	0.17	0.34	0.51	0.34	0.09	0.6	0.51	0.09	3.46	0.09	0.18	0.69	18.2	1.4	35	2.7	0	0.85	0	0.73	0	0	0.85	1.12	1.17	0.63	0.87	1.8	1.51	0.2	0.8	0.2	12	300	12	3.8	35	560	0.02	0.07	0.11	45	6.5	6.63	6.1	0.4	0.44	0	18734	898	5.96	2	2011	200	11.24	0	100	20	0	66	89	90	88	85	85	80	85	61	61	61	61	85	95	70	85	90	90	90	90	0	30	0	30	59.4	19.6	0.9	1710	12.75	0	0	0	85	85	85	85	85	85	85	85	85	85	85	85	0.87	0.3	2.44	0.02	0.01	0.12	0.09	0.11	0.2	0.23	0.23	0.37	0.23	0.15	2.19	1360	0	1.9	0.8	11.8	9.3	10.8	23.03	23.18	37.33	0	0	0	0	0	0	0	0	0	0	0	0	1	1.3	0	0	72	85	85	85	85	85	85	85	85	85	85	85	85	85	72	85	85	85	85	85	85	85	85	85	85	85	85	85	0.94	0.17	0.34	0.52	0.34	0.09	0.6	0.51	0.09	3.48	0.09	0.69	0.94	0.17	0.34	0.52	0.34	0.09	0.6	0.51	0.09	3.48	0.09	0.69	3000
14004	Krill meal	0.6	93	7	57.7	16	3	12.8	3.6	0	0	6.5	0	0.3	6.2	21	5010	4659	4659	4659	4659			4609	4709	4709	4709	4609	4709	4709	4709	4405	18.2	18.2	18.2	18.2			13.2	12.2	12.2	12.2	13.2	12.2	12.2	12.2	4.46	1.49	2.02	5.5	5	2.13	3.68	3.15	0.84	3.69	1.31	3.44	3.34	7.02	6.94	5.63	2.55	2.6	2.94	31.96	25.31	0.54	7.73	2.58	3.5	9.53	8.66	3.69	6.38	5.46	1.46	6.39	2.27	5.79	12.03	9.76	4.42	4.51	5.09	3.77	1.26	1.71	4.64	4.22	1.8	3.11	2.66	0.71	3.12	1.11	2.9	2.82	1.38	1.25	10.78	9.76	0	0.52	0	0.72	0	0	0.52	0.92	0.95	0.6	0.76	0.75	1.4	1.18	0.31	1.1	140	120	5.45	2	26.15	160	0.02	0.1	0.2	60	7	6	7	0.4	0.44	0	18734	5774	5.96	2	3500	300	11.24	0	100	150	0	86	96	99	93	30	85	80	85	92	94	92	94	85	95	70	85	90	90	90	90	0	30	0	30	80	55.4	15.8	4659	1.96	0	0	0	84	84	84	84	84	84	84	84	84	84	84	84	0.87	0.3	2.44	0.34	0.38	0.05	2.78	1.82	4.6	5.14	3.42	6.52	5.54	0.43	8.09	3992	0	2.1	2.4	0.3	17.4	11.4	32.2	21.4	40.8	0	0	0	0	0	0	0	0	0	0	0	0	1	1.3	0	0	78	84	84	84	84	84	84	84	84	84	84	84	84	84	78	84	84	84	84	84	84	84	84	84	84	84	84	84	3.75	1.25	1.7	4.62	4.2	1.79	3.09	2.65	0.71	3.1	1.1	2.81	3.75	1.25	1.7	4.62	4.2	1.79	3.09	2.65	0.71	3.1	1.1	2.81	4000
14005	Shrimp hydrolysate paste	1.8	58	42	40	5	0	10	3	0	0	3	0	0	3	12	2844	2275	2275	2275	2275			2162	2218	2218	2218	2162	2218	2218	2218	2130	8.5	8.5	8.5	8.5			5.9	5.3	5.3	5.3	5.9	5.3	5.3	5.3	2.45	0.74	1.37	2.25	1.98	0.71	1.48	2.48	0.3	1.54	0.55	1.26	1.3	2.78	4.8	3.64	1.92	1.6	1.88	15.3	15.69	0.4	6.13	1.85	3.43	5.63	4.95	1.78	3.7	6.2	0.75	3.85	1.38	3.25	12	9.1	4.8	4	4.7	1.93	0.58	1.08	1.78	1.56	0.56	1.17	1.96	0.24	1.22	0.43	1	1.03	2.3	1	23	10	0	0.46	0	0.53	0	0	0	0.45	0.45	0.42	0.45	1.7	1.2	0.7	0.7	1	20	64	33.2	1.5	32	4.5	0.02	0.2	0.2	45	4	5	7	0.4	0.44	0	18734	1918	5.96	2	2500	100	11.24	0	100	30	0	75	79	84	80	85	85	85	85	76	78	76	78	85	95	70	85	90	90	90	90	0	30	0	30	43.5	31.6	4.2	2275	2.55	0	0	0	79	79	79	79	79	79	79	79	79	79	79	79	0.87	0.3	2.44	0.12	0.04	0.17	0.17	0.34	0.51	2.17	1.32	1.09	0.61	0.31	2.8	2000	0	2.3	0.8	3.3	3.3	6.8	43.5	26.3	21.7	0	0	0	0	0	0	0	0	0	0	0	0	1	1.3	0	0	60	79	79	79	79	79	79	79	79	79	79	79	79	79	60	79	86	79	79	81	73	82	82	73	73	77	71	80	1.94	0.58	1.08	1.78	1.56	0.56	1.17	1.96	0.24	1.22	0.43	1.03	2.11	0.58	1.08	1.82	1.45	0.58	1.21	1.81	0.22	1.19	0.39	1.04	3000
14006	Shrimp shell meal	0.6	95	5	48	4	0	33	10	0	0	10	0	0	10	15	3487	2790	2790	2790	2790			2441	2580	2580	2580	2441	2580	2580	2580	2616	9.5	9.5	9.5	9.5			6.5	6	6	6	6.5	6	6	6	2.74	2.74	6.14	3.55	1.3	0.62	2.06	1.63	0.91	1.58	0.55	1.17	1.39	3.45	6.82	4.51	3.07	2.11	3.41	23.27	21.86	0.03	5.71	5.71	12.79	7.4	2.71	1.29	4.29	3.4	1.9	3.29	1.15	2.9	14.21	9.4	6.4	4.4	7.1	2.16	2.16	4.85	2.8	1.03	0.49	1.63	1.29	0.72	1.25	0.43	0.92	1.1	10.56	2	32	6.06	0	1.26	0	0.73	0	0	0	0.61	0.62	0.58	0.61	1.7	1.2	1.18	1	1.51	20	64	33.2	1.5	32	4.5	0.02	0.2	0.2	45	4	5	7	0.4	0.44	0	18734	1918	5.96	2	2500	100	11.24	0	100	250	0	70	79	84	80	85	85	85	85	70	74	70	74	85	95	70	85	90	90	90	90	0	30	0	30	66.5	37.9	3.4	2790	8.5	0	0	0	79	79	79	79	79	79	79	79	79	79	79	79	0.87	0.3	2.44	0.09	0.03	0.03	0.38	0.4	0.78	1	1.57	1.01	0.9	0.13	2.24	1600	0	2.32	0.78	0.7	9.46	9.92	24.96	39.31	25.34	0	0	0	0	0	0	0	0	0	0	0	0	1	1.3	0	0	60	79	79	79	79	79	79	79	79	79	79	79	79	79	60	79	86	79	79	81	73	82	82	73	73	77	71	80	2.16	2.16	4.85	2.8	1.03	0.49	1.63	1.29	0.72	1.25	0.43	1.1	2.36	2.16	4.85	2.88	0.95	0.51	1.69	1.19	0.66	1.22	0.39	1.11	3000
14007	Broken dried shrimp	0.6	90.5	9.5	62.7	4.7	2.6	13.2	7.3	0	11.4	9.9	0	0	0	18	4376	3457	3457	3457	3457			3107	3107	3107	3107	3107	3107	3107	3107	3230	12.1	12.1	12.1	12.1			8.1	7.1	7.1	7.1	8.1	7.1	7.1	7.1	4.39	2.15	2.5	8.05	8.3	3.05	1.88	1.88	0.69	1.88	0.8	3.85	1.57	3.45	7.52	5.7	3.01	2.51	2.95	34.77	24.06	0.12	7	3.43	3.99	12.84	13.24	4.86	3	3	1.1	3	1.28	2.5	11.99	9.09	4.8	4	4.71	3.47	1.7	1.98	6.37	6.57	2.41	1.49	1.49	0.55	1.49	0.63	3.04	1.24	1.89	0.72	14.31	5.45	0	0	0	0.71	0	0	0	0.6	0.6	0.57	0.6	0.29	1.2	0.7	0.7	1	30	28	33.2	1.4	15	4.5	0.02	0.2	0.2	60	5.8	6	4.4	0.4	0.44	0	18734	1918	5.96	2	6000	200	11.24	0	100	160	0	75	79	73	79	85	85	85	85	71	71	71	71	85	95	70	85	90	90	90	90	0	30	0	30	67.9	49.5	3.4	3457	8.42	0	0	0	79	79	79	79	79	79	79	79	79	79	79	79	0.87	0.3	2.44	0.11	0.04	0.03	0.44	0.47	0.91	1.17	1.85	1.19	1.05	0.16	2.63	1880	0	2.32	0.78	0.7	9.46	9.92	24.96	39.31	25.34	0	0	0	0	0	0	0	0	0	0	0	0	1	1.3	0	0	69	79	79	79	79	79	79	79	79	79	79	79	79	79	69	79	86	79	79	81	73	82	82	73	73	77	71	80	3.47	1.7	1.97	6.36	6.56	2.41	1.49	1.49	0.54	1.49	0.63	1.24	3.77	1.7	1.97	6.52	6.06	2.5	1.54	1.37	0.5	1.45	0.57	1.25	3000
14008	Shrimp protein hydrolystate premium. SPH-E1. VNF	1.8	30	70	21.1	1.9	0	4.8	2.2	0	0	2.2	0	0	0	6	1456	1397	1397	1397	1397			1310	1310	1310	1310	1310	1310	1310	1310	1302	5.1	5.1	5.1	5.1			3.4	3	3	3	3.4	3	3	3	0.58	1.14	0.75	1.32	1.15	0.31	0.75	0.68	0.11	0.9	0.17	0.48	0.48	1.23	0.5	1.25	2.43	1.57	1.22	7.69	7.62	0.27	2.75	5.4	3.55	6.26	5.45	1.47	3.55	3.22	0.52	4.27	0.81	2.27	2.37	5.92	11.52	7.44	5.78	0.52	1.03	0.68	1.19	1.03	0.28	0.68	0.61	0.1	0.81	0.15	0.43	0.43	0.69	0.16	14.38	3.33	0	0	0	0.69	0	0	0	0.58	0.59	0.55	0.58	0.79	1	0.5	0.14	1	31.29	73.89	8.18	0.69	26.44	4.5	0.02	0.2	0.2	35.31	4	7.01	3.74	0.4	0.44	0	18734	1918	5.96	2	2170	100	11.24	0	100	250	0	89	98	85	96	85	85	85	85	90	90	90	90	85	95	70	85	90	90	90	90	0	30	0	30	26.7	20.7	1.6	1397	1.87	0	0	0	90	90	90	90	90	90	90	90	90	90	90	90	0.59	0.26	0.49	0.52	0.04	0.12	0.17	0.2	0.37	0.84	0.78	0.95	0.45	0.72	3.02	2037	0	27.5	2	6.5	9	10.5	44	41	50	0	0	0	0	0	0	0	0	0	0	0	0	1	1.3	0	0	80	85	88	88	88	88	88	88	88	88	88	88	88	88	88	88	88	88	88	88	88	88	88	88	88	88	88	88	0.51	1	0.66	1.16	1.01	0.27	0.66	0.6	0.1	0.79	0.15	0.42	0.51	1	0.66	1.16	1.01	0.27	0.66	0.6	0.1	0.79	0.15	0.42	3000
14009	Shrimp protein powder powder. SPP-S2(60). VNF	0.6	92	8	59.2	3.1	1.2	9.3	19.2	6.2	4.3	20.4	11.8	2.5	0	19	4457	4279	4279	4279	4279			4101	4145	4145	4145	4101	4145	4145	4145	4013	14.6	15.2	15.2	14.6			9.8	9.2	9.2	9.2	9.7	9.1	9.1	9.1	2.44	1.2	2.37	7.05	2.36	0.89	3.19	1.98	0.41	2.64	0.76	1.65	1.65	4.84	2.35	5.54	12.05	4.61	2.11	24.53	29.07	0	4.12	2.03	4	11.91	3.99	1.5	5.39	3.34	0.69	4.46	1.28	2.79	3.97	9.36	20.35	7.79	3.56	2.2	1.08	2.13	6.35	2.12	0.8	2.87	1.78	0.37	2.38	0.68	1.49	1.49	0.86	0.62	9.25	6.67	0	0	0	0.62	0	0	0	0.52	0.53	0.5	0.52	0.86	1	0.5	0.7	1	30	60	30	1	32	4.5	0.02	0.2	0.2	45	4	5	7	0.4	0.44	0	18734	1918	6.9	2	2500	100	11.24	0	100	250	0	93	98	85	96	85	85	85	85	92	93	92	93	85	95	70	85	90	90	90	90	0	30	0	30	85.6	58	2.6	4279	17.34	9.99	9.99	9.99	90	90	90	90	90	90	90	90	90	90	90	90	0.87	0.3	2.44	0.65	0.13	1.6	0	0	0.01	0.78	1.63	2.46	0.15	2.5	3.41	2000	0	75.4	2.8	0.08	0.16	0.14	25	52.7	79.5	0	0	0	0	0	0	0	0	0	0	0	0	1	1.3	0	0	80	85	88	88	88	88	88	88	88	88	88	88	88	88	88	88	88	88	88	88	88	88	88	88	88	88	88	88	2.15	1.06	2.09	6.2	2.08	0.78	2.81	1.74	0.36	2.32	0.67	1.45	2.15	1.06	2.09	6.2	2.08	0.78	2.81	1.74	0.36	2.32	0.67	1.45	3000
14010	Shrimp attractant powder. SAP-M1. VNF	0.6	92	8	55.9	3.4	2.2	10.7	19.8	8.1	4.6	22	6.6	7.3	0	18	4364	4190	4190	4190	4190			4015	4059	4059	4059	4015	4059	4059	4059	3938	13.8	14.4	14.4	14			9.4	8.8	8.8	8.8	9.3	8.8	8.8	8.8	2.54	1.15	2.22	5.87	2.57	0.72	2.91	1.86	0.51	2.46	0.7	1.42	1.42	4.33	1.92	4.83	10.85	4.73	2.02	22.81	26.47	0	4.54	2.06	3.97	10.5	4.6	1.29	5.21	3.33	0.91	4.4	1.25	2.54	3.43	8.64	19.41	8.46	3.61	2.29	1.03	2	5.28	2.31	0.65	2.62	1.67	0.46	2.21	0.63	1.28	1.28	1.05	0.53	9.81	4.95	0	0	0	0.53	0	0	0	0.45	0.45	0.42	0.45	0.74	1	0.5	0.7	1	30	60	30	1	32	4.5	0.02	0.2	0.2	45	4	5	7	0.4	0.44	0	18734	1918	12.5	2	2500	100	11.24	0	100	250	0	93	98	85	96	85	85	85	85	92	93	92	93	85	95	70	85	90	90	90	90	0	30	0	30	85.6	54.8	2.9	4190	18.7	5.64	5.64	5.64	90	90	90	90	90	90	90	90	90	90	90	90	0.87	0.3	2.44	0.51	0.12	0.92	0.01	0.01	0.02	0.63	0.94	2.03	0.15	1.59	3.8	2000	0	55.3	3.3	0.24	0.24	0.26	18.5	27.5	59.8	0	0	0	0	0	0	0	0	0	0	0	0	1	1.3	0	0	80	85	88	88	88	88	88	88	88	88	88	88	88	88	88	88	88	88	88	88	88	88	88	88	88	88	88	88	2.24	1.01	1.95	5.17	2.26	0.63	2.56	1.64	0.45	2.16	0.62	1.25	2.24	1.01	1.95	5.17	2.26	0.63	2.56	1.64	0.45	2.16	0.62	1.25	3000
14011	Shrimp shell meal. Pacific Bioproducts	0.6	90	10	34	1	25	10.7	19.3	0	0	44.3	6.6	7.3	0	16	3812	3660	3660	3660	3660			3507	3545	3545	3545	3507	3545	3545	3545	3507	8.4	9	9	8.6			5.7	5.6	5.6	5.6	5.6	5.5	5.5	5.5	1.9	0.61	1.22	1.8	1.7	0.61	1.33	1.06	0.31	1.43	0.43	1.04	1.12	2.45	4.08	3.13	1.43	1.56	1.7	11.98	13.45	0	5.6	1.8	3.6	5.3	5	1.8	3.9	3.13	0.91	4.2	1.25	3.3	12	9.2	4.2	4.6	5	1.71	0.55	1.1	1.62	1.53	0.55	1.19	0.96	0.28	1.29	0.38	0.93	1.01	1.5	0.35	14	3.3	0	0	0	0.33	0	0	0	0.28	0.28	0.26	0.28	0.3	1	1	0.7	0.2	12	83	0.7	0	38	4.5	0.02	0.2	0.2	45	4	5	7	0.4	0.44	0	18734	1918	12.5	2	2500	100	11.24	0	100	250	0	93	98	85	96	85	85	85	85	92	93	92	93	85	95	70	85	90	90	90	90	0	30	0	30	83.7	33.3	0.9	3660	37.66	5.64	5.64	5.64	90	90	90	90	90	90	90	90	90	90	90	90	0.87	0.3	2.44	0.51	0.12	0.92	0	0	0	0.19	0.28	0.6	0.14	1.59	3.8	2000	0	55.3	3.3	0.24	0.24	0.26	18.5	27.5	59.8	0	0	0	0	0	0	0	0	0	0	0	0	1	1.3	0	0	80	85	88	88	88	88	88	88	88	88	88	88	88	88	88	88	88	88	88	88	88	88	88	88	88	88	88	88	1.68	0.54	1.08	1.59	1.5	0.54	1.17	0.94	0.27	1.26	0.37	0.99	1.68	0.54	1.08	1.59	1.5	0.54	1.17	0.94	0.27	1.26	0.37	0.99	3000
14012	Shrimp protein extract MF 1. enzymatic hydrolysis	0.6	35	65	20	5	0	5	5	0	0	0	0	0	0	7	1594	1530	1530	1530	1530			1467	1483	1483	1483	1467	1483	1483	1483	1440	5.9	5.9	5.9	5.9			4.2	3.8	3.8	3.8	4.2	3.8	3.8	3.8	0.22	0.16	0.16	0.28	0.27	0.1	0.17	0.15	0.03	0.25	0.08	0.18	0.13	0.3	0.55	0.34	0.26	0.15	0.28	1.79	1.8	0	1.11	0.8	0.8	1.4	1.34	0.5	0.84	0.76	0.16	1.23	0.38	0.67	2.77	1.7	1.32	0.76	1.42	0.2	0.14	0.14	0.25	0.24	0.09	0.15	0.14	0.03	0.22	0.07	0.16	0.12	0.8	0.3	16	6	0	0.05	0	0.25	0	0	0	0.21	0.21	0.2	0.21	0.3	0.7	0.4	0.1	0.2	10	76	0.7	0	38	4.5	0.02	0.2	0.2	45	4	5	7	0.4	0.44	0	18734	1918	12.5	2	2500	100	11.24	0	100	250	0	93	98	85	96	85	85	85	85	92	93	92	93	85	95	70	85	90	90	90	90	0	30	0	30	32.6	19.6	4.3	1530	0	0	0	0	90	90	90	90	90	90	90	90	90	90	90	90	0.87	0.3	2.44	0.51	0.12	0.92	0.35	0.23	0.57	0.93	1.38	2.99	0.77	1.59	1.4	3400	0	55.3	3.3	0.24	7	4.5	18.5	27.5	59.8	0	0	0	0	0	0	0	0	0	0	0	0	1	1.3	0	0	80	85	88	88	88	88	88	88	88	88	88	88	88	88	88	88	88	88	88	88	88	88	88	88	88	88	88	88	0.2	0.14	0.14	0.25	0.24	0.09	0.15	0.13	0.03	0.22	0.07	0.12	0.2	0.14	0.14	0.25	0.24	0.09	0.15	0.13	0.03	0.22	0.07	0.12	3000
15001	Squid liver meal	1.5	89.4	10.6	47.8	17	3.8	8.3	12.6	0	0	16.4	0.5	6	9.9	21	4940	3656	3656	3656	3656			3557	3656	3656	3656	3557	3656	3656	3656	3483	13.5	13.8	13.8	13.6			10	9.7	9.7	9.7	10	9.7	9.7	9.7	4.58	0.66	1.86	3.82	2.9	1.78	1.78	1.43	1.45	2.34	0.33	2.11	1.53	3.31	6.02	4.35	3.06	1.86	3.01	22.62	20.16	0.74	9.58	1.38	3.9	8	6.07	3.72	3.73	3	3.03	4.9	0.7	3.2	12.59	9.1	6.4	3.89	6.3	3.62	0.52	1.47	3.02	2.3	1.41	1.41	1.13	1.15	1.85	0.26	1.67	1.21	0.1	1	1.2	12.04	0	0	0	0.99	0	0	0	0.83	0.84	0.79	0.83	0.75	1.4	0.27	0.31	1.1	140	120	5.45	2	26.15	0	0.01	0.1	0.2	50	4	5.5	7	1	0.31	0	18734	5774	5.96	2	2500	300	11.24	0	250	0	0	70	79	75	74	50	85	80	85	72	74	72	74	85	95	70	85	90	90	90	90	0	30	0	30	62.6	37.8	12.7	3656	8.18	0.43	0.4	0.43	79	79	79	79	79	79	79	79	79	79	79	79	0.87	0.3	2.44	0	0.05	0	2.39	2.88	5.27	4.12	5.51	7.12	5.91	0	0.84	6780	0	0	0.3	0	14.1	17	24.3	32.5	42	0	0	0	0	0	0	0	0	0	0	0	0	3	1.3	0	0	73	79	79	79	79	79	79	79	79	79	79	79	79	79	73	79	79	79	79	79	79	79	79	79	79	79	79	79	3.62	0.52	1.47	3.02	2.29	1.41	1.41	1.13	1.15	1.85	0.26	1.21	3.62	0.52	1.47	3.02	2.29	1.41	1.41	1.13	1.15	1.85	0.26	1.21	1000
15002	Squid meal	1.5	92.9	7.1	72.1	6	1.2	7.4	6.3	0	0	7.5	0	0	7.5	21	4928	4337	4337	4337	4337			4189	4288	4288	4288	4189	4288	4288	4288	4036	16.3	16.3	16.3	16.3			11	9.9	9.9	9.9	11	9.9	9.9	9.9	4.66	3.61	3.1	5.41	4.88	1.98	3.31	2.9	1.3	3.28	0.78	2.76	2.31	5.62	9.08	6.56	4.61	2.81	4.54	34.42	30.69	0.36	6.46	5	4.3	7.5	6.77	2.75	4.59	4.02	1.8	4.55	1.08	3.2	12.59	9.1	6.39	3.9	6.3	4.25	3.29	2.83	4.93	4.45	1.81	3.02	2.64	1.18	2.99	0.71	2.52	2.11	0.1	0.99	1.36	13.46	0	0	0	0.98	0	0	0	0.82	0.83	0.78	0.82	0.75	1.4	0.27	0.31	1.1	140	120	5.45	2	26.15	0	0.02	0.2	0.2	60	5	8	7	0.4	0.44	0	18734	5774	5.96	2	6000	300	11.24	0	250	0	0	84	91	90	88	50	85	80	85	85	87	85	87	85	95	70	85	90	90	90	90	0	30	0	30	78	65.6	5.4	4337	3.73	0	0	0	91	91	91	91	91	91	91	91	91	91	91	91	0.87	0.3	2.44	0	0.02	0	0.85	1.02	1.87	1.46	1.95	2.52	2.09	0	1.4	2400	0	0	0.3	0	14.1	17	24.3	32.5	42	0	0	0	0	0	0	0	0	0	0	0	0	3	1.3	0	0	85	91	91	91	91	91	91	91	91	91	91	91	91	91	85	91	91	91	91	91	91	91	91	91	91	91	91	91	4.24	3.28	2.82	4.92	4.44	1.8	3.01	2.64	1.18	2.98	0.71	2.1	4.24	3.28	2.82	4.92	4.44	1.8	3.01	2.64	1.18	2.98	0.71	2.1	1000
15003	Squid liver paste	1.5	66.8	33.2	34.9	19	0.3	7.3	5.2	0	0	5.6	0.5	6	0	17	3968	3015	3015	3015	3015			3134	3134	3134	3134	3134	3134	3134	3134	2889	11.9	12.2	12.2	12			9.1	8.7	8.7	8.7	9.1	8.7	8.7	8.7	3.34	0.73	1.35	2.69	2.06	1.3	1.26	1.01	1.06	1.68	0.24	1.54	1.09	2.34	4.4	3.18	2.24	1.36	2.2	16.49	14.71	0.54	9.56	2.1	3.87	7.7	5.9	3.72	3.6	2.9	3.03	4.8	0.7	3.11	12.59	9.1	6.41	3.89	6.3	2.64	0.58	1.07	2.13	1.63	1.03	0.99	0.8	0.84	1.33	0.19	1.22	0.86	0.09	0.88	1.23	12.05	0	0	0	0.87	0	0	0	0.73	0.74	0.7	0.73	0.75	1.4	0.27	0.31	1.1	140	120	5.45	2	26.15	0	0.01	0.1	0.2	50	4	5.5	7	1	0.31	0	18734	5774	5.96	2	2500	300	11.24	0	250	0	0	72	79	75	76	50	85	80	85	79	79	79	79	85	95	70	85	90	90	90	90	0	30	0	30	48.1	27.6	14.3	3015	2.78	0.43	0.4	0.43	79	79	79	79	79	79	79	79	79	79	79	79	0.87	0.3	2.44	0	0.06	0	2.68	3.23	5.91	4.62	6.18	7.98	6.63	0	0.95	7600	0	0	0.3	0	14.1	17	24.3	32.5	42	0	0	0	0	0	0	0	0	0	0	0	0	3	1.3	0	0	73	79	79	79	79	79	79	79	79	79	79	79	79	79	73	79	79	79	79	79	79	79	79	79	79	79	79	79	2.64	0.58	1.07	2.13	1.63	1.03	0.99	0.8	0.84	1.32	0.19	0.86	2.64	0.58	1.07	2.13	1.63	1.03	0.99	0.8	0.84	1.32	0.19	0.86	1000
15005	Squid viscera	1.5	92.3	7.7	39.8	3	1.2	17.3	31	0	0	32.2	0	0	32.2	16	3834	3412	3412	3412	3412			2300	2684	2684	2684	2300	2684	2684	2684	3246	8.9	8.9	8.9	8.9			6	6.2	6.2	6.2	6	6.2	6.2	6.2	2.39	0.56	1.05	5.41	1.46	1.98	0.96	1.19	0.88	1.59	0.78	2.76	2.31	3.27	4.21	3.62	2.55	1.55	2.51	17.47	17.53	0.36	6	1.4	2.65	13.59	3.66	4.97	2.41	3	2.21	4	1.96	5.8	10.57	9.1	6.41	3.89	6.31	2.18	0.51	0.96	4.93	1.33	1.81	0.87	1.09	0.8	1.45	0.71	2.52	2.11	0.13	1.04	0.76	6	0	0	0	1.03	0	0	0	0.87	0.88	0.82	0.87	1.5	1.4	1.1	0.5	1.5	140	120	5.45	2	26.15	0	0.02	0.2	0.2	60	5	8	7	0.4	0.44	0	18734	5774	5.96	2	6000	300	11.24	0	250	0	0	81	91	90	89	85	85	85	85	60	70	60	70	85	95	70	85	90	90	90	90	0	30	0	30	74.8	36.2	2.7	3412	27.37	0	0	0	91	91	91	91	91	91	91	91	91	91	91	91	0.87	0.3	2.44	0	0.01	0	0.42	0.51	0.93	0.73	0.98	1.26	1.05	0	0.7	1200	0	0	0.3	0	14.1	17	24.3	32.5	42	0	0	0	0	0	0	0	0	0	0	0	0	3	1.3	0	0	85	91	91	91	91	91	91	91	91	91	91	91	91	91	85	91	91	91	91	91	91	91	91	91	91	91	91	91	2.17	0.51	0.96	4.92	1.33	1.8	0.87	1.09	0.8	1.45	0.71	2.1	2.17	0.51	0.96	4.92	1.33	1.8	0.87	1.09	0.8	1.45	0.71	2.1	1000
15006	Squid liver meal. Indo. 44% CP	1.5	90.7	9.3	44.8	18	3.8	7.6	16.5	0	0	20.3	0.5	6	13.8	21	5029	3973	3973	3973	3973			3470	3671	3671	3671	3470	3671	3671	3671	3810	13.3	13.6	13.6	13.4			9.9	9.8	9.8	9.8	9.9	9.8	9.8	9.8	4.29	0.62	1.08	6.63	1.7	1.67	0.9	1.34	1.36	1.7	1.3	2.97	3.42	4.32	4.74	4.08	2.87	1.75	2.82	21.29	20.98	0.74	9.58	1.38	2.4	14.8	3.8	3.73	2	3	3.04	3.8	2.9	7.63	10.57	9.11	6.41	3.91	6.3	3.39	0.49	0.85	5.24	1.35	1.32	0.71	1.06	1.08	1.35	1.03	2.35	2.71	0.1	1	1.31	13.15	0	0	0	0.99	0	0	0	0.83	0.84	0.79	0.83	0.75	1.4	0.27	0.31	1.1	140	120	5.45	2	26.15	0	0.01	0.1	0.2	50	4	5.5	7	1	0.31	0	18734	5774	5.96	2	2500	300	11.24	0	250	0	0	77	79	75	79	85	85	85	85	69	73	69	73	85	95	70	85	90	90	90	90	0	30	0	30	69.8	35.4	13.5	3973	17.26	0.43	0.43	0.43	79	79	79	79	79	79	79	79	79	79	79	79	0.87	0.3	2.44	0	0.05	0	2.54	3.06	5.6	4.37	5.85	7.56	6.28	0	4.21	7200	0	0	0.3	0	14.1	17	24.3	32.5	42	0	0	0	0	0	0	0	0	0	0	0	0	3	1.3	0	0	73	79	79	79	79	79	79	79	79	79	79	79	79	79	73	79	79	79	79	79	79	79	79	79	79	79	79	79	3.39	0.49	0.85	5.24	1.34	1.32	0.71	1.06	1.07	1.34	1.03	2.7	3.39	0.49	0.85	5.24	1.34	1.32	0.71	1.06	1.07	1.34	1.03	2.7	1000
15007	Clam meal	3.5	90.5	9.5	76.1	5.6	0.5	4	4.3	0	0	4.8	0	0	4.8	21	5012	4461	4461	4461	4461			4310	4360	4360	4360	4310	4360	4360	4360	4150	16.8	16.8	16.8	16.8			11.3	10.1	10.1	10.1	11.3	10.1	10.1	10.1	6.59	2.16	3.7	6.48	5.02	1.06	4.64	4.65	0.6	3.59	2.68	3.74	3.68	8.32	10.52	6.4	4.48	4.17	3.94	38.49	35.87	0	8.66	2.84	4.86	8.52	6.6	1.39	6.1	6.11	0.79	4.72	3.52	4.84	13.83	8.41	5.89	5.48	5.18	5.93	1.94	3.33	5.83	4.52	0.95	4.18	4.18	0.54	3.23	2.41	3.37	3.31	0.6	0.68	15	17.04	0	0	0	0.67	0	0	0	0.56	0.57	0.54	0.56	1.5	0	0.76	0.39	0	17.79	76.7	78.52	0.65	58.3	0	0	0	0	0	0	0	0	0	0	19.73	508765	6239	101.28	0.03	0	0	0	0	0	0	0	87	89	95	89	85	85	80	85	86	87	86	87	85	95	70	85	90	90	90	90	0	30	0	30	78.7	67.7	5.3	4461	4.08	0	0	0	90	90	90	90	90	90	90	90	90	90	90	90	1.03	0.34	0.11	0.04	0.04	0.19	1.01	0.42	1.42	0.99	0.82	2.34	1.62	0.26	0.39	1476	0	0.8	0.7	3.3	17.9	7.4	17.6	14.6	41.6	0	0	0	0	0	0	0	0	0	0	0	0	0	0	0	0	80	90	90	90	90	90	90	90	90	90	90	90	90	90	80	90	90	90	90	90	90	90	90	90	90	90	90	90	5.93	1.94	3.33	5.83	4.52	0.95	4.18	4.18	0.54	3.23	2.41	3.31	5.93	1.94	3.33	5.83	4.52	0.95	4.18	4.18	0.54	3.23	2.41	3.31	1000
20000	Blood cell meal. ring dried	0.8	90.2	9.8	82.7	1.1	0.3	4.8	1.2	0	0	1.6	0	0	1.6	20	4830	4106	4106	4106	4106			4057	4057	4057	4057	4057	4057	4057	4057	3783	15.6	15.6	15.6	15.6			10.2	8.8	8.8	8.8	10.2	8.8	8.8	8.8	4.53	4.54	0.65	11.35	7.76	1.11	6.1	4.03	1.22	6.7	1.6	2.71	2.48	8.58	7.86	8.85	3.72	4.05	6.53	47.99	35.09	0.15	5.48	5.49	0.79	13.72	9.38	1.34	7.38	4.87	1.48	8.1	1.94	3	9.5	10.7	4.5	4.9	7.9	3.94	3.95	0.57	9.87	6.75	0.97	5.31	3.51	1.06	5.83	1.39	2.36	2.16	0.34	0.39	7	8	0	0	0	0.38	0	0	0	0.32	0.32	0.3	0.32	0.6	0.53	0.42	0.05	0.66	10	2021	7.3	0.58	24	0	0.09	0.1	0.2	27.2	2.8	2	2	0.35	0.01	0	0	600	0.74	0.5	818	50	0	0	0	0	0	83	85	90	85	99	85	80	85	84	84	84	84	85	95	70	85	90	90	90	90	0	30	0	30	74.9	70.3	1	4106	1.55	0	0	0	87	87	87	87	87	87	87	87	87	87	87	87	0.87	0.3	2.44	0.07	0.01	0	0	0	0	0.51	0.47	0.08	0.01	0.08	0.34	2518	0	6.65	0.8	0	0	0	46.6	42.7	7.45	0	0	0	0	0	0	0	0	0	0	0	0	1	0	0	0	85	87	99	98	53	98	98	94	98	96	97	98	89	88	85	87	99	98	53	98	98	94	98	96	97	98	89	88	4.49	4.45	0.34	11.12	7.6	1.04	5.98	3.87	1.18	6.57	1.42	2.18	4.49	4.45	0.34	11.12	7.6	1.04	5.98	3.87	1.18	6.57	1.42	2.18	630
20001	Blood cell meal. flash dried	0.8	89	11	72	5	0.3	10	1.7	0	0	2	0	0	2	19	4608	4055	4055	4055	4055			3963	3963	3963	3963	3963	3963	3963	3963	3768	15.3	15.3	15.3	15.3			10.3	9.1	9.1	9.1	10.3	9.1	9.1	9.1	4.31	3.23	2.7	10.25	6.48	0.7	4.32	3.44	0.5	5.04	0.72	1.42	2.16	6.48	6.84	7.7	3.24	3.53	5.69	40.97	29.88	0.03	5.98	4.48	3.75	14.24	9	0.97	6	4.78	0.69	7	1	3	9.5	10.69	4.5	4.9	7.9	3.75	2.81	2.35	8.92	5.64	0.61	3.76	2.99	0.43	4.38	0.63	1.24	1.88	0.35	0.74	3.5	7.4	0	0	0	0.74	0	0	0	0.62	0.63	0.59	0.62	1.6	0.75	0.42	0.05	0.68	6	2186	7.3	0.58	24	0.02	0.09	0.1	0.2	27.2	2.8	2	2	0.3	0.01	0	0	600	0.74	0.5	818	50	0	0	0	0	0	83	87	90	88	99	85	80	85	86	86	86	86	85	95	70	85	90	90	90	90	0	30	0	30	73.9	62.6	4.5	4055	1.98	0	0	0	87	87	87	87	87	87	87	87	87	87	87	87	0.87	0.3	2.44	0.33	0.04	0	0	0	0	2.33	2.13	0.37	0.04	0.37	1.55	2518	0	6.65	0.8	0	0	0	46.6	42.7	7.45	0	0	0	0	0	0	0	0	0	0	0	0	1	0	0	0	83	87	79	79	65	80	77	80	81	80	77	77	64	54	83	87	79	79	65	80	77	80	81	80	77	77	64	54	3.4	2.55	1.76	8.2	4.99	0.56	3.5	2.75	0.38	3.88	0.46	1.17	3.4	2.55	1.76	8.2	4.99	0.56	3.5	2.75	0.38	3.88	0.46	1.17	630
20002	Blood meal. ring dried	0.8	91.5	8.5	86	1	0.2	3.3	1	0	0	1.2	0	0	1.2	21	4993	4344	4344	4344	4344			4294	4344	4344	4344	4294	4344	4344	4344	4000	16.6	16.6	16.6	16.6			10.8	9.3	9.3	9.3	10.8	9.3	9.3	9.3	4.51	3.85	1.39	10.2	7.84	1.16	5.59	4.25	1.09	7.4	1.31	2.47	2.58	8.17	8.17	9.2	3.87	4.21	6.79	47.28	36.13	0.15	5.24	4.48	1.62	11.86	9.12	1.35	6.5	4.94	1.27	8.61	1.52	3	9.5	10.7	4.5	4.89	7.9	3.92	3.34	1.21	8.86	6.81	1.01	4.86	3.69	0.95	6.43	1.14	2.15	2.24	0.3	0.23	9.09	6.96	0	0	0	0.22	0	0	0	0.18	0.19	0.18	0.18	0.6	0.54	0.4	0.05	0.62	17.77	1811.61	7.61	1.22	63.1	0	0.09	0.19	0.11	22.5	2.2	4.43	2.25	0.35	0.01	0	0	600	0.74	0.5	800	50	0	0	0	0	0	86	87	94	87	99	85	80	85	86	87	86	87	85	95	70	85	90	90	90	90	0	30	0	30	78.7	74.8	0.9	4344	1.19	0	0	0	87	87	87	87	87	87	87	87	87	87	87	87	0.87	0.3	2.44	0.07	0.01	0	0	0	0	0.47	0.43	0.07	0.01	0.07	0.31	4000	0	6.65	0.8	0	0	0	46.6	42.7	7.45	0	0	0	0	0	0	0	0	0	0	0	0	1	0	0	0	86	87	92	92	92	92	94	96	93	94	94	91	91	93	86	87	92	92	92	92	94	96	93	94	94	91	91	93	4.15	3.54	1.28	9.38	7.37	1.11	5.2	3.99	1.02	6.73	1.19	2.4	4.15	3.54	1.28	9.38	7.37	1.11	5.2	3.99	1.02	6.73	1.19	2.4	630
20003	Blood meal. whole. spray-dried	0.8	93	7	86.3	0.6	0.2	3.2	2.7	0	0	2.9	0	0	2.9	21	5043	4892	4892	4892	4892			4791	4791	4791	4791	4791	4791	4791	4791	4508	18.4	18.4	18.4	18.4			11.9	10.3	10.3	10.3	11.9	10.3	10.3	10.3	4.8	4.84	0.93	11.1	7.93	1.37	6.61	4.14	0.48	7.4	0.8	2.17	4.75	11.36	7.22	8.7	3.59	4.7	6.68	49.6	36.44	0.15	5.56	5.61	1.08	12.86	9.19	1.59	7.66	4.8	0.56	8.57	0.93	5.5	8.37	10.08	4.16	5.45	7.74	4.18	4.6	0.88	10.54	7.53	1.29	6.28	3.94	0.46	7.03	0.68	1.97	4.51	0.11	0.11	3.43	3.43	0	0	0	0.1	0	0	0	0.08	0.09	0.08	0.08	0.62	0.4	0.4	0.03	0.68	55	2300	18	0.7	32	0	0.09	0.09	0.11	23	1.2	4.4	1.6	0.4	0.05	0	0	0	0.74	0.5	800	50	0	0	0	0	0	95	97	90	97	99	85	80	85	95	95	95	95	85	95	70	85	90	90	90	90	0	30	0	30	88.4	83.7	0.6	4892	2.85	0	0	0	87	95	95	95	95	94	95	95	95	95	85	95	0.87	0.3	2.44	0.04	0	0	0	0	0	0.29	0.26	0.05	0.01	0.05	0.19	4000	0	6.65	0.8	0	0	0	46.6	42.7	7.45	0	0	0	0	0	0	0	0	0	0	0	0	1	0	0	0	88	89	92	91	73	93	93	88	92	87	91	92	86	88	88	76	92	91	73	93	93	88	92	87	91	92	86	88	4.42	4.4	0.68	10.32	7.37	1.21	6.08	3.6	0.44	6.81	0.69	4.18	4.42	4.4	0.68	10.32	7.37	1.21	6.08	3.6	0.44	6.81	0.69	4.18	630
20004	Blood cell meal. spray-dried	0.8	97.2	2.8	91.8	1	0	4.4	0	0	0	0	0	0	0	22	5270	5112	5112	5112	5112			5112	5112	5112	5112	5112	5112	5112	5112	4703	19.7	19.7	19.7	19.7			12.8	11	11	11	12.8	11	11	11	3.49	6.42	0.41	12.14	8.27	0.95	6.47	3.49	1.51	8.12	0.52	1.47	2.09	8.56	7.23	10.08	4.14	4.19	7.63	51.27	35.88	0.15	3.8	6.99	0.45	13.22	9.01	1.03	7.05	3.8	1.65	8.85	0.57	2.28	7.88	10.98	4.51	4.56	8.31	3.39	5.78	0.39	11.53	7.86	0.9	6.15	3.32	1.43	7.71	0.44	1.34	1.99	0.3	0.37	6.81	8.4	0	0	0	0.36	0	0	0	0.3	0.31	0.29	0.3	0.6	0.53	0.36	0.02	0.34	7	2769	6.4	0.58	20	0	0.09	0.09	0.4	24	3.2	4.4	3	0.3	0.01	0	0	0	0.74	0.5	800	50	0	0	0	0	0	95	97	90	97	99	85	80	85	97	97	97	97	85	95	70	85	90	90	90	90	0	30	0	30	92.3	89	0.9	5112	0	0	0	0	97	90	95	95	95	95	95	95	95	95	85	95	0.87	0.3	2.44	0.07	0.01	0	0	0	0	0.47	0.43	0.07	0.01	0.07	0.31	4000	0	6.65	0.8	0	0	0	46.6	42.7	7.45	0	0	0	0	0	0	0	0	0	0	0	0	1	0	0	0	88	89	92	91	73	93	93	88	92	87	91	92	86	88	88	76	92	91	73	93	93	88	92	87	91	92	86	88	3.21	5.84	0.3	11.29	7.69	0.84	5.95	3.04	1.37	7.47	0.45	1.84	3.21	5.84	0.3	11.29	7.69	0.84	5.95	3.04	1.37	7.47	0.45	1.84	630
20005	AP301. Spray-dried animal blood cells. APC	0.8	97	3	92	0.3	0	4	0.7	0	0	0.7	0	0	0.7	22	5246	4774	4774	4774	4774			4722	4774	4774	4774	4722	4774	4774	4774	4390	18.3	18.3	18.3	18.3			11.8	10.2	10.2	10.2	11.8	10.2	10.2	10.2	4	7.5	0.6	13.4	8.2	0.6	5.43	4.44	1.2	6.26	0.6	1.2	2.2	7.63	8.7	11.4	4.7	4.4	7.6	51.63	39.6	0.15	4.35	8.15	0.65	14.57	8.91	0.65	5.9	4.83	1.3	6.8	0.65	2.39	9.46	12.39	5.11	4.78	8.26	3.96	6.75	0.59	13.27	7.79	0.57	5.16	4.22	1.14	5.94	0.56	1.13	2.13	0.01	0.2	0.25	5	0	0	0	0.2	0	0	0	0.17	0.17	0.16	0.17	0.6	0.8	0.25	0.02	0.34	7	27000	6.4	0.58	20	0	0.09	0.09	0.4	24	3.2	4.4	3	0.3	0.01	0	0	0	0.74	0.5	800	50	0	0	0	0	0	89	91	90	91	99	85	80	85	90	91	90	91	85	95	70	85	90	90	90	90	0	30	0	30	86.3	83.7	0.3	4774	0.69	0	0	0	99	90	99	99	95	95	95	95	95	95	94	97	0.87	0.3	2.44	0.02	0	0	0	0	0	0.06	0.16	0.08	0	0.02	0.09	4000	0	6.65	0.8	0	0	0	19.3	52.7	26.9	0	0	0	0	0	0	0	0	0	0	0	0	1	0	0	0	88	89	92	91	73	93	93	88	92	87	91	92	86	88	88	76	92	91	73	93	93	88	92	87	91	92	86	88	3.68	6.82	0.44	12.46	7.63	0.53	4.99	3.87	1.09	5.76	0.52	1.94	3.68	6.82	0.44	12.46	7.63	0.53	4.99	3.87	1.09	5.76	0.52	1.94	900
20006	AP920. Spray-dried animal blood plasma. APC	0.8	92	8	78	0.3	0	10	3.7	0	0	3.7	0	3.7	0	19	4577	4531	4531	4531	4531			4531	4531	4531	4531	4531	4531	4531	4531	4177	17	17.2	17.2	17.1			11.1	9.7	9.7	9.7	11.1	9.7	9.7	9.7	4.7	2.8	2.9	10.92	6.8	0.6	4.6	3.88	1.4	5.3	2.5	3.1	3.6	8.2	9.36	7.9	3	4.7	6.08	43.9	37.14	0.15	6.03	3.59	3.72	14	8.72	0.77	5.9	4.98	1.8	6.8	3.21	4.62	12	10.13	3.85	6.03	7.8	4.65	2.52	2.87	10.81	6.46	0.57	4.37	3.69	1.33	5.04	2.35	2.92	3.49	0.15	0.73	1.5	7.3	0	0	0	0.73	0	0	0.57	0.96	0.99	0.61	0.78	2.2	1.1	0.4	0.03	0.4	5	1000	11	0.6	14	0	0.09	0.09	0.4	24	3.2	4.4	3	0.3	0.01	0	0	0	0.74	0.5	800	50	0	0	0	0	0	94	99	90	99	99	85	80	85	99	99	99	99	85	95	70	85	90	90	90	90	0	30	0	30	86.5	77.2	0.3	4531	3.66	0	0	0	99	90	99	99	95	95	95	95	95	95	94	97	0.87	0.3	2.44	0.02	0	0	0	0	0	0.08	0.2	0.02	0	0.02	0.09	4000	0	5.2	0.55	0	0	0	27.3	65.25	5.75	0	0	0	0	0	0	0	0	0	0	0	0	1	0	0	0	88	89	92	91	73	93	93	88	92	87	91	92	86	88	88	76	92	91	73	93	93	88	92	87	91	92	86	88	4.32	2.55	2.12	10.16	6.32	0.53	4.23	3.38	1.27	4.88	2.15	3.17	4.32	2.55	2.12	10.16	6.32	0.53	4.23	3.38	1.27	4.88	2.15	3.17	900
20007	Blood meal. ring dried. 89% CP	0.8	95.5	4.5	89.9	0.5	0.2	4	0.9	0	0	1.1	0	0	1.1	22	5163	4388	4388	4388	4388			4337	4388	4388	4388	4337	4388	4388	4388	4038	16.7	16.7	16.7	16.7			10.9	9.4	9.4	9.4	10.9	9.4	9.4	9.4	3.12	4.93	0.7	12.34	8.43	1.21	6.63	4.37	1.32	7.28	1.74	2.95	2.7	9.33	8.54	9.62	4.05	4.4	7.1	50.33	38.15	0.15	3.47	5.48	0.78	13.73	9.38	1.35	7.38	4.86	1.47	8.1	1.94	3	9.5	10.7	4.51	4.89	7.9	2.71	4.29	0.61	10.74	7.33	1.05	5.77	3.8	1.15	6.33	1.51	2.57	2.35	0.29	0.23	7.25	5.75	0	0	0	0.23	0	0	0	0.19	0.2	0.18	0.19	0.6	0.53	0.36	0.02	0.34	10	2021	7.3	0.58	24	0	0.09	0.1	0.2	27.2	2.8	2	2	0.35	0.01	0	0	600	0.74	0.5	818	50	0	0	0	0	0	84	85	90	85	99	85	80	85	84	85	84	85	85	95	70	85	90	90	90	90	0	30	0	30	80.2	76.4	0.5	4388	1.1	0	0	0	87	87	87	87	87	87	87	87	87	87	87	87	0.87	0.3	2.44	0.03	0	0	0	0	0	0.23	0.21	0.04	0	0.04	0.15	2518	0	6.65	0.8	0	0	0	46.6	42.7	7.45	0	0	0	0	0	0	0	0	0	0	0	0	1	0	0	0	85	87	99	98	53	98	98	94	98	96	97	98	89	88	85	87	99	98	53	98	98	94	98	96	97	98	89	88	3.09	4.83	0.37	12.09	8.26	1.14	6.5	4.19	1.28	7.13	1.55	2.38	3.09	4.83	0.37	12.09	8.26	1.14	6.5	4.19	1.28	7.13	1.55	2.38	630
20008	Blood meal. spray dried. poultry. 90% CP	0.8	97.2	2.8	90.2	1	0	4.4	1.6	0	0	1.6	0	0	1.6	22	5246	5089	5089	5089	5089			5036	5036	5036	5036	5036	5036	5036	5036	4687	19.3	19.3	19.3	19.3			12.6	10.9	10.9	10.9	12.6	10.9	10.9	10.9	4.33	6.31	0.4	11.93	8.13	0.93	6.36	4.31	1.48	7.98	0.51	1.44	2.05	8.41	7.11	9.91	4.07	4.12	7.5	52.16	35.27	0.15	4.8	6.99	0.44	13.22	9.01	1.03	7.05	4.78	1.64	8.85	0.56	2.27	7.88	10.98	4.51	4.57	8.31	4.2	5.68	0.38	11.33	7.72	0.88	6.04	4.1	1.41	7.58	0.43	1.32	1.95	0.3	0.37	6.81	8.4	0	0	0	0.36	0	0	0	0.3	0.31	0.29	0.3	0.6	0.53	0.36	0.02	0.34	7	2769	6.4	0.58	20	0	0.09	0.09	0.4	24	3.2	4.4	3	0.3	0.01	0	0	0	0.74	0.5	800	50	0	0	0	0	0	95	97	90	97	99	85	80	85	96	96	96	96	85	95	70	85	90	90	90	90	0	30	0	30	92.3	87.5	0.9	5089	1.56	0	0	0	97	90	95	95	95	95	95	95	95	95	85	95	0.87	0.3	2.44	0.07	0.01	0	0	0	0	0.47	0.43	0.07	0.01	0.07	0.31	4000	0	6.65	0.8	0	0	0	46.6	42.7	7.45	0	0	0	0	0	0	0	0	0	0	0	0	1	0	0	0	88	89	92	91	73	93	93	88	92	87	91	92	86	88	88	76	92	91	73	93	93	88	92	87	91	92	86	88	3.99	5.74	0.29	11.09	7.56	0.82	5.85	3.75	1.35	7.34	0.44	1.8	3.99	5.74	0.29	11.09	7.56	0.82	5.85	3.75	1.35	7.34	0.44	1.8	951
20015	Blood meal. poultry. 90% CP	0.8	96.5	3.5	92.9	1	0.2	2.4	0	0	0	0.2	0	0	0.2	22	5342	4861	4861	4861	4861			4861	4861	4861	4861	4861	4861	4861	4861	4473	18.7	18.7	18.7	18.7			12.2	10.5	10.5	10.5	12.2	10.5	10.5	10.5	4.91	5.57	1.51	10.78	8.45	1.27	5.67	4.43	1.19	6.2	1.31	2.58	2.82	8.49	8.92	10.05	4.23	4.6	7.42	49.98	39.35	0.15	5.28	6	1.63	11.6	9.1	1.37	6.1	4.77	1.28	6.67	1.41	3.04	9.6	10.82	4.55	4.95	7.99	4.26	4.84	1.31	9.36	7.34	1.1	4.92	3.85	1.03	5.39	1.14	2.24	2.45	0.3	0.23	12.5	9.58	0	0	0	0.22	0	0	0	0.18	0.19	0.18	0.18	0.24	0.23	0.4	0.14	0.42	17.77	1811.61	7.61	1.22	63.1	0	0.09	0.19	0.11	22.5	2.2	4.43	2.25	0.35	0.01	0	0	600	0.74	0.5	800	50	0	0	0	0	0	90	91	94	91	85	85	85	85	91	91	91	91	85	95	70	85	90	90	90	90	0	30	0	30	86.9	84.5	0.9	4861	0.17	0	0	0	87	87	87	87	87	87	87	87	87	87	87	87	0.87	0.3	2.44	0.07	0.01	0	0	0	0	0.47	0.43	0.07	0.01	0.07	0.31	400	0	6.65	0.8	0	0	0	46.6	42.7	7.45	0	0	0	0	0	0	0	0	0	0	0	0	1	0	0	0	86	87	92	92	92	92	94	96	91	93	93	94	94	91	86	87	92	92	92	92	94	96	91	93	93	94	94	91	4.52	5.13	1.39	9.91	7.95	1.22	5.16	4.12	1.11	5.83	1.23	2.57	4.52	5.13	1.39	9.91	7.95	1.22	5.16	4.12	1.11	5.83	1.23	2.57	951
20016	Blood meal. poultry. 90. SONAC	0.8	98	2	95.6	0.4	0	2	0	0	0	0	0	0	0	23	5430	5213	5213	5213	5213			5213	5213	5213	5213	5213	5213	5213	5213	4792	20	20	20	20			12.9	11.1	11.1	11.1	12.9	11.1	11.1	11.1	5.09	5.28	3.84	10.27	8.64	1.25	5.86	4.7	1.73	6.34	1.54	2.78	3.17	9.02	9.7	8.64	3.74	4.03	7.49	52.99	38.3	0	5.32	5.52	4.02	10.74	9.04	1.31	6.13	4.92	1.81	6.63	1.61	3.31	10.14	9.04	3.92	4.22	7.83	4.58	4.75	3.46	9.24	7.78	1.12	5.27	4.23	1.56	5.7	1.38	2.51	2.85	0.16	0.6	8	30	0	0	0	0.6	0	0	0	0.5	0.51	0.48	0.5	0.24	0.33	0.17	0.03	0.34	7	2769	6.4	0.58	20	0	0.09	0.09	0.4	24	3.2	4.4	3	0.3	0.01	0	0	0	0.74	0.5	800	50	0	0	0	0	0	95	96	70	96	85	85	85	85	96	96	96	96	85	95	70	85	90	90	90	90	0	30	0	30	93.1	91.8	0.3	5213	0	0	0	0	90	90	90	90	90	90	90	90	90	90	90	90	0.87	0.3	2.44	0.03	0	0	0	0	0	0.19	0.17	0.03	0	0.03	0.12	160	0	6.65	0.8	0	0	0	46.6	42.7	7.45	0	0	0	0	0	0	0	0	0	0	0	0	1	0	0	0	88	89	92	91	73	93	93	88	92	87	91	92	86	88	88	76	92	91	73	93	93	88	92	87	91	92	86	88	4.68	4.8	2.8	9.55	8.04	1.1	5.39	4.09	1.57	5.83	1.32	2.79	4.68	4.8	2.8	9.55	8.04	1.1	5.39	4.09	1.57	5.83	1.32	2.79	951
20017	Blood meal. porcine. SONAC	0.8	96.2	3.8	94.2	0.2	0	1.8	0	0	0	0	0	0	0	22	5332	4906	4906	4906	4906			4906	4906	4906	4906	4906	4906	4906	4906	4508	18.8	18.8	18.8	18.8			12.2	10.5	10.5	10.5	12.2	10.5	10.5	10.5	4.05	6.41	1.04	12.34	8.57	0.66	6.31	3.3	1.41	8.38	1.04	1.7	2.44	8.75	8.2	10.74	4.33	4.33	7.35	52.47	38.43	0	4.3	6.8	1.1	13.1	9.1	0.7	6.7	3.5	1.5	8.9	1.1	2.59	8.7	11.4	4.6	4.6	7.8	3.65	5.77	0.93	11.1	7.72	0.59	5.68	2.97	1.27	7.54	0.93	1.53	2.2	0.06	0.08	3.33	4.44	0	0	0	0.07	0	0	0	0.06	0.06	0.06	0.06	0.2	0.3	0.15	0.03	0.34	7	2769	6.4	0.58	20	0	0.09	0.09	0.4	24	3.2	4.4	3	0.3	0.01	0	0	0	0.74	0.5	800	50	0	0	0	0	0	91	92	70	92	85	85	85	85	92	92	92	92	85	95	70	85	90	90	90	90	0	30	0	30	87.5	86.7	0.1	4906	0	0	0	0	90	90	90	90	90	90	90	90	90	90	90	90	0.87	0.3	2.44	0.01	0	0	0	0	0	0.09	0.09	0.01	0	0.01	0.06	80	0	6.65	0.8	0	0	0	46.6	42.7	7.45	0	0	0	0	0	0	0	0	0	0	0	0	1	0	0	0	88	89	92	91	73	93	93	88	92	87	91	92	86	88	88	76	92	91	73	93	93	88	92	87	91	92	86	88	3.73	5.83	0.76	11.47	7.97	0.58	5.81	2.87	1.28	7.71	0.89	2.15	3.73	5.83	0.76	11.47	7.97	0.58	5.81	2.87	1.28	7.71	0.89	2.15	901
20018	Hemoglobin powder. 92% CP. SONAC	0.8	96.5	3.5	92	0.2	0	4.3	0	0	0	0	0	0	0	22	5208	4687	4687	4687	4687			4687	4687	4687	4687	4687	4687	4687	4687	4307	18	18	18	18			11.6	10	10	10	11.6	10	10	10	3.68	7.18	0.46	12.6	8.28	0.64	6.35	2.76	1.47	8.46	0.55	1.2	1.93	8.28	7.36	10.95	4.51	3.96	7.54	51.89	36.8	0	4	7.8	0.5	13.7	9	0.7	6.9	3	1.6	9.2	0.6	2.1	8	11.9	4.9	4.3	8.2	3.31	6.46	0.41	11.34	7.45	0.58	5.71	2.48	1.32	7.62	0.5	1.08	1.74	0.04	0.29	0.93	6.74	0	0	0	0.28	0	0	0	0.24	0.24	0.22	0.24	0.91	0.7	1.13	0.03	0.34	7	2769	6.4	0.58	20	0	0.09	0.09	0.4	24	3.2	4.4	3	0.3	0.01	0	0	0	0.74	0.5	800	50	0	0	0	0	0	88	90	70	90	85	85	85	85	90	90	90	90	85	95	70	85	90	90	90	90	0	30	0	30	84.9	82.8	0.1	4687	0	0	0	0	90	90	90	90	90	90	90	90	90	90	90	90	0.87	0.3	2.44	0.01	0	0	0	0	0	0.09	0.09	0.01	0	0.01	0.06	80	0	6.65	0.8	0	0	0	46.6	42.7	7.45	0	0	0	0	0	0	0	0	0	0	0	0	1	0	0	0	88	89	92	91	73	93	93	88	92	87	91	92	86	88	88	76	92	91	73	93	93	88	92	87	91	92	86	88	3.39	6.53	0.34	11.72	7.7	0.57	5.84	2.4	1.34	7.79	0.47	1.7	3.39	6.53	0.34	11.72	7.7	0.57	5.84	2.4	1.34	7.79	0.47	1.7	901
20019	Dried plasma protein. Proglobulin 80. SONAC	2.6	93	7	82	2	0	6.3	2.7	0	0	2.7	0	0	2.7	21	4921	4380	4380	4380	4380			4281	4331	4331	4331	4281	4331	4331	4331	4041	16.6	16.6	16.6	16.6			10.8	9.4	9.4	9.4	10.8	9.4	9.4	9.4	5.02	2.73	3.15	11.28	7.67	0.76	5.11	4.99	0.85	5.66	1.32	2.08	4.29	9.4	6.56	8.32	3.19	4.91	4.75	47.23	33.34	0	6.12	3.33	3.84	13.76	9.35	0.93	6.23	6.09	1.04	6.9	1.61	5.23	8	10.15	3.89	5.99	5.79	4.52	2.46	2.83	10.15	6.9	0.68	4.6	4.49	0.77	5.09	1.19	1.87	3.86	0.05	0.09	0.79	1.42	0	0	0	0.08	0	0	0	0.07	0.07	0.06	0.07	3.97	1	0.03	0.01	0.4	5	1000	11	0.6	14	0	0.09	0.09	0.4	24	3.2	4.4	3	0.3	0.01	0	0	0	0.74	0.5	800	50	0	0	0	0	0	87	90	70	89	85	85	85	85	87	88	87	88	85	95	70	85	90	90	90	90	0	30	0	30	80.9	73.8	1.4	4380	2.3	0	0	0	90	90	90	90	90	90	90	90	90	90	90	90	0.87	0.3	2.44	0.13	0.02	0	0	0	0	0.93	0.85	0.15	0.02	0.15	0.62	800	0	6.65	0.8	0	0	0	46.6	42.7	7.45	0	0	0	0	0	0	0	0	0	0	0	0	1	0	0	0	88	89	92	91	73	93	93	88	92	87	91	92	86	88	88	76	92	91	73	93	93	88	92	87	91	92	86	88	4.62	2.48	2.3	10.49	7.13	0.67	4.7	4.34	0.78	5.21	1.14	3.78	4.62	2.48	2.3	10.49	7.13	0.67	4.7	4.34	0.78	5.21	1.14	3.78	901
21000	Feather meal. steam hydrolyzed	0.5	95	5	80.9	5.9	0.9	2.3	5	0	0	5.9	0.4	0	5.5	22	5354	4229	4229	4229	4229			4122	4176	4176	4176	4122	4176	4176	4176	3929	15.9	16	16	15.9			10.7	9.6	9.6	9.6	10.7	9.6	9.6	9.6	5.47	1.41	3.8	6.31	2.35	0.61	4.85	3.35	1.21	6.41	4.32	4.93	2.15	7	8.76	6.15	8.02	9.39	4.35	35.77	43.13	0.05	6.76	1.74	4.7	7.8	2.9	0.75	6	4.14	1.5	7.92	5.34	2.66	10.83	7.6	9.91	11.61	5.38	4.06	0.91	2.82	4.69	1.74	0.4	3.6	2.49	0.9	4.76	2.59	2.99	1.6	0.26	0.79	11.3	34.34	0	0	0	0.78	0	0	0	0.66	0.66	0.62	0.66	0.15	0.24	0.12	0.1	0.52	7.14	194	6.93	0.79	87.4	0	0.01	0.07	0.36	37	10.5	3.71	6.25	0.15	0.15	0	0	0	3.54	1	3455	100	0	0	0	0	0	79	81	74	79	60	85	80	85	77	78	77	78	85	95	70	85	90	90	90	90	0	30	0	30	75.1	65.5	4.4	4229	3.54	0.34	0.32	0.34	74	65	74	74	74	65	74	74	74	74	60	74	1.4	0.68	1.39	1.15	0.06	0	0	0	0	1.84	2.54	1.27	0.07	1.28	0.06	1429	0	19.5	1	0	0	0	31.2	43.1	21.6	0	0	0	0	0	0	0	0	0	0	0	0	0	0.2	0	0	73	74	74	74	74	74	74	74	74	74	74	74	74	74	73	74	80	74	82	79	76	75	82	79	72	78	65	74	4.05	1.04	2.81	4.67	1.74	0.45	3.59	2.48	0.9	4.74	3.2	1.59	4.37	1.04	3.12	4.99	1.78	0.46	3.98	2.65	0.87	5	2.81	1.59	761
21001	Feather meal A. 77% CP	0.5	90.2	9.8	77.2	5.8	0.7	4.4	2.1	0	0	2.8	0	0	2.8	21	5010	3907	3907	3907	3907			3857	3907	3907	3907	3857	3907	3907	3907	3621	14.9	14.9	14.9	14.9			9.9	8.8	8.8	8.8	9.9	8.8	8.8	8.8	5.29	1.28	3.27	6.18	2.64	0.91	3.59	3.13	0.76	6.18	4.34	5.25	2.54	6.13	8.36	5.49	8.47	8.79	4.61	33.23	42.6	0.05	6.85	1.66	4.24	8.01	3.42	1.18	4.65	4.05	0.98	8	5.62	3.29	10.83	7.12	10.97	11.39	5.97	4.07	0.83	2.52	4.76	2.03	0.59	2.76	2.41	0.58	4.75	2.6	3.19	1.95	1	0.92	22.72	21	0	0.19	0	0.72	0	0	0.41	0.85	0.88	0.6	0.73	0.19	0.23	0.12	0.1	1.37	53.64	262.75	11.4	1.36	110	0	0.04	0.04	0.22	21.1	8.9	4.39	2	0.11	0.8	0	0	0	2.98	1	894	100	0	0	0	0	0	77	81	60	78	31	85	80	85	77	78	77	78	85	95	70	85	90	90	90	90	0	30	0	30	69.5	62.5	3.5	3907	0.87	0	0	0	77	65	77	77	77	65	77	77	77	77	60	77	1.4	0.68	1.39	1.13	0.06	0	0	0	0	1.81	2.5	1.25	0.06	1.26	0.06	1343	0	19.5	1	0	0	0	31.2	43.1	21.6	0	0	0	0	0	0	0	0	0	0	0	0	0	0	0	0	74	77	77	77	77	77	77	77	77	77	77	77	77	77	74	77	80	74	82	79	76	75	82	79	72	78	65	74	4.07	0.99	2.52	4.76	2.03	0.7	2.76	2.41	0.58	4.76	3.34	1.96	4.23	0.95	2.68	4.89	2.01	0.68	2.94	2.47	0.55	4.82	2.82	1.88	761
21002	Feather meal. 81% CP	0.5	95.3	4.7	80.9	9.7	0.9	1.9	1.9	0	0	2.8	0	0	2.8	23	5581	4409	4409	4409	4409			4353	4409	4409	4409	4353	4409	4409	4409	4108	17	17	17	17			11.6	10.4	10.4	10.4	11.6	10.4	10.4	10.4	5.3	1.33	3.8	6.5	2.92	0.93	4.8	3.8	0.74	6.84	4.43	5.36	2.56	7.36	8.76	6.15	8.83	9.39	4.35	36.97	44.46	0.05	6.55	1.65	4.7	8.04	3.61	1.15	5.93	4.7	0.92	8.46	5.47	3.17	10.83	7.6	10.91	11.61	5.38	3.93	0.87	2.82	4.83	2.17	0.6	3.56	2.82	0.55	5.08	2.66	3.26	1.9	0.21	0.48	11	25.5	0	0	0	0.6	0	0	0	0.5	0.51	0.48	0.5	0.1	0.2	0.12	0.04	0.6	15	195	12	0.79	108	0	0.01	0.07	0.36	37	10.5	3.71	6.25	0.15	0.15	0	0	0	3.54	1	3455	100	0	0	0	0	0	79	81	74	79	60	85	80	85	78	79	78	79	85	95	70	85	90	90	90	90	0	30	0	30	75.3	65.5	7.2	4409	1.68	0	0	0	74	65	74	74	74	65	74	74	74	74	60	74	1.4	0.68	1.39	1.89	0.1	0	0	0	0	3.03	4.18	2.1	0.11	2.1	0.1	1343	0	19.5	1	0	0	0	31.2	43.1	21.6	0	0	0	0	0	0	0	0	0	0	0	0	0	0.2	0	0	73	74	74	74	74	74	74	74	74	74	74	74	74	74	73	74	80	74	82	79	76	75	82	79	72	78	65	74	3.92	0.99	2.81	4.81	2.16	0.69	3.55	2.81	0.55	5.06	3.28	1.9	4.24	0.99	3.12	5.14	2.22	0.7	3.94	3	0.53	5.34	2.88	1.9	761
21003	Feather meal B. 77% CP	0.5	90.2	9.8	77.2	5.9	0.9	4.4	1.8	0	0	2.7	0	0	2.7	21	5014	3911	3911	3911	3911			3861	3911	3911	3911	3861	3911	3911	3911	3624	14.9	14.9	14.9	14.9			10	8.8	8.8	8.8	10	8.8	8.8	8.8	5.3	1.05	3.4	6.2	2.1	0.58	3.7	3.6	0.7	5.87	4.32	4.9	2.54	6.24	8.36	5.48	8.28	8.79	4.61	32.5	42.38	0.05	6.87	1.36	4.4	8.03	2.72	0.75	4.79	4.66	0.91	7.61	5.59	3.29	10.83	7.1	10.73	11.39	5.97	4.08	0.68	2.62	4.77	1.62	0.38	2.85	2.77	0.54	4.52	2.59	2.97	1.95	0.74	1.2	16.81	27.27	0	0.47	0	0.72	0	0	0.47	0.89	0.92	0.6	0.75	0.2	0.25	0.12	0.36	1.37	53.64	262.75	11.4	1.36	110	0	0.04	0.04	0.22	21.1	8.9	4.39	2	0.11	0.8	0	0	0	2.98	1	894	100	0	0	0	0	0	77	81	60	78	31	85	80	85	77	78	77	78	85	95	70	85	90	90	90	90	0	30	0	30	69.5	62.5	3.5	3911	0.84	0	0	0	77	65	77	77	77	65	77	77	77	77	60	77	1.4	0.68	1.39	1.15	0.06	0	0	0	0	1.84	2.54	1.27	0.07	1.28	0.06	1343	0	19.5	1	0	0	0	31.2	43.1	21.6	0	0	0	0	0	0	0	0	0	0	0	0	0	0.2	0	0	74	77	77	77	77	77	77	77	77	77	77	77	77	77	74	77	80	74	82	79	76	75	82	79	72	78	65	74	4.08	0.81	2.62	4.77	1.62	0.45	2.85	2.77	0.54	4.52	3.32	1.96	4.24	0.78	2.79	4.9	1.6	0.43	3.03	2.84	0.51	4.58	2.81	1.88	761
21004	Feather meal (+feet+head mix). high ash. 60% CP	0.5	95.3	4.8	60	11.1	0.9	18.9	4.3	0	0	5.2	0	0	5.2	19	4632	3242	3242	3242	3242			3150	3242	3242	3242	3150	3242	3242	3242	3036	12.4	12.4	12.4	12.4			8.6	7.8	7.8	7.8	8.6	7.8	7.8	7.8	3.63	1.02	3.3	4.78	1.72	0.58	3.9	2.7	0.5	4.86	3.2	3.78	2.84	6.74	6.5	5.73	5.94	9.26	4.26	26.99	37.73	0.05	6.05	1.7	5.5	7.97	2.87	0.97	6.5	4.5	0.83	8.1	5.33	4.73	10.83	9.55	9.9	15.43	7.1	2.79	0.66	2.54	3.68	1.32	0.38	3	2.08	0.38	3.74	2.46	2.84	2.19	4	2.72	21.14	14.37	0	1.96	0	0.75	0	0	1.96	1.81	1.91	0.7	1.22	0.2	0.25	0.12	0.36	1.37	53.64	262.75	11.4	1.36	110	0	0.04	0.04	0.22	21.1	8.9	4.39	2	0.11	0.8	0	0	0	2.98	1	894	100	0	0	0	0	0	66	75	60	70	31	85	80	85	68	70	68	70	85	95	70	85	90	90	90	90	0	30	0	30	62.9	45	6.7	3242	1.62	0	0	0	77	65	77	77	77	65	77	77	77	77	77	77	0.87	0.3	2.44	2.16	0.11	0	0	0	0	3.46	4.78	2.4	0.12	2.4	0.12	1343	0	19.5	1	0	0	0	31.2	43.1	21.6	0	0	0	0	0	0	0	0	0	0	0	0	0	0.2	0	0	74	77	77	77	77	77	77	77	77	77	77	77	77	77	74	77	80	74	82	79	76	75	82	79	72	78	65	74	2.8	0.79	2.54	3.68	1.32	0.45	3	2.08	0.38	3.74	2.46	2.19	2.9	0.75	2.71	3.78	1.31	0.44	3.2	2.13	0.36	3.79	2.08	2.1	761
21005	Feather meal. double hydrolyzed. Goldmehl FM. GePro	0.5	96.7	3.3	87	7	0.7	2	0	0	0	0.7	0	0	0.7	23	5588	4862	4862	4862	4862			4862	4862	4862	4862	4862	4862	4862	4862	4514	18.9	18.9	18.9	18.9			12.7	11.3	11.3	11.3	12.7	11.3	11.3	11.3	6.7	1.57	4.4	7.06	1.7	0.66	4.4	4	0.9	6.21	4.7	5.36	3.81	8.21	9.42	6.3	8.2	11.6	3.6	37.6	47.63	0.05	7.7	1.8	5.06	8.12	1.95	0.76	5.06	4.6	1.03	7.14	5.4	4.38	10.83	7.24	9.43	13.33	4.14	5.83	1.36	3.83	6.15	1.48	0.58	3.83	3.48	0.78	5.4	3.76	4.33	3.32	0.29	0.6	14.5	30	0	0	0	0.59	0	0	0	0.5	0.5	0.47	0.5	0.08	0.2	0.12	0.04	0.6	37	171	13	0.72	104	0	0	0.08	0.39	41	11.6	4.2	6.51	0.19	0.1	0	0	0	3.62	1	3500	100	0	0	0	0	0	86	87	90	87	60	85	80	85	87	87	87	87	85	95	70	85	90	90	90	90	0	30	0	30	83.2	75.7	6.3	4862	0.42	0	0	0	87	87	87	87	87	87	87	87	87	87	80	87	0.87	0.3	2.44	1.37	0.07	0	0	0	0	2.18	3.02	1.51	0.08	1.52	0.07	1343	0	19.5	1	0	0	0	31.2	43.1	21.6	0	0	0	0	0	0	0	0	0	0	0	0	0	0.2	0	0	84	85	85	85	85	85	85	85	85	85	85	85	70	85	85	85	86	80	88	84	75	81	86	82	66	84	63	77	5.69	1.33	3.74	6	1.44	0.56	3.74	3.4	0.76	5.28	3.29	3.24	5.76	1.25	3.87	5.93	1.27	0.54	3.79	3.28	0.59	5.22	2.96	2.93	761
21006	Feather meal. Kerapro. 85% CP. SONAC	0.5	95.1	4.9	88	5.5	0	1.6	0	0	0	0	0	0	0	23	5476	4654	4654	4654	4654			4654	4654	4654	4654	4654	4654	4654	4654	4303	18.1	18.1	18.1	18.1			12	10.5	10.5	10.5	12	10.5	10.5	10.5	6.88	1.62	4.8	8.21	2.12	0.7	4.91	4.58	0.75	7.54	5.54	6.24	2.82	7.73	9.53	6.95	7.13	10.27	4.49	42.11	46.72	0	7.82	1.84	5.45	9.33	2.41	0.8	5.58	5.2	0.85	8.57	6.29	3.2	10.83	7.9	8.1	11.67	5.1	6.19	1.46	4.32	7.39	1.91	0.63	4.42	4.12	0.67	6.79	4.98	5.62	2.53	0.21	0.13	13.12	8.12	0	0	0	0.12	0	0	0	0.1	0.1	0.1	0.1	0.07	0.15	0.12	0.03	0.6	37	171	13	0.72	104	0	0	0.08	0.39	41	11.6	4.2	6.51	0.19	0.1	0	0	0	3.62	1	3500	100	0	0	0	0	0	85	87	70	85	85	85	80	85	85	85	85	85	85	95	70	85	90	90	90	90	0	30	0	30	80.8	76.6	3.9	4654	0	0	0	0	90	90	90	90	90	90	90	90	90	90	90	90	0.87	0.3	2.44	1.07	0.06	0	0	0	0	1.72	2.37	1.19	0.06	1.19	0.06	2200	0	19.5	1	0	0	0	31.2	43.1	21.6	0	0	0	0	0	0	0	0	0	0	0	0	0	0.2	0	0	84	85	85	85	85	85	85	85	85	85	85	85	70	85	85	85	86	80	88	84	75	81	86	82	66	84	63	77	5.85	1.38	4.08	6.98	1.8	0.6	4.17	3.89	0.64	6.41	3.87	2.39	5.92	1.3	4.22	6.9	1.59	0.57	4.22	3.75	0.49	6.33	3.49	2.17	761
22000	Meat and bone meal. 37% CP	0.3	92.9	7.1	37.1	11.5	2.8	38.4	3.1	0	0	5.9	0	0	6	14	3406	2622	2622	2622	2622			2452	2520	2520	2520	2452	2520	2520	2520	2481	9.7	9.7	9.7	9.7			6.9	6.5	6.5	6.5	6.9	6.5	6.5	6.5	3.11	1	1.73	2.69	2.54	0.73	1.42	1.33	0.53	2.21	0.52	1.25	0.97	2.39	5.52	2.75	4.86	1.48	3.01	17.29	19.11	0.04	8.39	2.7	4.65	7.24	6.85	1.98	3.83	3.59	1.43	5.96	1.4	2.62	14.89	7.41	13.1	3.99	8.1	2.42	0.78	1.34	2.09	1.97	0.57	1.1	1.03	0.41	1.72	0.34	0.91	0.75	13.94	6.97	36.34	18.17	0	6.11	0	0.85	0	0	6.11	4.38	4.69	0.99	2.55	0.44	0.55	1.2	0.22	0.5	38	816.4	11.7	0.43	66.9	0	0	0.08	0.3	45	5	6	4	0.1	0.01	0	16667	200	1.62	1	2000	100	10	0	0	0	0	67	83	67	77	75	85	80	85	72	74	72	74	85	95	70	85	90	90	90	90	0	30	0	30	62.2	30.8	7.7	2622	4.46	0	0	0	78	78	78	78	78	78	78	78	78	78	65	78	2.49	1.79	5.29	1.17	0.11	0	0	0	0	4.72	5.16	1.29	0.13	1.3	2.29	919	0	10.2	1	0	0	0	41.1	44.9	11.2	0	0	0	0	0	0	0	0	0	0	0	0	0.7	0.2	0	0	65	78	83	83	82	81	80	83	81	80	78	79	63	78	65	78	81	77	76	77	73	77	76	73	74	74	60	64	2.58	0.83	1.41	2.18	2.03	0.61	1.15	1.06	0.41	1.75	0.33	0.76	2.52	0.77	1.31	2.07	1.86	0.56	1.08	0.97	0.39	1.64	0.31	0.62	556
22001	Meat and bone meal. 45% CP	0.3	93.5	6.5	45.3	8.5	2.5	37	0.2	0	0	2.7	0	0	2.7	14	3456	2869	2869	2869	2869			2765	2799	2799	2799	2765	2799	2799	2799	2694	10.9	10.9	10.9	10.9			7.6	7	7	7	7.6	7	7	7	3.78	0.96	1.75	3.46	3.11	0.83	1.5	1.46	0.65	2.37	0.72	1.55	1.19	2.69	6.75	3.35	6.04	1.81	3.44	19.87	23.3	0.04	8.34	2.12	3.87	7.63	6.86	1.84	3.31	3.22	1.44	5.24	1.59	2.63	14.9	7.4	13.33	4	7.59	3.02	0.77	1.4	2.76	2.48	0.67	1.2	1.17	0.52	1.9	0.47	1.13	0.95	10.3	5.1	27.83	13.78	0	4.29	0	0.8	0	0	4.29	3.25	3.47	0.85	1.96	0.52	1.45	1.2	0.31	0.35	59	449.7	43.7	0.3	80.6	0	0	0.1	0.37	51.3	5.5	5.86	4.7	0.16	0.02	0	16667	200	0.67	1	2049	100	10	0	0	0	0	70	84	80	83	75	85	80	85	80	81	80	81	85	95	70	85	90	90	90	90	0	30	0	30	65.4	38.1	6.8	2868	2.01	0	0	0	80	80	80	80	80	80	80	80	80	80	65	80	2	1.65	4.5	0.87	0.09	0	0	0	0	3.49	3.82	0.95	0.09	0.96	1.7	980	0	10.2	1	0	0	0	41.1	44.9	11.2	0	0	0	0	0	0	0	0	0	0	0	0	0.7	0.2	0	0	69	80	83	83	82	81	80	83	81	80	78	79	63	78	69	80	83	75	79	74	77	79	79	76	74	77	72	70	3.14	0.8	1.44	2.8	2.48	0.69	1.21	1.17	0.51	1.87	0.45	0.93	3.14	0.72	1.38	2.56	2.39	0.66	1.18	1.11	0.48	1.83	0.52	0.83	556
22002	Meat and bone meal. 50% CP	0.3	93.6	6.4	50.2	10	2.3	30.5	0.6	0	0	2.9	0	0	2.9	16	3881	3260	3260	3260	3260			3183	3222	3222	3222	3183	3222	3222	3222	3065	12.5	12.5	12.5	12.5			8.8	8	8	8	8.8	8	8	8	3.37	1.01	1.74	4.03	3.48	0.98	1.91	1.8	0.77	2.65	0.71	1.69	1.56	3.47	6.84	3.71	6.38	2.01	3.82	21.75	25.03	0.04	6.71	2.01	3.47	8.03	6.94	1.95	3.81	3.59	1.54	5.28	1.41	3.11	13.62	7.39	12.71	4	7.61	2.77	0.83	1.43	3.31	2.86	0.8	1.57	1.48	0.63	2.18	0.46	1.27	1.28	9.6	4.84	31.46	15.86	0	4.03	0	0.8	0	0	4.03	3.09	3.3	0.84	1.88	0.51	0.54	1.4	0.65	0.34	10.5	438	16.77	0.21	93	0	0	0.11	0.51	54.2	4.25	4.6	4.95	0.3	0.05	0	16667	200	0.89	1	1998	100	10	0	0	0	0	73	85	83	84	75	85	80	85	82	83	82	83	85	95	70	85	90	90	90	90	0	30	0	30	68.3	42.7	8.3	3260	2.18	0	0	0	82	82	82	82	82	82	82	82	82	82	65	82	2.49	1.79	5.29	1.02	0.1	0	0	0	0	4.11	4.49	1.12	0.11	1.13	2	1000	0	10.2	1	0	0	0	41.1	44.9	11.2	0	0	0	0	0	0	0	0	0	0	0	0	0.7	0.2	0	0	71	82	83	83	82	81	80	83	81	80	78	79	63	78	71	82	87	80	78	79	77	79	80	78	75	79	61	76	2.8	0.84	1.43	3.26	2.79	0.81	1.55	1.44	0.6	2.09	0.45	1.22	2.93	0.81	1.36	3.18	2.68	0.77	1.53	1.4	0.58	2.09	0.43	1.19	556
22003	Meat and bone meal. 55% CP	0.3	95	5	54.1	7.4	2.4	29.6	1.5	0	0	3.9	0	0	3.9	16	3898	3352	3352	3352	3352			3235	3313	3313	3313	3235	3313	3313	3313	3139	12.7	12.7	12.7	12.7			8.8	8	8	8	8.8	8	8	8	3.73	1.14	1.57	4.28	3.63	1	1.84	1.79	0.91	2.92	0.6	1.6	1.71	3.55	7.52	4	6.87	2.16	4.11	22.81	26.98	0.04	6.9	2.11	2.9	7.91	6.71	1.85	3.4	3.31	1.69	5.4	1.11	3.17	13.9	7.39	12.7	3.99	7.6	3.1	0.95	1.31	3.56	3.02	0.83	1.53	1.49	0.76	2.43	0.39	1.22	1.43	10.11	4.87	34.15	16.45	0	4.06	0	0.8	0	0	4.06	3.11	3.32	0.84	1.89	0.75	0.41	1.4	0.22	0.36	21	615	26	0.36	114	0	0	0.08	0.5	57	5	2.4	4.7	0.6	0.08	0	16667	200	0.89	1	2077	100	10	0	0	0	0	75	86	91	86	75	85	80	85	83	85	83	85	85	95	70	85	90	90	90	90	0	30	0	30	71.2	46.5	6.7	3352	2.89	0	0	0	83	83	83	83	83	83	83	83	83	83	65	83	1.97	1.65	4.4	0.75	0.07	0	0	0	0	3.04	3.32	0.83	0.08	0.84	1.48	1100	0	10.2	1	0	0	0	41.1	44.9	11.2	0	0	0	0	0	0	0	0	0	0	0	0	0.7	0.2	0	0	75	83	83	83	82	81	80	83	81	80	78	79	63	78	75	83	86	83	81	83	80	83	83	78	78	80	75	82	3.1	0.95	1.29	3.46	2.9	0.83	1.49	1.43	0.71	2.31	0.38	1.34	3.21	0.95	1.27	3.55	2.9	0.83	1.53	1.4	0.71	2.34	0.45	1.41	556
22004	Meat and bone meal. 60% CP	0.3	96.1	3.9	60.8	7.9	2.3	24.7	0.4	0	0	2.7	0	0	2.7	18	4278	3722	3722	3722	3722			3636	3679	3679	3679	3636	3679	3679	3679	3479	14.3	14.3	14.3	14.3			9.9	8.9	8.9	8.9	9.9	8.9	8.9	8.9	4.47	1.25	2.56	4.82	5	1.34	2.5	2.32	1.09	3.29	0.67	2.01	2.51	5.01	7.95	4.5	7.72	2.43	4.62	28.64	30.41	0.04	7.35	2.06	4.21	7.93	8.23	2.2	4.11	3.82	1.79	5.41	1.1	4.13	13.08	7.4	12.7	4	7.6	3.8	1.06	2.18	4.1	4.25	1.14	2.13	1.97	0.93	2.79	0.44	1.57	2.14	9.35	4.64	37.85	18.78	0	3.84	0	0.79	0	0	3.84	2.97	3.17	0.82	1.82	0.62	0.34	1.4	0.12	0.3	23.15	378.8	11.37	0.35	140	0	0	0.09	0.5	60	5.5	2.3	4.5	0.7	0.08	0	16667	200	0.89	1	2500	100	10	0	0	0	0	77	87	91	87	75	85	80	85	85	86	85	86	85	95	70	85	90	90	90	90	0	30	0	30	74	52.9	7.2	3722	2.02	0	0	0	85	85	85	85	85	85	85	85	85	85	65	85	1.97	1.65	4.4	0.81	0.08	0	0	0	0	3.26	3.56	0.89	0.09	0.9	1.58	1070	0	10.2	1	0	0	0	41.1	44.9	11.2	0	0	0	0	0	0	0	0	0	0	0	0	0.7	0.2	0	0	75	85	83	83	82	81	80	83	81	80	78	79	63	78	75	85	86	79	84	85	84	86	85	82	81	83	51	82	3.71	1.04	2.1	3.9	4	1.11	2.03	1.86	0.85	2.6	0.42	1.96	3.84	0.99	2.15	4.1	4.2	1.15	2.13	1.9	0.88	2.73	0.34	2.06	556
22005	Meat meal. 55% CP	0.3	93.5	6.5	55.6	5.6	2.3	30	0	0	0	2.3	0	0	2.3	16	3752	3114	3114	3114	3114			3039	3039	3039	3039	3039	3039	3039	3039	2900	11.8	11.8	11.8	11.8			8	7.1	7.1	7.1	8	7.1	7.1	7.1	4	1.22	2.46	4.45	4.95	1.29	2.21	2.03	0.89	3.01	0.61	1.9	2.35	4.56	6.62	4.11	7.06	2.22	4.23	26.5	27.2	0.12	7.19	2.2	4.42	8	8.9	2.32	3.98	3.65	1.59	5.41	1.1	4.23	11.91	7.39	12.7	3.99	7.61	3.31	1.01	2.03	3.68	4.09	1.07	1.83	1.68	0.73	2.48	0.4	1.46	1.94	10.8	5.1	36	17	0	4.29	0	0.81	0	0	4.29	3.25	3.48	0.86	1.97	0.8	0.5	0.6	0.35	4.95	24	404.53	8.13	0.37	94	0.85	0	0.12	0.5	57	5	2.4	4.7	0.22	0.08	0	14000	200	0.89	1	2077	100	8.4	0	0	0	0	72	84	75	83	75	85	80	85	81	81	81	81	85	95	70	85	90	90	90	90	0	30	0	30	67.3	46.7	4.2	3114	1.73	0	0	0	83	83	83	83	83	83	83	83	83	83	65	83	1.8	1.43	4	0.57	0.06	0	0	0	0	2.3	2.51	0.63	0.06	0.63	1.12	1120	0	10.2	1	0	0	0	41.1	44.9	11.2	0	0	0	0	0	0	0	0	0	0	0	0	0.7	0	0	0	72	83	83	83	84	83	83	87	85	82	79	80	58	80	72	83	83	83	84	83	83	87	85	82	79	80	58	80	3.32	1.01	2.07	3.69	4.11	1.12	1.88	1.67	0.7	2.4	0.35	1.88	3.32	1.01	2.07	3.69	4.11	1.12	1.88	1.67	0.7	2.4	0.35	1.88	556
22006	Porcine meal. 65% CP	0.3	97.8	2.2	65.5	13.5	2	16	0.8	0	0	2.8	0	0	2.8	21	5067	4256	4256	4256	4256			4155	4206	4206	4206	4155	4206	4206	4206	4001	16.3	16.3	16.3	16.3			11.5	10.4	10.4	10.4	11.5	10.4	10.4	10.4	4	1.7	2.3	4.6	3.7	0.88	2.7	2.5	0.52	3.2	0.6	1.48	2.3	5	9.5	4.85	8.32	2.62	4.98	26.1	33.17	0.25	6.11	2.6	3.51	7.02	5.65	1.34	4.12	3.82	0.79	4.89	0.92	3.51	14.5	7.41	12.7	4	7.6	3.4	1.38	1.89	3.77	3.03	0.73	2.02	2.03	0.43	2.69	0.39	1.12	1.9	5.2	3	32.5	18.75	0	2.23	0	0.77	0	0	2.23	1.98	2.1	0.73	1.32	0.91	0.32	0.49	0.24	0.47	10.5	505	12.7	0.44	79	0.85	0	0.17	0.4	49	12.9	1.2	4.5	0.2	0.06	0	14000	200	0.89	1	1690	100	8.4	0	0	0	0	78	85	80	84	75	85	80	85	82	83	82	83	85	95	70	85	90	90	90	90	0	30	0	30	76.3	55.7	10.8	4256	2.1	0	0	0	85	81	82	82	82	83	75	81	83	84	65	83	0.87	0.3	2.44	1.38	0.14	0	0	0	0	5.55	6.06	1.51	0.15	1.53	2.7	2700	0	10.2	1	0	0	0	41.1	44.9	11.2	0	0	0	0	0	0	0	0	0	0	0	0	0.7	0.2	0	0	72	83	83	83	84	83	83	87	85	82	79	80	58	80	72	83	83	83	84	83	83	87	85	82	79	80	58	80	3.32	1.41	1.93	3.82	3.07	0.77	2.29	2.05	0.41	2.56	0.35	1.84	3.32	1.41	1.93	3.82	3.07	0.77	2.29	2.05	0.41	2.56	0.35	1.84	556
22007	Porcine meat meal. Dake-58. Daka Proteins	0.3	97.5	2.5	59.7	11.8	0.5	25.2	0.3	0	0	0.8	0	0	0.8	19	4500	3735	3735	3735	3735			3690	3735	3735	3735	3690	3735	3735	3735	3503	14.6	14.6	14.6	14.6			10.2	9.2	9.2	9.2	10.2	9.2	9.2	9.2	4.5	1.18	2.37	5.92	2.94	0.82	3.05	1.81	0.42	2.85	0.27	1.09	2.33	5.38	8.66	4.42	7.58	2.39	4.54	25.86	30.19	0.18	7.54	1.98	3.97	9.92	4.93	1.37	5.11	3.03	0.7	4.77	0.45	3.9	14.5	7.4	12.7	4	7.61	3.78	0.98	1.94	4.91	2.44	0.68	2.5	1.48	0.35	2.37	0.2	0.88	1.93	8.22	4.21	32.61	16.7	0	3.41	0	0.79	0	0	3.41	2.71	2.89	0.8	1.69	0.7	0.32	0.85	0.23	0.61	17	457	11	0.41	86	1	0	0.15	0.5	53	7.2	2	4.6	0.21	0.07	0	14000	200	0.89	1	1947	100	8.4	0	0	0	0	75	85	77	83	75	85	80	85	82	83	82	83	85	95	70	85	90	90	90	90	0	30	0	30	73.1	50.7	9.1	3735	0.6	0	0	0	84	83	82	83	83	83	82	82	83	83	75	83	0.87	0.3	2.44	1.2	0.12	0	0	0	0	4.85	5.3	1.32	0.13	1.34	2.36	2360	0	10.2	1	0	0	0	41.1	44.9	11.2	0	0	0	0	0	0	0	0	0	0	0	0	0.7	0.2	0	0	72	83	83	83	84	83	83	87	85	82	79	80	58	80	72	83	83	83	84	83	83	87	85	82	79	80	58	80	3.74	0.98	1.99	4.91	2.44	0.71	2.59	1.48	0.33	2.28	0.16	1.86	3.74	0.98	1.99	4.91	2.44	0.71	2.59	1.48	0.33	2.28	0.16	1.86	556
22008	Porcine meat and bone meal. Daka 40. Daka Proteins	0.3	96.9	3.1	41.7	9.9	0.5	43.7	1.1	0	0	1.6	0	0	1.6	14	3339	2738	2738	2738	2738			2705	2705	2705	2705	2705	2705	2705	2705	2575	10.6	10.6	10.6	10.6			7.5	6.8	6.8	6.8	7.5	6.8	6.8	6.8	4.1	0.83	1.15	3.24	1.97	0.49	2.26	1.14	0.21	2.66	0.15	0.64	1.74	4	6.05	3.09	5.3	1.67	3.17	18.05	21.17	0.04	9.83	1.99	2.76	7.77	4.72	1.18	5.42	2.73	0.5	6.38	0.36	4.17	14.5	7.41	12.71	4.01	7.6	3.4	0.69	0.95	2.69	1.64	0.41	1.88	0.95	0.17	2.21	0.11	0.52	1.37	16.05	7.73	36.72	17.68	0	6.85	0	0.87	0	0	6.85	4.84	5.19	1.04	2.79	0.7	0.32	0.49	0.36	0.42	49	662	35	0.37	73	1	0	0.09	0.35	47	5.25	5.9	4.35	0.15	0.01	0	16667	200	1.14	1	2025	100	10	0	0	0	0	68	85	75	82	75	85	80	85	81	81	81	81	85	95	70	85	90	90	90	90	0	30	0	30	65.9	35.4	7.4	2738	1.17	0	0	0	83	83	83	83	83	83	83	83	83	83	75	79	0.87	0.3	2.44	1.01	0.1	0	0	0	0	4.07	4.45	1.11	0.11	1.12	1.98	1982	0	10.2	1	0	0	0	41.1	44.9	11.2	0	0	0	0	0	0	0	0	0	0	0	0	0.7	0.2	0	0	72	83	83	83	84	83	83	87	85	82	79	80	58	80	72	83	83	83	84	83	83	87	85	82	79	80	58	80	3.4	0.69	0.97	2.69	1.64	0.43	1.92	0.93	0.17	2.13	0.09	1.39	3.4	0.69	0.97	2.69	1.64	0.43	1.92	0.93	0.17	2.13	0.09	1.39	556
22009	Porcine meat and bone meal. Sonac-50. Sonac CV	0.3	97.8	2.3	55.8	9.6	0.5	31.6	0.3	0	0	0.8	0	0	0.8	17	4073	3380	3380	3380	3380			3340	3340	3340	3340	3340	3340	3340	3340	3163	13.1	13.1	13.1	13.1			9.1	8.2	8.2	8.2	9.1	8.2	8.2	8.2	4.21	1.11	1.23	3.75	3.09	0.85	2.31	1.74	0.4	2.81	0.37	1.22	1.95	4.26	8.09	4.13	7.09	2.23	4.24	21.5	28.1	0.04	7.55	1.99	2.2	6.72	5.54	1.52	4.14	3.12	0.72	5.04	0.66	3.5	14.5	7.4	12.71	4	7.6	3.58	0.94	1.05	3.19	2.63	0.72	1.96	1.48	0.34	2.39	0.28	1	1.54	11.6	5.86	36.7	18.54	0	5.03	0	0.82	0	0	5.03	3.71	3.97	0.91	2.2	0.6	0.32	0.77	0.26	0.47	43	703	29	0.36	79	1	0	0.08	0.35	49	5.25	5.9	4.4	0.15	0.02	0	16667	200	1.14	1	2025	100	10	0	0	0	0	73	85	75	83	75	85	80	85	82	82	82	82	85	95	70	85	90	90	90	90	0	30	0	30	71.4	47.4	7.2	3380	0.57	0	0	0	85	85	85	85	85	85	85	85	85	85	75	79	0.87	0.3	2.44	0.98	0.1	0	0	0	0	3.94	4.31	1.07	0.11	1.09	1.91	1918	0	10.2	1	0	0	0	41.1	44.9	11.2	0	0	0	0	0	0	0	0	0	0	0	0	0.7	0.2	0	0	72	83	83	83	84	83	83	87	85	82	79	80	58	80	72	83	83	83	84	83	83	87	85	82	79	80	58	80	3.49	0.92	1.03	3.11	2.56	0.74	1.96	1.43	0.32	2.25	0.21	1.56	3.49	0.92	1.03	3.11	2.56	0.74	1.96	1.43	0.32	2.25	0.21	1.56	556
22010	Porcine meat meal. Sonac-60. Sonac CV	0.3	96.4	3.6	61.7	11.7	0.5	18.3	4.3	0	0	4.8	0	0	4.8	20	4761	3952	3952	3952	3952			3761	3856	3856	3856	3761	3856	3856	3856	3711	14.8	14.8	14.8	14.8			10.4	9.5	9.5	9.5	10.4	9.5	9.5	9.5	4.61	1.22	2.4	5.41	3.25	0.93	3.16	2.07	0.51	3.06	0.53	1.46	2.36	5.52	8.95	4.57	7.84	2.47	4.69	26.62	31.41	0.18	7.47	1.98	3.89	8.77	5.27	1.51	5.12	3.36	0.83	4.96	0.86	3.83	14.5	7.41	12.71	4	7.6	3.92	1.04	2.04	4.6	2.76	0.79	2.69	1.76	0.43	2.6	0.4	1.19	1.96	5.2	2.95	28.47	16.15	0	2.18	0	0.76	0	0	2.18	1.95	2.06	0.72	1.29	0.69	0.32	0.62	0.22	0.58	16	466	12	0.42	91	1	0	0.14	0.5	52	7.3	2.2	4.6	0.23	0.07	0	14000	200	0.89	1	1888	100	8.4	0	0	0	0	77	85	76	83	75	85	80	85	79	81	79	81	85	95	70	85	90	90	90	90	0	30	0	30	74.2	52.4	8.9	3952	3.59	0	0	0	85	85	85	85	85	85	85	85	85	85	75	83	0.87	0.3	2.44	1.19	0.12	0	0	0	0	4.79	5.23	1.3	0.13	1.32	2.33	2330	0	10.2	1	0	0	0	41.1	44.9	11.2	0	0	0	0	0	0	0	0	0	0	0	0	0.7	0.2	0	0	72	83	83	83	84	83	83	87	85	82	79	80	58	80	72	83	83	83	84	83	83	87	85	82	79	80	58	80	3.83	1.01	2.02	4.49	2.7	0.81	2.69	1.7	0.4	2.45	0.31	1.89	3.83	1.01	2.02	4.49	2.7	0.81	2.69	1.7	0.4	2.45	0.31	1.89	556
22011	Porcine meat and bone meal. Italy. 50% CP	0.3	93.6	6.4	50.2	10	2.3	30.5	0.6	0	0	2.9	0	0	2.9	16	3881	3183	3183	3183	3183			3105	3144	3144	3144	3105	3144	3144	3144	2994	12.2	12.2	12.2	12.2			8.6	7.9	7.9	7.9	8.6	7.9	7.9	7.9	3.37	1.01	1.74	4.03	2.48	0.83	1.91	1.8	0.32	2.3	0.71	1.54	1.76	3.67	7.28	3.71	6.38	2.01	3.82	19.79	25.67	0.04	6.71	2.01	3.47	8.03	4.94	1.65	3.81	3.59	0.64	4.58	1.41	3.51	14.5	7.39	12.71	4	7.61	2.77	0.83	1.43	3.31	2.04	0.68	1.57	1.48	0.26	1.89	0.46	1.14	1.44	9.6	4.84	31.46	15.86	0	4.03	0	0.8	0	0	4.03	3.09	3.3	0.84	1.88	0.51	0.32	0.54	0.65	0.34	10.5	438	16.77	0.21	93	0	0	0.11	0.51	54.2	4.25	4.6	4.95	0.3	0.05	0	16667	200	0.89	1	1998	100	10	0	0	0	0	71	82	83	82	75	85	80	85	80	81	80	81	85	95	70	85	90	90	90	90	0	30	0	30	66.5	41.2	8.3	3183	2.18	0	0	0	82	82	82	82	82	82	82	82	82	82	65	82	2.49	1.79	5.29	1.02	0.1	0	0	0	0	4.11	4.49	1.12	0.11	1.13	2	1000	0	10.2	1	0	0	0	41.1	44.9	11.2	0	0	0	0	0	0	0	0	0	0	0	0	0.7	0.2	0	0	71	82	83	83	82	81	80	83	81	80	78	79	63	78	71	82	83	83	82	81	80	83	81	80	78	79	63	78	2.8	0.84	1.43	3.26	1.98	0.69	1.55	1.44	0.25	1.82	0.45	1.37	2.8	0.84	1.43	3.26	1.98	0.69	1.55	1.44	0.25	1.82	0.45	1.37	556
22012	Porcine meat and bone meal. Hungary. 50% CP	0.3	93.6	6.4	50.2	10	2.3	30.5	0.6	0	0	2.9	0	0	2.9	16	3881	3183	3183	3183	3183			3105	3144	3144	3144	3105	3144	3144	3144	2994	12.2	12.2	12.2	12.2			8.6	7.9	7.9	7.9	8.6	7.9	7.9	7.9	3.37	1.01	1.74	4.03	2.48	0.83	1.91	1.8	0.32	2.3	0.71	1.54	1.76	3.67	7.28	3.71	6.38	2.01	3.82	19.79	25.67	0.04	6.71	2.01	3.47	8.03	4.94	1.65	3.81	3.59	0.64	4.58	1.41	3.51	14.5	7.39	12.71	4	7.61	2.77	0.83	1.43	3.31	2.04	0.68	1.57	1.48	0.26	1.89	0.46	1.14	1.44	9.6	4.84	31.46	15.86	0	4.03	0	0.8	0	0	4.03	3.09	3.3	0.84	1.88	0.51	0.32	0.49	0.65	0.34	10.5	438	16.77	0.21	93	0	0	0.11	0.51	54.2	4.25	4.6	4.95	0.3	0.05	0	16667	200	0.89	1	1998	100	10	0	0	0	0	71	82	83	82	75	85	80	85	80	81	80	81	85	95	70	85	90	90	90	90	0	30	0	30	66.5	41.2	8.3	3183	2.18	0	0	0	82	82	82	82	82	82	82	82	82	82	65	82	2.49	1.79	5.29	1.02	0.1	0	0	0	0	4.11	4.49	1.12	0.11	1.13	2	1000	0	10.2	1	0	0	0	41.1	44.9	11.2	0	0	0	0	0	0	0	0	0	0	0	0	0.7	0.2	0	0	71	82	83	83	82	81	80	83	81	80	78	79	63	78	71	82	83	83	82	81	80	83	81	80	78	79	63	78	2.8	0.84	1.43	3.26	1.98	0.69	1.55	1.44	0.25	1.82	0.45	1.37	2.8	0.84	1.43	3.26	1.98	0.69	1.55	1.44	0.25	1.82	0.45	1.37	556
22013	Porcine meal. SONAC	0.3	95.9	4.1	62.1	13.2	0	10.8	9.8	0	0	9.8	0	0	9.8	21	5131	4413	4413	4413	4413			4105	4208	4208	4208	4105	4208	4208	4208	4151	16	16	16	16			11.1	10.3	10.3	10.3	11.1	10.3	10.3	10.3	3.8	1.2	2	4.1	3.7	0.99	2.2	2.1	0.5	2.9	0.41	1.4	1.7	3.9	9	4.8	6.6	2.3	4.4	23.49	29.21	0	6.12	1.93	3.22	6.6	5.96	1.59	3.54	3.38	0.81	4.67	0.66	2.74	14.5	7.73	10.63	3.7	7.09	3.23	1.02	1.7	3.48	3.14	0.84	1.87	1.79	0.42	2.47	0.35	1.19	1.45	1.82	1.47	16.85	13.61	0	0.74	0	0.72	0	0	0	0.6	0.61	0.58	0.6	0.66	0.32	0.49	0.16	0.58	16	466	12	0.42	91	1	0	0.14	0.5	52	7.3	2.2	4.6	0.23	0.07	0	14000	200	0.89	1	1888	100	8.4	0	0	0	0	84	92	70	86	85	85	80	85	80	82	80	82	85	95	70	85	90	90	90	90	0	30	0	30	80.6	57.1	9.2	4413	8.33	0	0	0	85	85	85	85	85	85	85	85	85	85	85	85	0.87	0.3	2.44	1.35	0.13	0	0	0	0	5.43	5.93	1.48	0.15	1.5	2.64	5280	0	10.2	1	0	0	0	41.1	44.9	11.2	0	0	0	0	0	0	0	0	0	0	0	0	0.7	0.2	0	0	72	83	83	83	84	83	83	87	85	82	79	80	58	80	72	83	83	83	84	83	83	87	85	82	79	80	58	80	3.15	1	1.68	3.4	3.07	0.86	1.87	1.72	0.39	2.32	0.24	1.36	3.15	1	1.68	3.4	3.07	0.86	1.87	1.72	0.39	2.32	0.24	1.36	556
22014	Porcine meal. 50. SONAC	0.3	96.8	3.2	52	8.7	0	35	1.1	0	0	1.1	0	0	1.1	16	3788	3258	3258	3258	3258			3220	3220	3220	3220	3220	3220	3220	3220	3043	12.5	12.5	12.5	12.5			8.6	7.7	7.7	7.7	8.6	7.7	7.7	7.7	3.54	1.14	1.4	3.02	3.02	0.78	1.17	1.61	0.36	2.13	0.31	1.09	1.14	2.32	7.54	3.85	6.97	1.87	3.74	18.17	25.43	0	6.81	2.19	2.69	5.8	5.8	1.5	2.25	3.1	0.7	4.1	0.6	2.2	14.5	7.4	13.4	3.6	7.2	3.01	0.97	1.19	2.56	2.56	0.66	1	1.37	0.31	1.81	0.27	0.93	0.97	12.5	6	35.71	17.14	0	5.17	0	0.82	0	0	0	0.69	0.7	0.66	0.69	0.54	0.28	0.37	0.5	0.58	16	466	12	0.42	91	1	0	0.14	0.5	52	7.3	2.2	4.6	0.23	0.07	0	14000	200	0.89	1	1888	100	7	0	0	0	0	74	90	70	86	85	85	80	85	85	85	85	85	85	95	70	85	90	90	90	90	0	30	0	30	71.6	46.8	6.1	3258	0.93	0	0	0	85	85	85	85	85	85	85	85	85	85	85	85	0.87	0.3	2.44	0.89	0.09	0	0	0	0	3.58	3.91	0.97	0.1	0.99	1.74	3480	0	10.2	1	0	0	0	41.1	44.9	11.2	0	0	0	0	0	0	0	0	0	0	0	0	0.7	0.2	0	0	72	83	83	83	84	83	83	87	85	82	79	80	58	80	72	83	83	83	84	83	83	87	85	82	79	80	58	80	2.94	0.95	1.18	2.5	2.5	0.68	1	1.32	0.29	1.71	0.18	0.92	2.94	0.95	1.18	2.5	2.5	0.68	1	1.32	0.29	1.71	0.18	0.92	556
22015	Porcine meal. 63. SONAC	0.3	98	2	63	9	0	26	0	0	0	0	0	0	0	18	4393	3778	3778	3778	3778			3778	3778	3778	3778	3778	3778	3778	3778	3518	14.8	14.8	14.8	14.8			10.1	9	9	9	10.1	9	9	9	4.28	1.32	1.76	3.91	3.91	0.95	2.14	2.02	0.44	2.58	0.44	1.39	1.51	3.65	9.14	4.85	7.62	2.27	4.54	23.3	30.37	0	6.79	2.1	2.8	6.2	6.2	1.5	3.4	3.2	0.7	4.1	0.7	2.4	14.5	7.7	12.1	3.6	7.2	3.64	1.12	1.5	3.32	3.32	0.8	1.82	1.71	0.37	2.2	0.37	1.18	1.29	8.2	4	31.53	15.38	0	3.21	0	0.78	0	0	0	0.66	0.66	0.62	0.66	0.5	0.25	0.37	0.21	0.58	16	466	12	0.42	91	1	0	0.14	0.5	52	7.3	2.2	4.6	0.23	0.07	0	14000	200	0.89	1	1888	100	7	0	0	0	0	78	90	70	86	85	85	80	85	86	86	86	86	85	95	70	85	90	90	90	90	0	30	0	30	76.4	56.7	6.3	3778	0	0	0	0	85	85	85	85	85	85	85	85	85	85	85	85	0.87	0.3	2.44	0.92	0.09	0	0	0	0	3.7	4.04	1.01	0.1	1.02	1.8	3600	0	10.2	1	0	0	0	41.1	44.9	11.2	0	0	0	0	0	0	0	0	0	0	0	0	0.7	0.2	0	0	72	83	83	83	84	83	83	87	85	82	79	80	58	80	72	83	83	83	84	83	83	87	85	82	79	80	58	80	3.55	1.1	1.48	3.24	3.24	0.82	1.82	1.65	0.35	2.07	0.26	1.21	3.55	1.1	1.48	3.24	3.24	0.82	1.82	1.65	0.35	2.07	0.26	1.21	556
22016	Spraydry hydrolysed porcine protein. Gelko. SONAC	4	97	3	68	13.3	0	12.6	3.1	0	0	3.1	0	0	3.1	22	5201	4733	4733	4733	4733			4629	4681	4681	4681	4629	4681	4681	4681	4427	18.1	18.1	18.1	18.1			12.5	11.3	11.3	11.3	12.5	11.3	11.3	11.3	4.01	1.5	2.18	5.44	3.26	1.09	3.06	1.56	0.48	2.18	0.34	1.43	0.88	3.94	9.86	4.08	9.45	2.72	6.12	24.75	33.46	0	5.9	2.2	3.2	8	4.8	1.6	4.5	2.3	0.7	3.2	0.5	1.3	14.5	6	13.9	4	9	3.61	1.35	1.96	4.9	2.94	0.98	2.75	1.41	0.43	1.96	0.31	1.29	0.8	0.69	1.63	5.47	12.93	0	0.89	0	0.73	0	0	0	0.61	0.62	0.58	0.61	1.79	1.54	1.65	0.03	0.4	5	135	5	0.2	34	0	0	0.1	0.4	50	3.5	4	3.5	0.2	0.01	0	14000	0	0.6	0.5	800	50	8.4	0	0	0	0	88	98	70	91	85	85	85	85	89	90	89	90	85	95	70	85	90	90	90	90	0	30	0	30	85.4	66.6	9.3	4733	2.64	0	0	0	90	90	90	90	90	90	90	90	90	90	90	90	0.87	0.3	2.44	0.88	0.11	0	0	0	0	6.2	5.68	0.99	0.12	0.98	2.66	5320	0	6.65	0.8	0	0	0	46.6	42.7	7.45	0	0	0	0	0	0	0	0	0	0	0	0	1	0	0	0	88	89	92	91	73	93	93	88	92	87	91	92	86	88	88	76	92	91	73	93	93	88	92	87	91	92	86	88	3.69	1.36	1.59	5.06	3.04	0.96	2.82	1.36	0.43	2	0.29	0.78	3.69	1.36	1.59	5.06	3.04	0.96	2.82	1.36	0.43	2	0.29	0.78	1056
22017	Collagen protein concentrate. Pro-Bind Plus. SONAC	6	90	10	86	2	0	2	0	0	0	0	0	0	0	21	5038	4736	4736	4736	4736			4736	4736	4736	4736	4736	4736	4736	4736	4361	18.3	18.3	18.3	18.3			11.9	10.3	10.3	10.3	11.9	10.3	10.3	10.3	6.71	1.72	1.12	5.59	3.35	0.69	1.98	1.72	0.6	2.49	2.32	3.01	2.15	4.13	12.47	5.16	17.88	2.75	7.83	25.97	50.56	0	7.8	2	1.3	6.5	3.9	0.8	2.3	2	0.7	2.9	2.7	2.5	14.5	6	20.79	3.2	9.1	6.04	1.55	1.01	5.03	3.02	0.62	1.78	1.55	0.54	2.24	2.09	2.71	1.94	0.08	0.09	4	4.5	0	0	0	0.09	0	0	0	0.08	0.08	0.07	0.08	0.67	0.26	0.29	0.01	0.2	5	100	4	0.2	30	0	0	0.1	0.4	50	3.5	4	3.5	0.2	0.01	0	14000	0	0.6	0.5	800	50	8.4	0	0	0	0	93	95	70	94	85	85	85	85	94	94	94	94	85	95	70	85	90	90	90	90	0	30	0	30	83.7	81.7	1.4	4736	0	0	0	0	90	90	90	90	90	90	90	90	90	90	90	90	0.87	0.3	2.44	0.13	0.02	0	0	0	0	0.93	0.85	0.15	0.02	0.15	0.4	800	0	6.65	0.8	0	0	0	46.6	42.7	7.45	0	0	0	0	0	0	0	0	0	0	0	0	1	0	0	0	88	89	92	91	73	93	93	88	92	87	91	92	86	88	88	76	92	91	73	93	93	88	92	87	91	92	86	88	6.17	1.57	0.82	5.2	3.12	0.61	1.82	1.5	0.55	2.29	2	1.89	6.17	1.57	0.82	5.2	3.12	0.61	1.82	1.5	0.55	2.29	2	1.89	1056
22018	Meat and bone meal. 50% CP. USA	0.3	95.6	4.4	50.6	6.2	4	32.6	2.2	0	0	6.3	0	0	6.3	15	3683	3020	3020	3020	3020			2836	2910	2910	2910	2836	2910	2910	2910	2830	11	11	11	11			7.6	6.9	6.9	6.9	7.6	6.9	6.9	6.9	3.37	1.01	1.74	4.03	3.49	0.83	1.91	1.8	0.83	2.3	0.71	1.54	1.36	3.27	6.48	3.71	6.38	2.01	3.82	21.31	24.46	1.04	6.66	2	3.44	7.97	6.9	1.64	3.78	3.56	1.63	4.55	1.4	2.68	12.8	7.33	12.61	3.97	7.55	2.86	0.86	1.48	3.43	2.97	0.71	1.62	1.53	0.7	1.95	0.46	1.17	1.15	11.03	5.25	33.87	16.12	0	4.43	0	0.81	0	0	4.43	3.34	3.57	0.87	2.01	0.51	0.54	1.4	0.65	0.34	10.5	438	16.77	0.21	93	0	0	0.11	0.51	54.2	4.25	4.6	4.95	0.3	0.05	0	16667	200	0.89	1	1998	100	10	0	0	0	0	71	82	84	82	75	85	80	85	77	79	77	79	85	95	70	85	90	90	90	90	0	30	0	30	67.9	41.5	5.2	3020	4.69	0	0	0	85	85	85	85	85	85	85	85	85	85	65	85	2.49	1.79	5	0.63	0.06	0	0	0	0	2.54	2.77	0.69	0.07	0.7	1.23	1000	0	10.2	1	0	0	0	41.1	44.9	11.2	0	0	0	0	0	0	0	0	0	0	0	0	0.7	0.2	0	0	75	82	83	83	82	81	80	83	81	80	78	79	63	78	71	82	87	80	78	79	77	79	80	78	75	79	61	76	2.8	0.84	1.43	3.26	2.79	0.69	1.55	1.44	0.64	1.82	0.45	1.06	2.93	0.81	1.36	3.18	2.69	0.66	1.53	1.4	0.62	1.82	0.43	1.03	556
23000	Poultry meal. 63% CP	0.4	98.3	1.7	63	13	1	21	0.3	0	0	1.3	0	0	1.3	20	4818	3951	3951	3951	3951			3903	3903	3903	3903	3903	3903	3903	3903	3723	15.4	15.4	15.4	15.4			11	10	10	10	11	10	10	10	5.06	1.3	3.26	5.04	5.19	1.6	3.47	2.93	0.55	3.23	1.7	3.3	1.73	5.2	5.88	5.09	5.73	4	3.97	31.63	28.1	0.16	8.03	2.06	5.18	8	8.24	2.54	5.51	4.65	0.87	5.13	2.7	2.75	9.34	8.08	9.1	6.35	6.3	4.25	1.04	2.54	3.98	4.05	1.36	2.6	2.26	0.47	2.52	1.16	2.52	1.47	6.5	3.4	30.95	16.19	0	2.62	0	0.77	0	0	2.62	2.22	2.36	0.75	1.43	0.14	0.31	0.57	0.16	0.52	19.3	176.7	2.1	0.52	80.4	0	0.01	0.15	0.75	43.4	9.95	4.4	10.5	0.2	0.31	0	14000	200	1.37	1	4100	100	5.8	0	0	0	0	74	79	90	82	75	85	80	85	81	81	81	81	85	95	70	85	90	90	90	90	0	30	0	30	72.7	49.8	11.7	3951	0.97	0	0	0	84	80	78	79	78	85	75	77	85	78	68	85	2.4	0.83	4.58	2.54	0.13	0	0	0	0	4.06	5.6	2.81	0.14	2.82	1.62	1300	0	19.5	1	0	0	0	31.2	43.1	21.6	0	0	0	0	0	0	0	0	0	0	0	0	1	0	0	0	80	85	85	85	85	85	85	85	85	85	85	85	85	85	80	85	87	78	78	77	75	77	79	78	75	74	66	75	4.3	1.1	2.77	4.28	4.41	1.36	2.95	2.49	0.47	2.75	1.45	1.47	4.4	1.01	2.54	3.88	3.89	1.23	2.74	2.29	0.41	2.39	1.12	1.3	987
23001	Poultry by-product meal. 60% CP	0.4	94.2	5.8	60.4	15.3	2.6	15.2	0.8	0	0	3.3	0	0	3.3	21	4964	4319	4319	4319	4319			4220	4269	4269	4269	4220	4269	4269	4269	4072	16.7	16.7	16.7	16.7			11.9	11	11	11	11.9	11	11	11	4.92	1.45	3.19	4.88	4.9	2	2.69	2.66	1.72	2.89	1.67	3.67	2.45	5.14	5.82	4.17	5.32	3.81	3.32	31.31	26.56	0.2	8.15	2.4	5.29	8.09	8.11	3.31	4.45	4.4	2.85	4.79	2.77	4.06	9.63	6.9	8.81	6.31	5.5	4.18	1.23	2.71	4.15	4.16	1.7	2.29	2.26	1.46	2.46	1.14	2.84	2.08	5.5	1.55	36.18	10.19	0	0.81	0	0.73	0	0	0.81	1.1	1.15	0.62	0.86	0.36	0.31	0.57	0.19	0.37	178.42	204.73	18.52	0.7	59	0	0	0.33	0.7	178	46.6	6.38	9.1	5.7	0.08	0	16667	200	2.16	1	1896	100	10	0	0	0	0	82	89	85	87	75	85	80	85	85	86	85	86	85	95	70	85	90	90	90	90	0	30	0	30	77.2	53.8	13	4319	2.51	0	0	0	85	85	85	85	85	85	85	85	85	85	68	85	2.95	0.83	4.58	2.98	0.15	0	0	0	0	4.76	6.58	3.3	0.17	3.31	1.9	1526	0	19.5	1	0	0	0	31.2	43.1	21.6	0	0	0	0	0	0	0	0	0	0	0	0	1	0	0	0	80	85	85	85	85	85	85	85	85	85	85	85	85	85	80	85	87	78	78	77	75	77	79	78	75	74	66	75	4.18	1.23	2.71	4.15	4.16	1.7	2.29	2.26	1.46	2.46	1.42	2.08	4.28	1.13	2.49	3.76	3.67	1.54	2.13	2.07	1.29	2.14	1.1	1.84	987
23002	Poultry by-product meal. feed-grade. 60% CP	0.4	92.6	7.4	60	12.4	2.6	15.3	2.3	0	0	4.9	0	0	4.9	20	4739	4123	4123	4123	4123			3981	4076	4076	4076	3981	4076	4076	4076	3878	15.7	15.7	15.7	15.7			11.1	10.1	10.1	10.1	11.1	10.1	10.1	10.1	5.01	1.49	3.55	5.61	5.18	1.4	3.3	2.12	0.6	3.53	0.75	2.15	1.61	4.91	7.89	4.61	6.37	2.94	4.02	31.79	28.19	0.2	8.35	2.48	5.92	9.35	8.63	2.34	5.5	3.53	1	5.88	1.25	2.68	13.15	7.68	10.62	4.9	6.7	4.26	1.27	3.02	4.77	4.4	1.19	2.81	1.8	0.51	3	0.51	1.7	1.37	5.21	3.43	34.05	22.41	0	2.65	0	0.77	0	0	2.65	2.24	2.38	0.75	1.44	0.17	0.31	0.57	0.15	0.69	10.92	177.51	19.6	0	112.87	0	0	0.3	0.5	178	46.6	6.38	9.1	5.7	0.08	0	16667	200	2.16	1	1896	100	10	0	0	0	0	81	89	85	87	75	85	80	85	84	86	84	86	85	95	70	85	90	90	90	90	0	30	0	30	75	53.4	10.5	4123	3.68	0	0	0	85	85	85	85	85	85	85	85	85	85	68	85	2.3	0.83	4	2.42	0.12	0	0	0	0	3.87	5.34	2.68	0.14	2.69	1.55	1240	0	19.5	1	0	0	0	31.2	43.1	21.6	0	0	0	0	0	0	0	0	0	0	0	0	1	0	0	0	80	85	85	85	85	85	85	85	85	85	85	85	85	85	80	85	87	78	78	77	75	77	79	78	75	74	66	75	4.26	1.27	3.02	4.77	4.4	1.19	2.81	1.8	0.51	3	0.64	1.37	4.36	1.16	2.77	4.32	3.88	1.08	2.61	1.65	0.45	2.61	0.5	1.21	987
23003	Poultry by-product meal. feed grade. 57% CP	0.4	94	6	57	14	2.5	17	3.5	0	0	6	0	0	6	20	4763	4239	4239	4239	4239			4049	4097	4097	4097	4049	4097	4097	4097	4007	15.9	15.9	15.9	15.9			11.4	10.6	10.6	10.6	11.4	10.6	10.6	10.6	4.91	1.25	3.4	5.66	5.04	1.65	2.86	2.2	0.55	3.26	0.72	2.37	1.57	4.43	5.7	4.61	5.69	2.48	3.59	30.79	24.36	0.2	8.61	2.19	5.97	9.93	8.84	2.9	5.02	3.86	0.97	5.72	1.26	2.75	10	8.09	9.99	4.35	6.3	4.17	1.06	2.89	4.81	4.28	1.4	2.43	1.87	0.47	2.77	0.49	1.89	1.33	5	3.1	29.41	18.23	0	2.33	0	0.76	0	0	2.33	2.04	2.16	0.72	1.34	0.3	0.31	0.57	0.2	0.5	14	500	11	0.8	120	0	0.01	0.3	0.5	39.6	8.8	5	10	0.2	0.31	0	16667	200	1.47	1	5980	100	10	0	0	0	0	81	89	90	89	75	85	80	85	85	86	85	86	85	95	70	85	90	90	90	90	0	30	0	30	76.1	50.7	12.6	4239	4.5	0	0	0	85	85	85	85	85	85	85	85	85	85	68	85	2.7	0.83	4.58	2.73	0.14	0	0	0	0	4.37	6.03	3.02	0.16	3.03	1.51	2000	0	19.5	1	0	0	0	31.2	43.1	21.6	0	0	0	0	0	0	0	0	0	0	0	0	1	0	0	0	79	85	85	85	85	85	85	85	85	85	85	85	85	85	79	85	86	80	76	76	75	79	77	77	77	71	67	76	4.17	1.06	2.89	4.81	4.28	1.4	2.43	1.87	0.47	2.77	0.61	1.33	4.22	1	2.59	4.3	3.78	1.3	2.2	1.69	0.42	2.31	0.48	1.19	987
23004	Poultry by-product meal. 73% CP	0.4	96	4	73.4	16.1	0	6.5	0	0	0	0	0	0	0	24	5638	5131	5131	5131	5131			5131	5131	5131	5131	5131	5131	5131	5131	4831	20.1	20.1	20.1	20.1			14.3	13	13	13	14.3	13	13	13	5.88	2.05	3.71	6.46	5.95	1.59	3.42	3.89	0.71	4.27	1.64	3.23	1.98	5.4	5.79	5.06	7.93	4.62	4.04	37.93	31.06	0.2	8.01	2.79	5.05	8.8	8.11	2.17	4.66	5.3	0.97	5.82	2.23	2.7	7.89	6.89	10.8	6.29	5.5	5	1.74	3.15	5.49	5.06	1.35	2.91	3.31	0.6	3.63	1.11	2.46	1.68	1.8	1.2	27.69	18.46	0	0.47	0	0.72	0	0	0.47	0.89	0.92	0.6	0.75	0.14	0.29	0.36	0.07	0.72	15.03	74.23	34	0.7	60	0	0	0.3	0.5	50	11	5	9	0.2	0.02	0	16667	200	1.86	1	2500	100	10	0	0	0	0	87	89	95	91	75	85	80	85	91	91	91	91	85	95	70	85	90	90	90	90	0	30	0	30	83.5	65.3	15.2	5131	0.04	0	0	0	85	85	85	85	85	85	85	85	85	85	68	85	3	1.12	5	3.13	0.16	0	0	0	0	5.01	6.92	3.47	0.18	3.48	2	1605	0	19.5	1	0	0	0	31.2	43.1	21.6	0	0	0	0	0	0	0	0	0	0	0	0	1	0	0	0	86	85	85	85	85	85	85	85	85	85	85	85	85	85	86	85	87	78	78	77	75	77	79	78	75	74	66	75	5	1.74	3.15	5.49	5.06	1.35	2.91	3.31	0.6	3.63	1.39	1.68	5.12	1.6	2.89	4.97	4.46	1.22	2.7	3.03	0.53	3.16	1.08	1.49	987
23005	Poultry by-product meal. low ash. 62% CP	0.4	89	11	62.1	19.8	0	7.1	0	0	0	0	0	0	0	22	5349	4761	4761	4761	4761			4761	4761	4761	4761	4761	4761	4761	4761	4507	18.9	18.9	18.9	18.9			13.8	12.7	12.7	12.7	13.8	12.7	12.7	12.7	4.99	1.79	3.62	5.38	5.3	1.24	3.49	3.01	0.68	3.03	1.4	2.64	1.3	4.79	5.88	4.28	5.71	3.91	3.42	32.54	25.9	0.21	8.04	2.88	5.83	8.67	8.54	2	5.63	4.85	1.1	4.88	2.26	2.09	9.47	6.89	9.2	6.3	5.51	4.24	1.52	3.08	4.57	4.51	1.05	2.97	2.56	0.58	2.58	0.97	2.02	1.1	1.8	1.1	25.35	15.49	0	0.38	0	0.71	0	0	0.38	0.82	0.85	0.59	0.71	0.14	0.31	0.57	0.07	0.5	15	212	11	0.7	20	0	0	0.08	0.51	53.5	12.4	4.43	10.6	0.23	0.02	0	16667	200	1.64	1	6052	100	10	0	0	0	0	86	89	90	89	75	85	80	85	89	89	89	89	85	95	70	85	90	90	90	90	0	30	0	30	76.5	55.3	17.8	4761	0	0	0	0	85	85	85	85	85	85	85	85	85	85	69	85	3.45	1.32	6.78	3.86	0.2	0	0	0	0	6.18	8.53	4.28	0.22	4.29	2.47	1980	0	19.5	1	0	0	0	31.2	43.1	21.6	0	0	0	0	0	0	0	0	0	0	0	0	1	0	0	0	83	85	85	85	85	85	85	85	85	85	85	85	85	85	83	85	87	78	78	77	75	77	79	78	75	74	66	75	4.24	1.52	3.08	4.57	4.51	1.05	2.97	2.56	0.58	2.58	1.19	1.1	4.34	1.4	2.83	4.14	3.98	0.95	2.76	2.35	0.51	2.24	0.92	0.97	987
23006	Turkey meal. 63% CP	0.75	93.7	6.3	63.2	11.9	0	18	0.6	0	0	0.6	0	0	0.6	20	4699	4041	4041	4041	4041			3994	4041	4041	4041	3994	4041	4041	4041	3797	15.8	15.8	15.8	15.8			11.2	10.1	10.1	10.1	11.2	10.1	10.1	10.1	5.44	1.39	3.01	4.38	4.32	1.83	3.07	3.07	0.61	2.98	1.43	3.26	1.74	4.81	7.89	5.11	5.74	2.75	3.98	30.11	28.64	0.28	8.61	2.2	4.77	6.93	6.84	2.9	4.86	4.86	0.97	4.72	2.27	2.75	12.48	8.09	9.08	4.35	6.3	4.63	1.18	2.56	3.77	3.8	1.56	2.46	2.58	0.52	2.5	1	2.56	1.48	6.5	3.3	36.11	18.33	0	2.53	0	0.76	0	0	2.53	2.16	2.29	0.73	1.4	0.8	1.2	0.65	0.16	0.52	19.3	176.7	2.1	0.52	80.4	0	0.01	0.15	0.75	43.4	9.95	4.4	10.5	0.2	0.31	0	14000	200	1.37	1	5400	100	8.2	0	0	0	0	78	84	92	86	75	85	80	85	85	86	85	86	85	95	70	85	90	90	90	90	0	30	0	30	73.1	53.1	10.9	4041	0.45	0	0	0	85	85	85	86	88	85	80	84	85	84	70	85	0.87	0.3	2.44	2.32	0.12	0	0	0	0	3.71	5.13	2.57	0.13	2.58	1.48	1190	0	19.5	1	0	0	0	31.2	43.1	21.6	0	0	0	0	0	0	0	0	0	0	0	0	0	0	0	0	83	85	85	85	85	85	85	85	85	85	85	85	85	85	83	85	85	85	85	85	85	85	85	85	85	85	85	85	4.63	1.18	2.56	3.72	3.67	1.56	2.61	2.61	0.52	2.53	1.22	1.48	4.63	1.18	2.56	3.72	3.67	1.56	2.61	2.61	0.52	2.53	1.22	1.48	907
23007	Poultry by-product meal. pet food grade	0.4	96	4	66.4	18	0	11	0.6	0	0	0.6	0	0	0.6	23	5447	4957	4957	4957	4957			4957	4957	4957	4957	4957	4957	4957	4957	4686	19.6	19.6	19.6	19.6			14.2	13	13	13	14.2	13	13	13	5.51	1.33	3.93	5.64	5.31	1.37	3.17	3.28	0.53	3.13	1.7	3.07	2.17	5.34	5.89	5.2	6.21	3.89	4.33	33.21	29.39	0	8.3	2	5.92	8.5	8	2.06	4.78	4.95	0.8	4.71	2.56	3.27	8.87	7.83	9.35	5.86	6.52	4.96	1.04	3.02	4.91	4.73	1.19	2.67	2.69	0.48	2.54	1.44	2.64	1.8	3.12	2.4	28.36	21.81	0	1.65	0	0.74	0	0	1.65	1.61	1.7	0.67	1.12	0.14	0.31	0.54	0.15	0.76	22.9	437	10.4	0.7	102.1	0.01	0.03	0	0.7	65	11	5	9	0.2	0.02	0	16667	200	1.86	1	2500	100	10	0	0	0	0	86	89	96	91	75	85	85	85	91	91	91	91	85	95	70	85	90	90	90	90	0	30	0	30	82.6	59.1	17.3	4957	0.45	0	0	0	90	78	77	87	89	87	84	82	90	81	85	83	0.87	0.3	2.44	3.51	0.18	0	0	0	0	5.62	7.76	3.89	0.2	3.9	2.25	1800	0	19.5	1	0	0	0	31.2	43.1	21.6	0	0	0	0	0	0	0	0	0	0	0	0	1	1.3	0	0	72	83	83	83	84	83	83	87	85	82	79	80	58	80	72	83	83	83	84	83	83	87	79	82	79	80	58	80	4.57	1.1	3.3	4.68	4.41	1.19	2.7	2.69	0.42	2.5	0.99	1.74	4.57	1.1	3.3	4.68	4.41	1.19	2.51	2.69	0.42	2.5	0.99	1.74	987
23008	Hydrolized poultry protein concentrate. dried	1.5	94	6	72	6.8	0	14.5	0.7	0	0	0.7	0	0	0.7	20	4723	4628	4628	4628	4628			4581	4581	4581	4581	4581	4581	4581	4581	4305	17.8	17.8	17.8	17.8			12.1	10.7	10.7	10.7	12.1	10.7	10.7	10.7	7.16	1.91	3.6	5.4	5.43	1.8	3.61	3.34	0.72	3.4	1.49	3.29	2.36	5.97	6.17	5.63	6.73	4.21	4.7	36.38	31.3	0	9.95	2.65	5	7.5	7.54	2.5	5.02	4.64	1	4.72	2.08	3.28	8.57	7.83	9.35	5.85	6.53	6.45	1.72	3.24	4.86	4.89	1.62	3.25	3.01	0.65	3.06	1.34	2.96	2.12	4.11	3.16	28.34	21.79	0	2.39	0	0.76	0	0	2.39	2.07	2.2	0.73	1.36	0.92	0.2	0.65	0.15	0.76	22.9	437	10.4	0.7	102.1	0.01	0.03	0	0.7	65	11	5	9	0.2	0.02	0	16667	200	1.86	1	2500	100	10	0	0	0	0	90	98	96	98	85	85	85	85	97	97	97	97	85	95	70	85	90	90	90	90	0	30	0	30	84.6	70.6	6.5	4628	0.59	0	0	0	90	90	90	90	90	90	90	90	90	90	90	90	0.33	0.11	0.92	1.33	0.07	0	0	0	0	2.12	2.93	1.47	0.08	1.47	0.85	680	0	19.5	1	0	0	0	31.2	43.1	21.6	0	0	0	0	0	0	0	0	0	0	0	0	1	0	0	0	85	98	90	90	90	90	90	90	90	90	90	90	90	90	85	98	90	90	90	90	90	90	90	90	90	90	90	90	6.45	1.72	3.24	4.86	4.89	1.62	3.25	3.01	0.65	3.06	1.34	2.12	6.45	1.72	3.24	4.86	4.89	1.62	3.25	3.01	0.65	3.06	1.34	2.12	1307
23009	Hydrolized poultry protein concentrate. paste	1.5	65	35	40	7	0	17.5	0.5	0	0	0.5	0	0	0.5	12	2930	2842	2842	2842	2842			2842	2842	2842	2842	2842	2842	2842	2842	2662	11.1	11.1	11.1	11.1			7.8	7	7	7	7.8	7	7	7	3.98	1.06	2	3	3.02	1	2.01	1.86	0.4	1.89	0.83	1.83	1.31	3.32	5.03	3.13	3.74	2.34	2.61	20.21	18.99	0	9.95	2.65	5	7.5	7.54	2.5	5.02	4.64	1	4.72	2.08	3.28	12.58	7.83	9.35	5.85	6.53	3.58	0.95	1.8	2.7	2.71	0.9	1.81	1.67	0.36	1.7	0.75	1.65	1.18	4.96	3.82	28.34	21.82	0	3.03	0	0.78	0	0	3.03	2.47	2.63	0.78	1.56	1.11	0.2	0.4	0.15	0.76	22.9	437	10.4	0.7	102.1	0.01	0.03	0	0.7	65	11	5	9	0.2	0.02	0	16667	200	1.86	1	2500	100	10	0	0	0	0	85	98	96	97	85	85	85	85	97	97	97	97	85	95	70	85	90	90	90	90	0	30	0	30	55.3	39.2	6.7	2842	0.43	0	0	0	90	90	90	90	90	90	90	90	90	90	90	90	0.98	0.31	2.51	1.37	0.07	0	0	0	0	2.18	3.02	1.51	0.08	1.52	0.87	700	0	19.5	1	0	0	0	31.2	43.1	21.6	0	0	0	0	0	0	0	0	0	0	0	0	1	0	0	0	85	98	90	90	90	90	90	90	90	90	90	90	90	90	85	98	90	90	90	90	90	90	90	90	90	90	90	90	3.58	0.95	1.8	2.7	2.71	0.9	1.81	1.67	0.36	1.7	0.75	1.18	3.58	0.95	1.8	2.7	2.71	0.9	1.81	1.67	0.36	1.7	0.75	1.18	1307
23010	Poultry meal. 69% CP. SONAC	0.4	96.8	3.2	69.7	9.5	0	14.6	3	0	0	3	0	0	3	21	4938	4395	4395	4395	4395			4296	4345	4345	4345	4296	4345	4345	4345	4110	16.8	16.8	16.8	16.8			11.6	10.4	10.4	10.4	11.6	10.4	10.4	10.4	5.79	1.88	3.9	5.99	6.13	1.25	3.09	3.9	0.56	3.21	1.88	3.13	1.88	4.97	6.12	5.44	6.41	3.49	4.53	35.71	29.75	0	8.3	2.69	5.6	8.6	8.8	1.79	4.44	5.6	0.8	4.61	2.7	2.7	8.78	7.81	9.2	5	6.5	5.21	1.69	3.51	5.39	5.52	1.12	2.78	3.51	0.5	2.89	1.69	2.82	1.69	3.77	2.35	25.82	16.09	0	1.6	0	0.74	0	0	0	0.62	0.63	0.59	0.62	0.65	0.76	1.03	0.15	0.65	15.03	74.23	34	0.7	60	0	0	0.3	0.5	50	11	5	9	0.2	0.02	0	16667	200	1.86	1	2500	100	10	0	0	0	0	83	89	90	89	85	85	85	85	87	88	87	88	85	95	70	85	90	90	90	90	0	30	0	30	80.3	62	8.6	4395	2.55	0	0	0	90	90	90	90	90	90	90	90	90	90	90	90	3	1.12	5	1.85	0.1	0	0	0	0	2.96	4.09	2.05	0.11	2.06	1.18	3800	0	19.5	1	0	0	0	31.2	43.1	21.6	0	0	0	0	0	0	0	0	0	0	0	0	1	0	0	0	86	85	85	85	85	85	85	85	85	85	85	85	85	85	86	85	87	78	78	77	75	77	79	78	75	74	66	75	4.92	1.6	3.32	5.1	5.21	1.06	2.63	3.32	0.48	2.73	1.6	1.6	5.03	1.46	3.05	4.62	4.6	0.96	2.44	3.05	0.42	2.38	1.24	1.41	987
23011	Poultry meat and bone meal. 50% CP. SONAC	0.4	97.9	2.1	50.3	10	0	36.1	1.5	0	0	1.5	0	0	1.5	16	3831	3448	3448	3448	3448			3410	3410	3410	3410	3410	3410	3410	3410	3240	13.3	13.3	13.3	13.3			9.4	8.5	8.5	8.5	9.4	8.5	8.5	8.5	4.07	1.11	2.92	4.17	4.12	0.8	2.62	2.57	0.3	2.87	1.41	2.21	1.51	4.13	5.53	3.67	6.59	1.56	3.82	25.55	24.09	0	8.1	2.2	5.8	8.3	8.2	1.6	5.2	5.1	0.6	5.7	2.8	3	11	7.3	13.1	3.1	7.6	3.67	1	2.63	3.76	3.71	0.72	2.35	2.31	0.27	2.58	1.27	1.99	1.36	11.8	5.3	32.68	14.68	0	4.48	0	0.81	0	0	0	0.68	0.69	0.65	0.68	0.52	0.28	0.66	0.26	0.34	10.5	438	16.77	0.21	93	0	0	0.11	0.51	54.2	4.25	4.6	4.95	0.3	0.05	0	16667	200	0.89	1	1998	100	10	0	0	0	0	75	90	90	90	85	85	85	85	89	89	89	89	85	95	70	85	90	90	90	90	0	30	0	30	73.4	45.3	9	3448	1.28	0	0	0	90	90	90	90	90	90	90	90	90	90	90	90	0.87	0.3	2.44	1.02	0.1	0	0	0	0	4.11	4.49	1.12	0.11	1.13	1.25	4000	0	10.2	1	0	0	0	41.1	44.9	11.2	0	0	0	0	0	0	0	0	0	0	0	0	0.7	0.2	0	0	69	80	83	83	82	81	80	83	81	80	78	79	63	78	69	80	83	83	82	81	80	83	81	80	78	79	63	78	3.38	0.92	2.39	3.38	3.3	0.67	2.12	2.05	0.24	2.27	0.89	1.18	3.38	0.92	2.39	3.38	3.3	0.67	2.12	2.05	0.24	2.27	0.89	1.18	987
23012	Poultry bone meal. China. 45% CP	0.4	93	7	45.3	13	2.5	30	2.2	0	0	4.7	0	0	4.7	17	3958	3166	3166	3166	3166			3008	3087	3087	3087	3008	3087	3087	3087	3000	11.9	11.9	11.9	11.9			8.6	8	8	8	8.6	8	8	8	3.78	1.3	2.66	4.36	3.56	1.01	1.5	2.37	0.36	1.92	0.72	1.73	0.6	2.1	5.39	3.35	5.75	1.81	3.44	22.82	21.06	0.04	8.34	2.87	5.87	9.63	7.86	2.24	3.31	5.22	0.8	4.24	1.59	1.33	11.9	7.4	12.69	4	7.59	3.02	1.04	2.13	3.49	2.85	0.81	1.2	1.89	0.29	1.54	0.47	1.28	0.48	10.3	5.1	34.33	17	0	4.29	0	0.81	0	0	0	0.68	0.69	0.65	0.68	0.24	0.28	0.52	0.31	0.35	59	449.7	43.7	0.3	80.6	0	0	0.1	0.37	51.3	5.5	5.86	4.7	0.16	0.02	0	16667	200	0.67	1	2049	100	10	0	0	0	0	71	80	80	80	85	85	85	85	76	78	76	78	85	95	70	85	90	90	90	90	0	30	0	30	66	36.2	10.4	3166	4	0	0	0	80	80	80	80	80	80	80	80	80	80	65	80	2	1.65	4.5	1.33	0.13	0	0	0	0	5.34	5.84	1.46	0.14	1.47	1.62	5200	0	10.2	1	0	0	0	41.1	44.9	11.2	0	0	0	0	0	0	0	0	0	0	0	0	0.7	0.2	0	0	69	80	83	83	82	81	80	83	63	81	78	80	78	79	69	80	83	83	82	81	80	83	63	81	78	80	78	79	3.14	1.08	2.18	3.53	2.85	0.84	0.94	1.92	0.28	1.54	0.56	0.47	3.14	1.08	2.18	3.53	2.85	0.84	0.94	1.92	0.28	1.54	0.56	0.47	987
23013	Poultry by-product meal. 65% CP. USA	0.4	92.4	7.6	65.3	6.2	0	17.1	3.8	0	0	3.8	0	0	3.8	18	4419	3580	3580	3580	3580			3491	3535	3535	3535	3491	3535	3535	3535	3340	13.5	13.5	13.5	13.5			9.2	8.3	8.3	8.3	9.2	8.3	8.3	8.3	5.45	1.35	3.31	5.21	4.61	1.8	3.05	2.95	0.6	3.25	1.44	3.25	1.73	4.78	6.56	5.09	6.23	2.74	5.03	31.59	28.83	0.1	8.35	2.07	5.06	7.97	7.05	2.76	4.68	4.52	0.92	4.98	2.21	2.65	10.05	7.79	9.54	4.2	7.7	4.64	1.15	2.81	4.43	3.92	1.53	2.6	2.51	0.51	2.77	1	2.53	1.47	5.29	2.6	31	15.24	0	1.84	0	0.75	0	0	0	0.63	0.64	0.6	0.63	0.37	0.31	0.54	0.16	0.52	19	176.7	2.1	0.52	80	0	0.01	0.15	0.75	43.4	9.95	4.4	10.5	0.2	0.32	0	16667	200	1.5	1	4000	100	10	0	0	0	0	75	80	90	81	75	85	85	85	79	80	79	80	85	95	70	85	90	90	90	90	0	30	0	30	69.3	52.2	5.6	3580	2.86	0	0	0	85	85	85	85	85	85	85	85	85	85	69	85	2.4	0.83	4.5	1.22	0.06	0	0	0	0	1.95	2.69	1.35	0.07	1.35	0.78	1300	0	19.5	1	0	0	0	31.2	43.1	21.6	0	0	0	0	0	0	0	0	0	0	0	0	1	0	0	0	80	85	85	85	85	85	85	85	85	85	85	85	85	85	83	85	87	78	78	77	75	77	79	78	75	74	66	75	4.64	1.15	2.81	4.43	3.92	1.53	2.6	2.51	0.51	2.77	1.23	1.47	4.74	1.05	2.58	4.01	3.45	1.39	2.41	2.3	0.45	2.41	0.95	1.3	987
24000	Milk. skimmed. powder	2.4	92.6	7.4	33	0.6	0	7.9	51.2	0	0	51.2	0	51	0.1	17	3994	3395	3395	3395	3395			3594	3594	3594	3594	3594	3594	3594	3594	3258	9	11.3	11.3	10.5			7.1	8.3	8.3	8.3	7.1	8.3	8.3	8.3	1.18	0.93	2.04	3.34	2.69	0.93	1.64	1.65	0.45	2.33	0.81	1.74	0.66	2.3	4.98	3	0.63	1.45	1.42	17.18	12.95	0	3.58	2.82	6.18	10.12	8.15	2.82	4.97	5	1.36	7.06	2.46	2	15.09	9.09	1.91	4.39	4.3	1.06	0.84	1.84	3.01	2.42	0.84	1.48	1.49	0.41	2.1	0.73	1.57	0.59	1.82	1.2	23.03	15.18	0	0	0	1.19	0	0	0	1	1.01	0.95	1	0.21	0.94	1.56	0.76	0.5	7	150	1	0.1	10	0.41	0	0.25	0.62	11.5	36.4	4.09	19.1	3.72	0.05	0	1667	0	6.77	1	1393	200	1	0	0	0	0	81	90	90	85	80	85	80	85	90	90	90	90	85	95	70	85	90	90	90	90	0	30	0	30	75	29.7	0.5	3395	40.92	0	0	0	90	90	90	90	90	90	90	90	90	90	90	90	0.87	0.3	2.44	0.02	0	0	0	0	0	0.3	0.23	0.02	0	0.02	0	87	0	3.1	0.6	0	0	0	52.1	40.5	3.7	0	0	0	0	0	0	0	0	0	0	0	0	0	0	0	0	81	90	92	96	88	97	93	96	98	92	97	91	89	97	81	90	95	93	88	94	93	95	95	89	91	88	85	93	1.09	0.89	1.8	3.24	2.5	0.89	1.61	1.52	0.44	2.12	0.72	0.64	1.12	0.86	1.8	3.14	2.5	0.88	1.56	1.47	0.41	2.05	0.69	0.61	1065
24001	Milk. whole. dried	4.4	96.1	3.9	24.6	26.4	0.1	6.1	39	0	0	39.1	0	39	0.1	23	5433	4726	4726	4726	4726			4889	4889	4889	4889	4889	4889	4889	4889	4625	15.8	17.6	17.6	17			13.3	14.2	14.2	14.2	13.3	14.2	14.2	14.2	0.92	0.72	1.33	2.51	2.11	0.62	1.28	1.09	0.22	1.65	0.62	1.24	0.49	1.77	3.71	2.24	0.47	1.08	1.06	12.45	9.67	0	3.74	2.93	5.41	10.2	8.58	2.52	5.2	4.43	0.89	6.71	2.52	1.99	15.08	9.11	1.91	4.39	4.31	0.83	0.65	1.2	2.26	1.9	0.56	1.15	0.98	0.2	1.48	0.56	1.12	0.44	1.82	0.76	30.08	12.52	0	0	0	0.76	0	0	0	0.64	0.65	0.61	0.64	0.21	0.45	1.33	1	0.5	7	150	1	0.1	10	0.39	0	0.35	0.6	10	35	4	18	3	0.08	0	16667	500	6.7	1	1200	200	10	0	0	0	0	83	90	90	87	80	85	80	85	90	90	90	90	85	95	70	85	90	90	90	90	0	30	0	30	79.8	22.1	23.7	4726	31.28	0	0	0	90	90	90	90	90	90	90	90	90	90	90	90	0.87	0.3	2.44	0.82	0.16	0	0	0	0	13.73	10.67	0.97	0.18	0.91	0.26	3952	0	3.1	0.6	0	0	0	52.1	40.5	3.7	0	0	0	0	0	0	0	0	0	0	0	0	0.3	0	0	0	83	90	90	90	90	90	90	90	90	90	90	90	90	90	83	90	95	93	88	94	93	95	95	89	91	88	85	93	0.83	0.65	1.2	2.26	1.9	0.56	1.15	0.98	0.2	1.48	0.56	0.44	0.87	0.67	1.17	2.36	1.96	0.59	1.22	0.97	0.2	1.45	0.53	0.46	1065
24002	Whey. dried	3	94.5	5.5	13.7	0.9	0	12.4	67.5	0	0	67.5	0	65	2.5	15	3597	2914	2914	2914	2914			3093	3129	3129	3129	3093	3129	3129	3129	2860	5.8	8.8	8.8	7.8			5.4	7.6	7.6	7.6	5.4	7.6	7.6	7.6	0.49	0.22	1.01	1.66	1.49	0.4	0.57	1.21	0.23	0.95	0.52	0.92	0.51	1.08	2.88	1.25	0.26	0.82	0.59	8.23	6.83	0.07	3.58	1.6	7.4	12.1	10.9	2.92	4.16	8.8	1.7	6.9	3.8	3.7	21	9.12	1.9	6	4.31	0.42	0.19	0.86	1.41	1.27	0.34	0.48	1.02	0.2	0.8	0.44	0.78	0.43	0.62	1.07	5	8.64	0	0	0	1.06	0	0	0	0.89	0.9	0.85	0.89	0.79	1.34	2.06	0.11	1.04	7	12.3	1	0.21	9	0.4	0	0.35	0.85	10.6	46.2	3.22	27.4	4	0.02	0	1667	0	0.15	1	1791	200	1	0	0	0	0	77	85	90	81	80	85	80	85	86	87	86	87	85	95	70	85	90	90	90	90	0	30	0	30	72.7	11.6	0.8	2914	54.02	0	0	0	85	85	85	85	85	85	85	85	85	85	85	85	0.87	0.3	2.44	0.03	0.01	0	0	0	0	0.45	0.35	0.03	0.01	0.03	0	130	0	3.1	0.6	0	0	0	52.1	40.5	3.7	0	0	0	0	0	0	0	0	0	0	0	0	0	0	0	0	77	85	48	89	83	87	87	81	83	79	79	77	85	77	77	85	92	92	90	93	91	91	91	86	84	87	88	88	0.24	0.2	0.84	1.44	1.3	0.32	0.47	0.95	0.18	0.73	0.44	0.39	0.45	0.2	0.91	1.54	1.36	0.36	0.52	1.04	0.2	0.82	0.46	0.45	1448
24003	Whey. dried. low lactose	3	93.7	6.3	13.6	0.7	0.1	12.8	66.4	0	0	66.5	0	65	1.5	15	3535	2863	2863	2863	2863			3075	3111	3111	3111	3075	3111	3111	3111	2810	5.7	8.7	8.7	7.7			5.3	7.5	7.5	7.5	5.3	7.5	7.5	7.5	0.47	0.22	1.01	1.65	1.48	0.34	0.45	1.2	0.22	0.94	0.34	0.68	0.5	0.95	2.92	1.24	0.26	0.82	0.58	7.97	6.66	0.07	3.46	1.62	7.4	12.1	10.9	2.5	3.31	8.8	1.62	6.9	2.5	3.7	21.5	9.12	1.91	6	4.26	0.4	0.19	0.86	1.4	1.26	0.29	0.38	1.02	0.19	0.8	0.29	0.58	0.43	0.68	0.76	5.3	5.92	0	0	0	0.75	0	0	0	0.63	0.64	0.6	0.63	1.52	0.77	2.06	0.13	0.72	28.05	145	3.8	0.09	6.5	0.4	0	0.31	0.76	10	47	4	28.5	4	0.01	0	1667	0	0.22	1	751	200	1	0	0	0	0	77	85	90	81	80	85	80	85	87	88	87	88	85	95	70	85	90	90	90	90	0	30	0	30	72.1	11.6	0.6	2863	53.23	0	0	0	85	85	85	85	85	85	85	85	85	85	85	85	0.87	0.3	2.44	0.02	0	0	0	0	0	0.36	0.28	0.03	0	0.02	0	105	0	3.1	0.6	0	0	0	52.1	40.5	3.7	0	0	0	0	0	0	0	0	0	0	0	0	0	0	0	0	77	85	85	85	85	85	85	85	85	85	85	85	85	85	77	85	92	92	90	93	91	91	91	86	84	87	88	88	0.4	0.19	0.86	1.4	1.26	0.29	0.38	1.02	0.19	0.8	0.29	0.43	0.43	0.2	0.91	1.53	1.35	0.31	0.41	1.03	0.18	0.82	0.3	0.44	1635
24004	Whey. permeate. dried	3	94.5	5.5	3	0.2	0	5.7	85.6	0	0	85.6	0	71	14.6	15	3666	2933	2933	2933	2933			2750	2933	2933	2933	2750	2933	2933	2933	2921	3.9	7.1	7.1	6.1			4.3	7.2	7.2	7.2	4.3	7.2	7.2	7.2	0.12	0.04	0.21	0.36	0.27	0.06	0.12	0.24	0.06	0.2	0.09	0.15	0.11	0.23	0.63	0.27	0.06	0.13	0.13	1.67	1.42	0.07	4	1.33	7	12	9	2	4	8	2	6.5	3	3.7	21	9	2	4.33	4.33	0.1	0.03	0.18	0.31	0.23	0.05	0.1	0.2	0.05	0.17	0.08	0.13	0.09	0.58	0.57	10.2	10	0	0	0	0.57	0	0	0	0.48	0.48	0.46	0.48	0.53	1	2.06	0.13	0.7	7	7	1	0.05	9	0.4	0	0.3	0.7	10	46	3.3	25	4	0.02	0	1667	0	0.22	1	500	100	1	0	0	0	0	78	85	90	80	80	85	80	85	75	80	75	80	85	95	70	85	90	90	90	90	0	30	0	30	73.7	2.6	0.2	2933	68.48	0	0	0	85	85	85	85	85	85	85	85	85	85	85	85	0.87	0.3	2.44	0.01	0	0	0	0	0	0.1	0.08	0.01	0	0.01	0	30	0	3.1	0.6	0	0	0	52.1	40.5	3.7	0	0	0	0	0	0	0	0	0	0	0	0	0	0	0	0	78	85	85	85	85	85	85	85	85	85	85	85	85	85	78	85	92	92	90	93	91	91	91	86	84	87	88	88	0.1	0.03	0.18	0.31	0.23	0.05	0.1	0.2	0.05	0.17	0.08	0.09	0.11	0.04	0.19	0.33	0.25	0.05	0.11	0.21	0.05	0.17	0.08	0.1	1448
24005	Casein. dried	6.7	90.8	9.2	83.4	0.5	0.2	3.3	3.4	0	0	3.6	0	3.5	0.1	20	4897	4750	4750	4750	4750			4799	4799	4799	4799	4799	4799	4799	4799	4375	18.1	18.2	18.2	18.2			11.8	10.3	10.3	10.3	11.8	10.3	10.3	10.3	3.25	2.64	4.86	8.43	7.15	2.64	4.59	3.89	1.11	6.34	0.33	2.97	4.79	9.38	18.93	6.26	1.86	5.42	2.77	44.9	40.36	0	3.9	3.17	5.83	10.11	8.57	3.17	5.5	4.66	1.33	7.6	0.4	5.74	22.7	7.5	2.23	6.5	3.32	3.17	2.57	4.74	8.22	6.97	2.57	4.48	3.79	1.08	6.18	0.33	2.9	4.67	0.46	0.66	13.77	19.76	0	0	0	0.65	0	0	0	0.55	0.55	0.52	0.55	0.01	0.04	0	0.01	0.6	3.7	13.5	3.95	0.14	27	0.25	0	0.04	0.49	1	2.7	0.41	1.5	0.4	0	0	0	0	0	0	207	100	0	0	0	0	0	95	98	90	97	80	85	80	85	98	98	98	98	85	95	70	85	90	90	90	90	0	30	0	30	86.3	81.7	0.5	4750	2.86	0	0	0	98	98	98	98	98	98	98	98	98	98	98	98	0.21	0.08	0.2	0.02	0	0	0	0	0	0.27	0.21	0.02	0	0.02	0	78	0	3.1	0.6	0	0	0	52.1	40.5	3.7	0	0	0	0	0	0	0	0	0	0	0	0	0	0	0	0	95	98	98	98	98	98	98	98	98	98	98	98	98	98	95	98	97	97	96	98	98	99	98	95	98	96	89	97	3.19	2.59	4.76	8.26	7.01	2.59	4.5	3.81	1.09	6.21	0.33	4.69	3.15	2.56	4.67	8.26	7.01	2.61	4.5	3.7	1.09	6.08	0.3	4.65	1500
24006	Whey protein isolate	20	94.1	5.9	79.7	1.8	1	6	5.6	10	6	6.6	1	0	3.6	21	4931	4684	4684	4684	4684			4487	4536	4536	4536	4487	4536	4536	4536	4333	17.3	17.4	17.4	17.3			11.3	10	10	10	11.3	10	10	10	2.02	1.28	5.96	9.75	8.28	2.02	2.5	6.86	1.35	5.29	2.22	4.23	2.85	5.35	15.85	9.92	1.62	4.92	4.33	45.31	41.7	0	2.54	1.6	7.47	12.24	10.39	2.53	3.14	8.6	1.7	6.64	2.78	3.57	19.89	12.45	2.03	6.17	5.43	2	1.21	5.9	9.66	7.78	2	2.48	6.45	1.15	5.24	1.88	3.88	2.82	1.08	1.26	18	21	0	0	0	0.42	0	0	0	0.35	0.36	0.34	0.35	0.6	0.1	1.2	0.09	0.5	0.2	10.9	1	0.1	7.5	0.4	0	0	1	120	47	4	28.5	4	0.01	0	1667	0	0.22	1	751	200	1	0	0	0	0	92	96	95	95	80	85	85	85	91	92	91	92	85	95	70	85	90	90	90	90	0	30	0	30	86.6	76.5	1.7	4684	5.28	0.85	0.85	0.85	99	95	99	99	94	99	99	94	85	99	85	99	0.87	0.3	2.44	1.12	0.09	0	0	0	0	0.38	0.41	0.98	0.1	1.24	0.01	270	0	62	5	0	0	0	21.3	23	54.35	0	0	0	0	0	0	0	0	0	0	0	0	0	0	0	0	85	85	85	85	85	85	85	85	85	85	85	85	85	85	85	85	92	92	90	93	91	91	91	86	84	87	88	88	1.72	1.08	5.06	8.29	7.04	1.71	2.13	5.83	1.15	4.5	1.88	2.42	1.86	1.17	5.36	9.07	7.54	1.84	2.28	5.9	1.14	4.61	1.95	2.51	1500
25000	Gelatin	5	94	6	92.2	0.2	0	1.6	0	0	0	0	0	0	0	22	5220	5115	5115	5115	5115			5115	5115	5115	5115	5115	5115	5115	5115	4701	19.7	19.7	19.7	19.7			12.7	10.9	10.9	10.9	12.7	10.9	10.9	10.9	5.68	0.61	1.13	3.27	2.84	0.7	2.38	1.88	0.11	2.7	0.12	0.82	0.55	2.93	10.79	6.18	33.6	3.44	9.01	21.31	63.69	0	6.16	0.66	1.23	3.55	3.08	0.76	2.58	2.04	0.12	2.93	0.13	0.6	11.7	6.7	36.44	3.73	9.77	5.57	0.6	1.11	3.21	2.78	0.69	2.33	1.84	0.11	2.65	0.12	0.8	0.54	0.29	0.33	18.12	20.62	0	0	0	0.32	0	0	0	0.27	0.27	0.26	0.27	0.2	0.02	0	0.04	0.1	21.6	11.1	1.05	0.4	1.4	0	0	0.04	0.5	1	3	0.3	1	0.4	0.01	0	1667	0	0.22	1	200	20	1	0	0	0	0	97	98	90	98	95	85	80	85	98	98	98	98	85	95	70	85	90	90	90	90	0	30	0	30	91.2	90.4	0.2	5115	0	0	0	0	98	98	98	98	98	98	98	98	98	98	98	98	0.87	0.3	2.44	0.01	0	0	0	0	0	0.1	0.08	0.01	0	0.01	0	30	0	3.1	0.6	0	0	0	52.1	40.5	3.7	0	0	0	0	0	0	0	0	0	0	0	0	0	0	0	0	98	98	98	98	98	98	98	98	98	98	98	98	98	98	98	98	98	98	98	98	98	98	98	98	98	98	98	98	5.57	0.6	1.11	3.21	2.78	0.69	2.33	1.84	0.11	2.65	0.12	0.54	5.57	0.6	1.11	3.21	2.78	0.69	2.33	1.84	0.11	2.65	0.12	0.54	1000
26000	Whole egg powder	3	96.9	3.1	47.4	41	0	3.7	4.9	0	0	4.9	0	5	0	28	6690	5820	5820	5820	5820			5820	5820	5820	5820	5820	5820	5820	5820	5624	23.1	23.3	23.3	23.2			18.1	17.4	17.4	17.4	18.1	17.4	17.4	17.4	2.84	1.12	2.58	4.05	3.4	1.48	2.52	2.27	0.58	2.89	1.1	2.58	1.93	4.45	6.19	4.76	1.59	3.52	2.64	23.73	21.73	0.09	5.99	2.36	5.44	8.54	7.17	3.12	5.32	4.79	1.22	6.1	2.32	4.07	13.06	10.04	3.35	7.43	5.57	1.99	0.9	2.06	3.24	2.72	1.18	2.02	1.82	0.46	2.31	0.88	2.06	1.54	0.23	0.83	6.3	22.73	0	0	0	0.82	0	0	0	0.69	0.7	0.66	0.69	0.52	1	0.4	0.04	0.1	1.96	67.9	12.5	1.2	52.8	1.99	0	0.1	1.71	3.05	59.05	3.88	15.4	1.95	0.04	0	9967	3210	28.88	0.5	1000	300	5.98	0	0	0	0	86	90	85	87	75	85	80	85	87	87	87	87	85	95	70	85	90	90	90	90	0	30	0	30	83.3	42.7	34.8	5820	3.68	0	0	0	70	80	80	80	80	80	80	80	80	80	80	80	8.99	3.25	15.52	4.63	0.12	0.57	0.28	0.18	0.46	12.74	15.36	5.81	0.65	5.77	26.49	1507	0	11.3	0.3	1.39	0.68	0.44	31.1	37.5	14.2	0	0	0	0	0	0	0	0	0	0	0	0	0.4	0.1	0	0	70	80	80	80	89	89	81	90	80	84	90	86	90	80	70	80	80	80	89	89	81	90	80	84	90	86	90	80	2.27	0.9	2.3	3.6	2.75	1.33	2.02	1.91	0.52	2.49	0.99	1.54	2.27	0.9	2.3	3.6	2.75	1.33	2.02	1.91	0.52	2.49	0.99	1.54	1000
27000	Silkworm pupae meal. defat.. dried	2.5	93.8	6.2	75.6	6.6	4.7	6.8	0.1	0	0	4.8	0	0	4.8	21	5074	3958	3958	3958	3958			3806	3856	3856	3856	3806	3856	3856	3856	3680	14.8	14.8	14.8	14.8			9.9	8.9	8.9	8.9	9.9	8.9	8.9	8.9	3.86	1.97	2.95	4.38	4.61	2.27	3.33	3.63	1.06	3.7	0.6	2.87	4.16	7.49	6.27	5.9	2.8	3.4	3.33	31.76	26.46	0.09	5.11	2.61	3.9	5.79	6.1	3	4.41	4.8	1.4	4.89	0.79	5.5	8.29	7.8	3.7	4.5	4.41	3.28	1.67	2.51	3.72	3.92	1.93	2.83	3.09	0.9	3.14	0.51	2.44	3.54	0.63	1.25	9.26	18.38	0	0	0	1.24	0	0	0	1.04	1.05	0.99	1.04	0.03	1	3.4	0.38	0.02	7.27	40	18	0.11	35.7	0	0.02	1.44	4.1	152	124.9	0	54.3	19.1	0.5	0	9134	0	157.45	0	100	200	5.5	0	0	0	0	77	80	65	78	75	85	80	85	75	76	75	76	85	95	70	85	90	90	90	90	0	30	0	30	72.2	60.5	4.3	3958	3.6	0	0	0	85	85	85	85	85	85	85	85	85	85	85	85	1.6	0.3	1	0.28	1.7	0	0	0	0	1.8	0.77	3.99	1.88	0.31	0.18	2140	0	4.2	25.7	0	0	0	27.2	11.6	60.4	0	0	0	0	0	0	0	0	0	0	0	0	0.1	0	0	0	85	85	85	85	85	85	85	85	85	85	85	85	85	85	85	85	85	85	85	85	85	85	85	85	85	85	85	85	3.28	1.67	2.51	3.72	3.92	1.93	2.83	3.09	0.9	3.14	0.51	3.54	3.28	1.67	2.51	3.72	3.92	1.93	2.83	3.09	0.9	3.14	0.51	3.54	2000
27001	Maggot meal. MagMeal. AgriProtein	2	90	10	50	10	13	13.3	3.7	0	0	16.7	0	0	16.7	19	4431	3766	3766	3766	3766			3235	3456	3456	3456	3235	3456	3456	3456	3571	12.7	12.7	12.7	12.7			9	8.7	8.7	8.7	9	8.7	8.7	8.7	1.16	1.51	2.12	3.09	3.52	0.97	1.86	1.66	0.87	2.65	2.19	3.16	3.92	5.78	4.91	3.74	2.37	2.01	3.4	19.41	22.54	0.09	2.32	3.02	4.24	6.18	7.04	1.94	3.72	3.32	1.74	5.3	4.38	7.84	9.82	7.48	4.74	4.02	6.8	0.99	1.28	1.8	2.63	2.99	0.82	1.58	1.41	0.74	2.25	1.86	2.69	3.33	2.65	0.82	19.92	6.16	0	0	0	0.81	0	0	0	0.68	0.69	0.65	0.68	0.34	1	1.6	0.29	0.02	10.8	237	158	0.12	122.4	0	0.02	1.4	4.11	150	125	0	52	19.5	0.6	0	9000	0	160.8	0.25	100	200	5.4	0	0	0	0	79	85	90	85	75	85	80	85	73	78	73	78	85	95	70	85	90	90	90	90	0	30	0	30	71.1	42.5	9	3766	12.53	0	0	0	85	85	85	85	85	85	85	85	85	85	85	85	1.6	0.3	1	0.42	2.57	0	0	0	0	6.46	1.27	0.91	2.86	0.47	0.28	1500	0	4.2	25.7	0	0	0	64.6	12.7	9.1	0	0	0	0	0	0	0	0	0	0	0	0	0.1	0	0	0	85	85	85	85	85	85	85	85	85	85	85	85	85	85	85	85	85	85	85	85	85	85	85	85	85	85	85	85	0.99	1.28	1.8	2.63	2.99	0.82	1.58	1.41	0.74	2.25	1.86	3.33	0.99	1.28	1.8	2.63	2.99	0.82	1.58	1.41	0.74	2.25	1.86	3.33	2000
27002	Black soldier fly larvae meal. defatted	2	95.5	4.5	60	11.8	3	3	17.7	0	0	20.7	0	0	20.7	22	5325	4686	4686	4686	4686			3941	4207	4207	4207	3941	4207	4207	4207	4441	15.5	15.5	15.5	15.5			10.9	10.4	10.4	10.4	10.9	10.4	10.4	10.4	3	1.9	2.2	4.2	3.8	1.2	2.3	2.4	0.9	3.7	0.8	2	3.8	6.1	6.4	5.9	3.5	2.4	3.7	25.6	26.5	0	5	3.17	3.67	7	6.33	2	3.83	4	1.5	6.17	1.33	6.33	10.67	9.83	5.83	4	6.17	2.55	1.62	1.87	3.57	3.23	1.02	1.95	2.04	0.77	3.15	0.68	1.7	3.23	0.78	0.62	26	20.66	0	0	0	0.61	0	0	0	0.51	0.52	0.49	0.51	0.14	0.22	0.96	0.25	0.02	17.15	40	25.98	0.11	13.6	0	0.02	0	4.11	150	125	0	52	19.5	0.6	0	9000	0	160.8	0.25	100	200	5.4	0	0	0	0	86	89	85	88	85	85	85	85	74	79	74	79	85	95	70	85	90	90	90	90	0	30	0	30	82.1	53.4	10	4686	17.6	0	0	0	85	85	85	85	85	85	85	85	85	85	85	85	1.2	0.3	1.4	1.4	3.03	0	0	0	0	7.46	2.64	1.46	3.37	1.55	0.33	1770	0	11.85	25.7	0	0	0	63.2	22.4	12.4	0	0	0	0	0	0	0	0	0	0	0	0	0	0	0	0	85	85	85	85	85	85	85	85	85	85	85	85	85	85	85	85	85	85	85	85	85	85	85	85	85	85	85	85	2.55	1.62	1.87	3.57	3.23	1.02	1.95	2.04	0.77	3.15	0.68	3.23	2.55	1.62	1.87	3.57	3.23	1.02	1.95	2.04	0.77	3.15	0.68	3.23	2000
27003	Yellow mealworm meal. defat.. TMP-465. Ynsect	4	93	7	65	13	12	2.5	0.5	0	0	12.5	0	0	12.5	23	5387	4579	4579	4579	4579			4202	4364	4364	4364	4202	4364	4364	4364	4326	16.5	16.5	16.5	16.5			11.7	11	11	11	11.7	11	11	11	3.6	1.5	2.2	5	5	1.5	2.6	2.5	0.8	3.6	1	2.5	3.8	6.4	6.4	5.7	3.4	2.3	3.7	28.3	26.3	0.09	5.54	2.31	3.39	7.69	7.69	2.31	4	3.85	1.23	5.54	1.54	5.85	9.85	8.77	5.23	3.54	5.69	3.06	1.28	1.87	4.25	4.25	1.28	2.21	2.12	0.68	3.06	0.85	2.12	3.23	0.55	0.6	22	24	0	0	0	0.6	0	0	0	0.5	0.51	0.48	0.5	0.05	0.18	0.9	0.2	0.02	10.8	237	158	0.12	122.4	0	0.02	0	4.11	150	125	0	52	19.5	0.6	0	9000	0	160.8	0.25	100	200	5.4	0	0	0	0	83	85	90	85	75	85	80	85	78	81	78	81	85	95	70	85	90	90	90	90	0	30	0	30	77.2	55.3	11.7	4579	9.38	0	0	0	85	85	85	85	85	85	85	85	85	85	85	85	1.6	0.3	1	0.55	3.34	0	0	0	0	2.39	5.3	4.03	3.71	0.61	0.36	1950	0	4.2	25.7	0	0	0	18.4	40.8	31	0	0	0	0	0	0	0	0	0	0	0	0	0.1	0	0	0	85	85	85	85	85	85	85	85	85	85	85	85	85	85	85	85	85	85	85	85	85	85	85	85	85	85	85	85	3.06	1.28	1.87	4.25	4.25	1.28	2.21	2.12	0.68	3.06	0.85	3.23	3.06	1.28	1.87	4.25	4.25	1.28	2.21	2.12	0.68	3.06	0.85	3.23	2000
27004	Mealworm meal. dried. Nutrinsecta	4	96.4	3.6	59.5	31	2	3	0.9	0	0	2.9	0	0	2.9	27	6362	5408	5408	5408	5408			5281	5344	5344	5344	5281	5344	5344	5344	5176	21.2	21.2	21.2	21.2			16	15.1	15.1	15.1	16	15.1	15.1	15.1	3.45	2.01	2.36	3.8	3.36	0.76	2.3	2.53	1.5	3.56	0.6	1.36	4.16	6.46	6	5.5	2.8	3.4	3.5	25.63	25.96	0	5.8	3.38	3.97	6.39	5.65	1.28	3.87	4.25	2.52	5.98	1.01	6.99	10.08	9.24	4.71	5.71	5.88	2.97	1.47	1.84	2.91	2.9	0.58	1.72	2.15	1.27	2.68	0.51	1.09	3.54	0.67	0.6	22	19.8	0	0	0	0.59	0	0	0	0.5	0.5	0.47	0.5	0.05	0.22	0.9	0.38	0.02	7.27	40	18	0.11	35.7	0	0.03	0	4.11	150	125	0	52	19.5	0.6	0	9000	0	160.8	0.25	100	200	5.4	0	0	0	0	84	85	85	85	85	85	85	85	83	84	83	84	85	95	70	85	90	90	90	90	0	30	0	30	81	50.6	26.4	5408	2.44	0	0	0	86	73	78	77	86	77	75	85	85	75	85	85	1.6	0.3	1	1.3	7.97	0	0	0	0	5.7	12.65	9.61	8.85	1.45	0.86	4650	0	4.2	25.7	0	0	0	18.4	40.8	31	0	0	0	0	0	0	0	0	0	0	0	0	0	0	0	0	85	85	85	85	85	85	85	85	85	85	85	85	85	85	85	85	85	85	85	85	85	85	85	85	85	85	85	85	2.93	1.71	2.01	3.23	2.86	0.65	1.96	2.15	1.27	3.03	0.51	3.54	2.93	1.71	2.01	3.23	2.86	0.65	1.96	2.15	1.27	3.03	0.51	3.54	2000
27105	Black soldier fly meal. defatted	2	97.5	2.5	56.1	4.8	3	6.5	27.1	0	0	30.1	6	0	24.1	20	4835	4303	4303	4303	4303			3481	3820	3820	3820	3433	3771	3771	3771	4072	13.2	13.4	13.4	13.2			8.9	8.9	8.9	8.9	8.9	8.9	8.9	8.9	2.72	5.51	2.38	3.81	3.22	0.9	2.11	2.26	1.5	3.38	0.4	1.3	2.76	4.87	6.67	5.13	2.99	2.5	3.8	27.79	24.25	0	4.85	9.82	4.24	6.79	5.74	1.6	3.76	4.03	2.67	6.03	0.71	4.92	11.89	9.14	5.33	4.46	6.77	2.41	3.01	2.05	3.27	2.7	0.77	1.83	1.77	1.28	2.87	0.23	1	2.4	2.5	1	38.46	15.38	0	0	0	0.99	0	0	0	0.83	0.84	0.79	0.83	0.14	0.22	0.96	0.29	0.02	10.8	237	158	0.12	122.4	0	0.02	0	4.11	150	125	0	52	19.5	0.6	0	9000	0	160.8	0.25	100	200	5.4	0	0	0	0	86	90	96	89	85	85	85	85	72	79	71	78	85	95	70	85	90	90	90	90	0	30	0	30	83.9	50.5	4.6	4303	25.59	5.07	5.07	5.07	89	55	86	86	84	85	87	78	85	85	57	87	1.6	0.3	1	0.2	1.23	0	0	0	0	3.13	1.08	0.5	1.37	0.22	0.13	720	0	4.2	25.7	0	0	0	65.2	22.4	10.4	0	0	0	0	0	0	0	0	0	0	0	0	0	0	0	0	85	85	85	85	85	85	85	85	85	85	85	85	85	85	85	85	85	85	85	85	85	85	85	85	85	85	85	85	2.31	4.68	2.02	3.24	2.74	0.76	1.79	1.92	1.28	2.87	0.34	2.35	2.31	4.68	2.02	3.24	2.74	0.76	1.79	1.92	1.28	2.87	0.34	2.35	2000
27106	Black soldier fly meal part.defatted. HermentiaDeutschland	2	94.2	5.8	55.3	18	3	6	11.9	0	0	14.9	0	0	14.9	23	5402	4915	4915	4915	4915			4429	4591	4591	4591	4429	4591	4591	4591	4687	17.5	17.5	17.5	17.5			12.8	12.3	12.3	12.3	12.8	12.3	12.3	12.3	2.15	1.73	1.85	2.86	2.1	0.65	1.66	1.72	1.5	2.72	0.01	0.66	2.64	4.3	4.87	3.72	2.35	2.03	3.45	18.94	19.07	0	3.89	3.13	3.35	5.17	3.8	1.18	3	3.11	2.71	4.92	0.02	4.77	8.81	6.73	4.25	3.67	6.24	1.7	1.11	1.54	2.4	1.68	0.54	1.36	1.26	1.27	2.45	0	0.54	2.43	2	2	33.33	33.33	0	0	0	1.99	0	0	0	1.67	1.69	1.59	1.67	0.14	0.22	0.96	0.29	0.02	10.8	237	158	0.12	122.4	0	0.02	1.4	4.11	150	125	0	52	19.5	0.6	0	9000	0	160.8	0.25	100	200	5.4	0	0	0	0	88	90	96	91	85	85	85	85	82	85	82	85	85	95	70	85	90	90	90	90	0	30	0	30	82.9	49.8	17.3	4915	12.67	0	0	0	79	64	83	84	80	83	82	73	85	90	44	92	1.6	0.3	1	0.76	4.63	0	0	0	0	11.74	4.03	1.87	5.14	0.84	0.5	2700	0	4.2	25.7	0	0	0	65.2	22.4	10.4	0	0	0	0	0	0	0	0	0	0	0	0	0	0	0	0	85	85	85	85	85	85	85	85	85	85	85	85	85	85	85	85	85	85	85	85	85	85	85	85	85	85	85	85	1.83	1.47	1.57	2.43	1.78	0.55	1.41	1.46	1.27	2.31	0.01	2.24	1.83	1.47	1.57	2.43	1.78	0.55	1.41	1.46	1.27	2.31	0.01	2.24	2000
27107	Black soldier fly meal high.defatted. HermetiaDeutschland	2	98.5	1.5	65.5	4.6	3	6	19.4	0	0	22.4	0	0	22.4	21	5033	4530	4530	4530	4530			3725	4027	4027	4027	3725	4027	4027	4027	4260	14.5	14.5	14.5	14.5			9.8	9.3	9.3	9.3	9.8	9.3	9.3	9.3	2.7	2.05	2.4	3.67	2.52	0.86	2.18	2.18	1.5	3.45	0.02	0.88	3.41	5.59	6.37	4.88	3.03	2.68	4.37	23.51	24.76	0	4.12	3.13	3.66	5.6	3.85	1.31	3.33	3.33	2.29	5.27	0.03	5.21	9.73	7.45	4.63	4.09	6.67	2.16	1.29	2.09	3.27	2.02	0.67	1.87	1.68	1.27	3.14	0.01	0.68	3.24	1.7	2	28.33	33.33	0	0	0	1.99	0	0	0	1.67	1.69	1.59	1.67	0.14	0.22	0.96	0.29	0.02	10.8	237	158	0.12	122.4	0	0.02	1.4	4.11	150	125	0	52	19.5	0.6	0	9000	0	160.8	0.25	100	200	5.4	0	0	0	0	87	90	96	90	85	85	85	85	74	80	74	80	85	95	70	85	90	90	90	90	0	30	0	30	85.7	59	4.4	4530	19.04	0	0	0	80	63	87	89	80	78	86	77	85	91	45	95	1.6	0.3	1	0.19	1.18	0	0	0	0	3	1.03	0.48	1.31	0.21	0.12	690	0	4.2	25.7	0	0	0	65.2	22.4	10.4	0	0	0	0	0	0	0	0	0	0	0	0	0	0	0	0	85	85	85	85	85	85	85	85	85	85	85	85	85	85	85	85	85	85	85	85	85	85	85	85	85	85	85	85	2.29	1.74	2.04	3.12	2.14	0.73	1.85	1.85	1.27	2.93	0.02	2.9	2.29	1.74	2.04	3.12	2.14	0.73	1.85	1.85	1.27	2.93	0.02	2.9	2000
27108	Black soldier fly. Full-fat. Enviroflight. USA	2	96	4	35.4	32.4	0	6	22.2	0	0	22.2	0	0	22.2	25	5918	5444	5444	5444	5444			4675	4971	4971	4971	4675	4971	4971	4971	5298	19	19	19	19			15	15.1	15.1	15.1	15	15.1	15.1	15.1	1.77	0.25	1.18	2.62	1.47	0.32	1.42	1.46	1	1.88	0.5	0.82	1.29	2.71	4.98	3.4	1.87	1.73	2.2	13.37	15.97	0	5	0.71	3.33	7.4	4.15	0.9	4.01	4.12	2.83	5.31	1.41	3.64	14.07	9.61	5.28	4.89	6.22	1.61	0.21	1.04	2.23	1.32	0.28	1.24	1.15	0.85	1.62	0.42	0.7	1.21	0.48	1.1	8	18.33	0	0	0	1.09	0	0	0	0.92	0.93	0.87	0.92	0.07	0.14	0.7	0.46	0.25	7.3	113.1	66.5	0.1	92.3	0	0	0	4.11	150	125	0	52	19.5	0.6	0	9000	0	160.8	0.25	100	200	5.4	0	0	0	0	88	90	96	92	85	85	85	85	79	84	79	84	85	95	70	85	90	90	90	90	0	30	0	30	84.5	31.9	31.1	5444	18.87	0	0	0	91	85	88	85	90	86	87	79	85	86	85	94	1.6	0.3	1	1.36	8.33	0	0	0	0	21.12	7.26	3.37	9.25	1.51	0.9	4860	0	4.2	25.7	0	0	0	65.2	22.4	10.4	0	0	0	0	0	0	0	0	0	0	0	0	0	0	0	0	85	85	85	85	85	85	85	85	85	85	85	85	85	85	85	85	85	85	85	85	85	85	85	85	85	85	85	85	1.5	0.21	1	2.23	1.25	0.27	1.21	1.24	0.85	1.6	0.42	1.1	1.5	0.21	1	2.23	1.25	0.27	1.21	1.24	0.85	1.6	0.42	1.1	2000
27109	Black soldier fly. Low-fat. Organic Nutrition Industries.USA	2	93.2	6.8	62.7	5.5	0	6	19	0	0	19	0	0	19	20	4821	4339	4339	4339	4339			3664	3905	3905	3905	3664	3905	3905	3905	4080	14.3	14.3	14.3	14.3			9.7	9.1	9.1	9.1	9.7	9.1	9.1	9.1	2.51	0.52	1.76	3.83	2.28	0.61	1.8	2.22	1	3.12	0.5	1.11	3.47	5.27	6.14	4.4	3.66	3.12	4.6	19.65	25.89	0	4	0.83	2.81	6.11	3.64	0.97	2.87	3.54	1.6	4.98	0.8	5.53	9.79	7.02	5.84	4.98	7.34	2.26	0.43	1.55	3.29	1.94	0.55	1.58	1.82	0.85	2.65	0.42	0.97	2.88	2	1.04	33.33	17.33	0	0	0	1.03	0	0	0	0.87	0.88	0.82	0.87	0.14	0.22	0.96	0.5	0.28	15.7	282.6	296.8	0.1	130.6	0	0	0	4.11	150	125	0	52	19.5	0.6	0	9000	0	160.8	0.25	100	200	5.4	0	0	0	0	87	90	96	90	85	85	85	85	76	81	76	81	85	95	70	85	90	90	90	90	0	30	0	30	81.1	56.4	5.3	4339	16.15	0	0	0	90	83	88	86	85	90	88	82	85	85	85	83	1.6	0.3	1	0.23	1.41	0	0	0	0	3.59	1.23	0.57	1.57	0.26	0.15	825	0	4.2	25.7	0	0	0	65.2	22.4	10.4	0	0	0	0	0	0	0	0	0	0	0	0	0	0	0	0	85	85	85	85	85	85	85	85	85	85	85	85	85	85	85	85	85	85	85	85	85	85	85	85	85	85	85	85	2.13	0.44	1.5	3.26	1.94	0.52	1.53	1.89	0.85	2.65	0.42	2.95	2.13	0.44	1.5	3.26	1.94	0.52	1.53	1.89	0.85	2.65	0.42	2.95	2000
27110	Black soldier fly. low heat dry	2	96.5	3.5	42.2	37.7	0	6	10.6	0	0	10.6	0	0	10.6	26	6324	5881	5881	5881	5881			5502	5628	5628	5628	5502	5628	5628	5628	5707	22.4	22.4	22.4	22.4			17.6	17.2	17.2	17.2	17.6	17.2	17.2	17.2	2.01	1.48	1.56	2.66	2.4	0.71	2.94	1.47	1	2.22	0.5	1.21	2.41	5.35	4.49	4.13	1.91	1.52	2.18	18.45	17.14	0	4.76	3.51	3.7	6.31	5.69	1.68	6.97	3.49	2.37	5.26	1.19	5.71	10.65	9.79	4.53	3.6	5.17	1.99	1.33	1.54	2.63	2.33	0.7	2.56	1.46	0.85	2.13	0.42	1.13	2.39	2.07	0.79	34.5	13.16	0	0	0	0.78	0	0	0	0.66	0.66	0.62	0.66	0.09	0.14	0.7	0.42	0.23	10	161.2	91.5	0.1	57.4	0	0	0	4.11	150	125	0	52	19.5	0.6	0	9000	0	160.8	0.25	100	200	5.4	0	0	0	0	89	90	96	93	85	85	85	85	87	89	87	89	85	95	70	85	90	90	90	90	0	30	0	30	85.9	38	36.2	5881	9.03	0	0	0	99	90	99	99	97	99	87	99	85	96	85	99	1.6	0.3	1	1.58	9.69	0	0	0	0	24.58	8.44	3.92	10.77	1.76	1.05	5655	0	4.2	25.7	0	0	0	65.2	22.4	10.4	0	0	0	0	0	0	0	0	0	0	0	0	0	0	0	0	85	85	85	85	85	85	85	85	85	85	85	85	85	85	85	85	85	85	85	85	85	85	85	85	85	85	85	85	1.71	1.26	1.33	2.26	2.04	0.6	2.5	1.25	0.85	1.89	0.42	2.05	1.71	1.26	1.33	2.26	2.04	0.6	2.5	1.25	0.85	1.89	0.42	2.05	2000
27111	Black soldier fly. medium heat dry	2	94.2	5.8	39.9	37.6	0	6	10.7	0	0	10.7	0	0	10.7	26	6190	5757	5757	5757	5757			5386	5509	5509	5509	5386	5509	5509	5509	5592	21.9	21.9	21.9	21.9			17.3	16.9	16.9	16.9	17.3	16.9	16.9	16.9	1.88	1.36	1.44	2.46	2.23	0.6	2.71	1.37	1	2.06	0.5	1.1	2.18	4.89	4.27	3.81	1.8	1.43	2.04	17.11	16.03	0	4.71	3.41	3.61	6.16	5.59	1.5	6.79	3.43	2.5	5.16	1.25	5.46	10.69	9.54	4.51	3.58	5.11	1.86	1.35	1.43	2.44	2.21	0.59	2.55	1.36	0.85	2.04	0.42	1.02	2.16	2.05	0.75	34.16	12.5	0	0	0	0.75	0	0	0	0.63	0.64	0.6	0.63	0.11	0.14	0.7	0.38	0.23	10	184.1	88.9	0.1	52.4	0	0	0	4.11	150	125	0	52	19.5	0.6	0	9000	0	160.8	0.25	100	200	5.4	0	0	0	0	89	90	96	93	85	85	85	85	87	89	87	89	85	95	70	85	90	90	90	90	0	30	0	30	83.8	35.9	36.1	5757	9.07	0	0	0	99	99	99	99	99	99	94	99	85	99	85	99	1.6	0.3	1	1.58	9.66	0	0	0	0	24.52	8.42	3.91	10.74	1.75	1.05	5640	0	4.2	25.7	0	0	0	65.2	22.4	10.4	0	0	0	0	0	0	0	0	0	0	0	0	0	0	0	0	85	85	85	85	85	85	85	85	85	85	85	85	85	85	85	85	85	85	85	85	85	85	85	85	85	85	85	85	1.6	1.16	1.22	2.09	1.9	0.51	2.3	1.16	0.85	1.75	0.42	1.85	1.6	1.16	1.22	2.09	1.9	0.51	2.3	1.16	0.85	1.75	0.42	1.85	2000
27112	Black soldier fly. high heat dry	2	95.6	4.4	40.9	38.3	0	6	10.5	0	0	10.5	0	0	10.5	26	6295	5855	5855	5855	5855			5477	5603	5603	5603	5477	5603	5603	5603	5686	22.3	22.3	22.3	22.3			17.6	17.2	17.2	17.2	17.6	17.2	17.2	17.2	1.94	1.46	1.5	2.57	2.32	0.67	2.79	1.43	1	2.16	0.5	1.17	2.31	5.1	4.5	3.99	1.89	1.5	2.23	17.84	16.92	0	4.75	3.57	3.67	6.29	5.68	1.64	6.83	3.5	2.45	5.29	1.22	5.65	11.01	9.77	4.63	3.67	5.46	1.92	1.36	1.48	2.54	2.3	0.66	2.51	1.42	0.85	2.14	0.43	1.09	2.29	2.07	0.78	34.5	13	0	0	0	0.78	0	0	0	0.66	0.66	0.62	0.66	0.12	0.14	0.7	0.39	0.24	10	197.1	89.5	0.1	52.9	0	0	0	4.11	150	125	0	52	19.5	0.6	0	9000	0	160.8	0.25	100	200	5.4	0	0	0	0	89	90	96	93	85	85	85	85	87	89	87	89	85	95	70	85	90	90	90	90	0	30	0	30	85.1	36.8	36.7	5855	8.92	0	0	0	99	93	99	99	99	99	90	99	85	99	85	99	1.6	0.3	1	1.61	9.83	0	0	0	0	24.94	8.57	3.98	10.92	1.79	1.07	5737	0	4.2	25.7	0	0	0	65.2	22.4	10.4	0	0	0	0	0	0	0	0	0	0	0	0	0	0	0	0	85	85	85	85	85	85	85	85	85	85	85	85	85	85	85	85	85	85	85	85	85	85	85	85	85	85	85	85	1.65	1.24	1.27	2.18	1.97	0.57	2.37	1.22	0.85	1.84	0.43	1.96	1.65	1.24	1.27	2.18	1.97	0.57	2.37	1.22	0.85	1.84	0.43	1.96	2000
27113	Black soldier fly meal. H-Meal. Entobel	2	95	5	56	10.5	8	12	8.5	0	0	16.5	0	0	20	20	4809	4376	4376	4376	4376			3799	4039	4039	4039	3799	4039	4039	4039	4145	14.9	14.9	14.9	14.9			10.5	10.1	10.1	10.1	10.5	10.1	10.1	10.1	2.71	5.5	2.38	3.8	3.21	0.9	2.11	2.26	1.5	3.37	0.4	1.3	2.76	4.86	6.66	5.12	2.98	2.5	3.79	27.74	24.21	1	4.85	9.82	4.24	6.79	5.74	1.6	3.76	4.03	2.67	6.03	0.71	4.92	11.89	9.14	5.33	4.46	6.77	2.44	4.68	2.02	3.23	2.73	0.76	1.79	1.92	1.27	2.87	0.34	1.1	2.34	4.56	1.92	38	16	0	0	0	0.99	0	0	0	0.83	0.84	0.79	0.83	0.14	0.22	0.96	0.29	0.02	10.8	237	158	0.12	122.4	0	0.02	0	4.1	150	125	0	52	19.5	0.6	0	9000	0	160.8	0.25	100	200	5.4	0	0	0	0	85	90	96	91	85	85	85	85	79	84	79	84	85	95	70	85	90	90	90	90	0	30	0	30	80.8	50.4	10.1	4376	14.03	0	0	0	90	85	85	85	85	85	85	85	85	85	85	85	1.6	0.3	1	0.44	2.7	0	0	0	0	6.85	2.35	1.09	3	0.49	0.13	720	0	4.2	25.7	0	0	0	65.2	22.4	10.4	0	0	0	0	0	0	0	0	0	0	0	0	0	0	0	0	85	85	85	85	85	85	85	85	85	85	85	85	85	85	85	85	85	85	85	85	85	85	85	85	85	85	85	85	2.31	4.68	2.02	3.23	2.73	0.76	1.79	1.92	1.27	2.87	0.34	2.34	2.31	4.68	2.02	3.23	2.73	0.76	1.79	1.92	1.27	2.87	0.34	2.34	2000
30050	Almond meal. first cut. Adaptive Bio-Resources. USA	4.5	92.4	7.6	49.3	7.9	2	3.5	29.7	6	4	31.7	1	0	26.7	20	4804	4324	4324	4324	4324			3267	3603	3603	3603	3267	3603	3603	3603	4115	12.7	12.8	12.8	12.7			8.9	8.8	8.8	8.8	8.9	8.8	8.8	8.8	5.17	0.47	1.15	3	1.01	0.32	2.32	1.68	0.5	1.42	0.3	0.62	0.63	2.95	15.15	5.45	3.8	2.76	2.29	17.04	30.38	0	10.49	0.95	2.33	6.09	2.05	0.65	4.71	3.41	1.01	2.88	0.61	1.28	30.73	11.06	7.71	5.6	4.64	4.96	0.32	1.14	2.82	1	0.29	2.3	1.24	0.42	1.29	0.26	0.54	0.62	0.6	1.2	17.14	34.28	0.54	0	45	0.65	0	0	0	0.55	0.63	0.52	0.57	0.01	0.01	0.68	0.61	0.18	17.4	28.4	0.61	1	62.8	0	0	0	0.6	70	4	5	3	7	1	0	10000	0	32	0.1	500	526	6	0	0	0	0	88	92	92	90	85	85	85	85	68	75	68	75	85	95	70	85	90	90	90	90	0	30	0	30	81.3	45.4	7.3	4324	26.95	0.85	0.85	0.85	96	69	99	94	99	90	99	74	85	91	85	99	0.87	0.3	2.44	2.37	1.19	0.04	0	0	0	1.42	4.35	1.98	1.32	2.68	1.89	790	0	30	15	0.5	0	0	18	55	25	0	0	0	0	0	0	1.9	0	0	0	0	0	0	0	0	0	85	85	85	85	85	85	85	85	85	85	85	85	85	85	85	85	85	85	85	85	85	85	85	85	85	85	85	85	4.39	0.4	0.98	2.55	0.86	0.27	1.97	1.43	0.42	1.21	0.26	0.54	4.39	0.4	0.98	2.55	0.86	0.27	1.97	1.43	0.42	1.21	0.26	0.54	1000
30051	Almond meal. 2d cut. Adaptive Bio-Resources. USA	4.5	93	7	47.6	10	2	3.5	29.9	6	4	31.9	1	0	26.9	21	4914	4373	4373	4373	4373			3292	3636	3636	3636	3292	3636	3636	3636	4177	13	13	13	13			9.2	9.2	9.2	9.2	9.2	9.2	9.2	9.2	5.3	0.4	0.77	2.54	0.86	0.28	1.86	1.7	0.5	1.12	0.3	0.58	0.48	2.34	14.28	6.07	3.67	2.98	2.5	15.33	30.28	0	11.13	0.84	1.62	5.34	1.81	0.59	3.91	3.57	1.05	2.35	0.63	1.01	30	12.75	7.71	6.26	5.25	5.03	0.23	0.68	2.21	0.77	0.27	1.77	1.19	0.42	0.9	0.25	0.53	0.46	0.58	1.09	16.57	31.14	0.49	0	45	0.59	0	0	0	0.5	0.58	0.47	0.52	0.01	0.01	0.68	0.59	0.18	18	37.3	0.59	1	62.3	0	0	0	0.6	70	4	5	3	7	1	0	10000	0	32	0.1	500	478	6	0	0	0	0	87	90	92	89	85	85	85	85	67	74	67	74	85	95	70	85	90	90	90	90	0	30	0	30	80.9	42.8	9.2	4373	27.12	0.85	0.85	0.85	95	57	88	87	90	97	95	70	85	80	85	96	0.87	0.3	2.44	3	1.5	0.05	0	0	0	1.8	5.5	2.5	1.67	3.39	2.4	1000	0	30	15	0.5	0	0	18	55	25	0	0	0	0	0	0	1.8	0	0	0	0	0	0	0	0	0	85	85	85	85	85	85	85	85	85	85	85	85	85	85	85	85	85	85	85	85	85	85	85	85	85	85	85	85	4.5	0.34	0.65	2.16	0.73	0.24	1.58	1.44	0.42	0.95	0.25	0.41	4.5	0.34	0.65	2.16	0.73	0.24	1.58	1.44	0.42	0.95	0.25	0.41	1000
30052	Almonds. blanched. Adaptive Bio-Resources. USA	4.5	93.7	6.3	51	8.1	2	3.5	29.1	6	4	31.1	1	0	26.1	20	4895	4405	4405	4405	4405			3377	3720	3720	3720	3377	3671	3671	3671	4190	13.2	13.2	13.2	13.2			9.2	9	9	9	9.1	9	9	9	4.61	0.25	1.2	3.24	1.12	0.24	2.32	1.37	0.5	1.51	0.3	0.54	1.26	3.58	12.95	5.22	2.87	2.18	2.21	16.36	26.99	0	9.04	0.49	2.35	6.36	2.2	0.47	4.55	2.69	0.98	2.96	0.59	2.47	25.4	10.24	5.63	4.28	4.34	4.47	0.23	1.19	3.08	1.04	0.2	2.23	1.25	0.43	1.46	0.25	0.46	1.25	0.63	1.09	18	31	0.49	0	45	0.59	0	0	0	0.5	0.57	0.47	0.52	0.01	0.01	0.68	0.85	0.1	23	89.9	0.85	1	57.1	0	0	0	0.6	70	4	5	3	7	1	0	10000	0	32	0.1	500	776	6	0	0	0	0	88	92	92	90	85	85	85	85	69	76	69	75	85	95	70	85	90	90	90	90	0	30	0	30	82.5	46.9	7.5	4405	26.45	0.85	0.85	0.85	97	93	99	95	93	85	96	91	85	97	85	99	0.87	0.3	2.44	2.43	1.22	0.04	0	0	0	1.46	4.46	2.03	1.35	2.75	1.94	810	0	30	15	0.5	0	0	18	55	25	0	0	0	0	0	0	2.8	0	0	0	0	0	0	0	0	0	82	90	89	80	84	88	80	90	85	84	63	80	82	87	82	90	89	80	84	88	80	90	85	84	63	80	82	87	4.1	0.2	1.01	2.85	0.9	0.22	1.97	1.15	0.32	1.21	0.25	1.1	4.1	0.2	1.01	2.85	0.9	0.22	1.97	1.15	0.32	1.21	0.25	1.1	1000
30105	Banana meal. 4% CP	3.5	95.4	4.6	3.9	1.8	9.9	4.6	75.2	11.8	5.8	85.1	60	8	11.3	16	3846	2769	2769	2769	2769			2653	3038	3038	3038	2307	2807	2807	2807	2756	5.6	8.9	8.9	6.1			4.4	7.6	7.6	7.6	3.9	7	7	7	0.18	0.33	0.17	0.36	0.16	0.07	0.2	0.17	0.02	0.28	0.06	0.13	0.12	0.32	0.4	0.5	0.19	0.23	0.22	1.94	1.72	0	4.62	8.46	4.36	9.23	4.1	1.8	5.13	4.36	0.51	7.18	1.54	3.08	10.26	12.82	4.87	5.9	5.64	0.13	0.23	0.12	0.25	0.11	0.05	0.14	0.12	0.01	0.2	0.04	0.09	0.08	0.22	0.74	4.78	16.08	0.41	0	56	0.32	0	0	0	0.27	0.33	0.26	0.29	0.01	0.05	2.02	1.08	0.5	4	12	6	0.04	60	0.05	0	0.03	0.14	28	3.56	4	2	2	0	70	2467	0	2.98	0.02	196	404	1.01	0	0	0	0	71	70	85	72	72	85	80	85	69	79	60	73	85	95	70	85	90	90	90	90	0	30	0	30	67.7	2.7	1.5	2769	61.27	51	48	51	70	70	70	70	70	70	70	70	70	70	70	70	0.87	0.3	2.44	0.21	0.13	0	0	0	0	0.7	0.45	0.54	0.14	0.23	0.49	0	160	11.72	7	0	0	0	38.89	25	30	23	150	57	646	0	0	1.5	4.5	0	0	1000	0	0	0	0	0	80	70	70	70	70	70	70	70	70	70	70	70	70	70	80	70	70	70	70	70	70	70	70	70	70	70	70	70	0.13	0.23	0.12	0.25	0.11	0.05	0.14	0.12	0.01	0.2	0.04	0.08	0.13	0.23	0.12	0.25	0.11	0.05	0.14	0.12	0.01	0.2	0.04	0.08	1000
30106	Banana meal. 1% CP	3.5	86.9	13.1	1.3	0.5	6	12.1	67	11.8	5.8	73	50	8	9.2	13	3086	2252	2252	2252	2252			2098	2438	2438	2438	1790	2222	2222	2222	2248	4.1	6.9	6.9	4.6			3.3	6	6	6	2.8	5.5	5.5	5.5	0.03	0.06	0.03	0.05	0.03	0.01	0.04	0.05	0	0.05	0.01	0.02	0.02	0.06	0.06	0.08	0.03	0.04	0.04	0.35	0.27	0	2.6	5	2.15	4.3	2	1	2.9	4.16	0.25	3.6	0.76	1.54	5	6	2.5	3	3	0.02	0.04	0.02	0.04	0.02	0.01	0.03	0.04	0	0.03	0.01	0.02	0.01	0.22	0.86	1.81	7.11	0.48	0	56	0.38	0	0	0	0.32	0.4	0.3	0.34	0.01	0.05	2.02	1.08	0.7	4	12	6	0.04	60	0.06	0	0.03	0.14	28	3.56	4	2	2	0	70	2467	0	2.98	0.02	196	404	1.01	0	0	0	0	70	70	85	73	73	85	80	85	68	79	58	72	85	95	70	85	90	90	90	90	0	30	0	30	60.8	0.9	0.4	2252	53.32	42.5	40	42.5	70	70	70	70	70	70	70	70	70	70	70	70	0.87	0.3	2.44	0.06	0.04	0	0	0	0	0.19	0.13	0.15	0.04	0.07	0.2	0	160	11.72	7	0	0	0	38.89	25	30	23	150	57	646	0	0	1.5	4.5	0	0	1000	0	0	0	0	0	80	70	70	70	70	70	70	70	70	70	70	70	70	70	80	70	70	70	70	70	70	70	70	70	70	70	70	70	0.02	0.04	0.02	0.04	0.02	0.01	0.03	0.04	0	0.03	0.01	0.01	0.02	0.04	0.02	0.04	0.02	0.01	0.03	0.04	0	0.03	0.01	0.01	1000
30205	Barley protein concentrate. low protein. 27% CP	1	92.8	7.2	27.2	1.3	5	4	55.3	20	7	60.3	39.8	0.5	13	17	4104	3201	3201	3201	3201			2914	3242	3242	3242	2667	3078	3078	3078	3086	8.6	10.6	10.6	8.8			6	7.6	7.6	7.6	5.6	7.2	7.2	7.2	1.62	0.57	1.03	1.86	0.92	0.39	1.47	0.84	0.33	1.33	0.6	0.99	0.84	2.31	4.2	1.14	0.92	0.95	0.97	10.36	9.62	0	5.96	2.1	3.79	6.84	3.38	1.43	5.4	3.09	1.21	4.89	2.21	3.09	15.44	4.19	3.38	3.49	3.57	1.38	0.49	0.88	1.59	0.78	0.33	1.25	0.72	0.28	1.13	0.51	0.84	0.72	0.04	0.62	1	15.5	0.35	0	56	0.27	0	0	0	0.23	0.28	0.22	0.24	0.02	0.5	0.9	0.19	0.25	7.37	180	17	0.1	69	0.1	0	0.1	0.2	65	5	10	1	5	0	0	3800	0	3.13	0.2	2000	10000	2	0	0	0	0	75	92	95	78	68	85	80	85	71	79	65	75	85	95	70	85	90	90	90	90	0	30	0	30	69.6	25	1.2	3201	40.98	33.8	31.82	33.8	85	85	85	85	85	85	85	85	85	85	85	85	0.87	0.3	2.44	0.72	0.07	0	0	0	0	0.29	0.2	0.78	0.07	0.79	0.29	0	400	55	5	0	0	0	22.2	15	60	5	222	131	656	0	0	1.2	0	0	0	0	0	0.2	0	0	0	73	85	85	85	85	85	85	85	85	85	85	85	85	85	73	85	85	85	85	85	85	85	85	85	85	85	85	85	1.38	0.48	0.88	1.58	0.78	0.33	1.25	0.71	0.28	1.13	0.51	0.71	1.38	0.48	0.88	1.58	0.78	0.33	1.25	0.71	0.28	1.13	0.51	0.71	1000
30206	Barley protein concentrate. high protein. 54% CP	1	93.1	6.9	52.4	6	5	4	25.7	10	3	30.7	20.2	0.5	7	20	4763	4097	4097	4097	4097			3954	4144	4144	4144	3858	4049	4049	4049	3875	14.1	15.1	15.1	14.2			9.8	9.9	9.9	9.9	9.6	9.7	9.7	9.7	3.17	1.14	2.11	4.15	1.72	0.84	3.29	2.15	0.63	3.17	1.15	1.99	2.15	5.44	13.79	3.29	2.09	2.8	2.36	22.37	27.63	0	6.05	2.18	4.03	7.92	3.28	1.6	6.28	4.1	1.2	6.05	2.19	4.1	26.32	6.28	3.99	5.34	4.5	3.03	1.09	2.01	3.96	1.64	0.8	3.14	2.05	0.6	3.03	1.1	1.9	2.05	0.08	1.05	2	26.25	0.59	0	56	0.46	0	0	0	0.39	0.48	0.37	0.42	0.02	0.5	0.9	0.09	0.64	11.85	125	30	0.1	25.5	0.1	0	0.1	0.2	65	5	8	1	6	0	0	3800	0	3.13	0.2	3000	573	2	0	0	0	0	82	92	95	86	68	85	80	85	83	87	81	85	85	95	70	85	90	90	90	90	0	30	0	30	76.4	48.2	5.7	4097	20.9	17.2	16.18	17.2	95	95	95	95	95	95	95	95	95	95	95	95	0.87	0.3	2.44	3.3	0.3	0	0	0	0	1.33	0.9	3.6	0.33	3.67	1.36	0	800	55	5	0	0	0	22.2	15	60	5	222	131	656	0	0	2.1	0	0	0	0	0	0.2	0	0	0	85	95	95	95	95	95	95	95	95	95	95	95	95	95	85	95	95	95	95	95	95	95	95	95	95	95	95	95	3.01	1.08	2	3.94	1.63	0.8	3.13	2.04	0.6	3.01	1.09	2.04	3.01	1.08	2	3.94	1.63	0.8	3.13	2.04	0.6	3.01	1.09	2.04	1000
30207	Barley. grain	0.25	90.6	9.4	13	2.1	5.8	2.8	66.9	20	7	72.7	49.9	2.8	13	16	3884	2913	2913	2913	2913			2641	2991	2991	2991	2330	2796	2796	2796	2862	6.7	9.2	9.2	7			4.9	7.4	7.4	7.4	4.4	6.9	6.9	6.9	0.66	0.26	0.45	0.87	0.45	0.17	0.65	0.42	0.15	0.61	0.23	0.4	0.44	1.09	2.03	0.78	0.5	0.55	0.55	4.69	5.08	0	5.08	2	3.46	6.69	3.46	1.31	5	3.23	1.15	4.69	1.77	3.39	15.62	6	3.85	4.23	4.23	0.53	0.21	0.36	0.7	0.36	0.14	0.52	0.34	0.12	0.49	0.18	0.32	0.35	0.1	0.37	3.55	13.16	0.21	0	56	0.16	0	0	0	0.13	0.17	0.13	0.14	0.01	0.1	0.48	0.13	0.19	6.59	101.75	16.88	0.14	28.15	0.05	0	0.18	0.6	66.4	7.2	11.65	1.73	4.53	0	0	3800	0	17.77	0.2	1009	202	4.1	0	0	0	0	73	85	90	75	71	85	80	85	68	77	60	72	85	95	70	85	90	90	90	90	0	30	0	30	66.2	11.1	1.9	2913	51.62	42.42	39.93	42.42	80	80	80	80	80	80	80	80	80	80	80	80	0.87	0.3	2.44	1.16	0.11	0	0	0	0	0.47	0.32	1.27	0.12	1.29	0.47	0	504	55	5	0	0	0	22.2	15	60	5	222	131	656	0	0	0.7	0	0	0	0	0	0.2	0	0	0	72	80	86	86	84	86	79	86	88	81	80	82	86	87	72	80	83	82	81	83	74	82	84	74	77	79	82	86	0.57	0.22	0.38	0.75	0.36	0.15	0.57	0.34	0.12	0.5	0.2	0.38	0.55	0.21	0.36	0.72	0.33	0.14	0.55	0.31	0.12	0.48	0.19	0.38	886
30208	Barley. malt sprouts. dried	0.25	91.1	8.9	26.2	1.4	13.9	5.8	43.8	40	15.1	57.7	14.9	2.8	24.9	17	3953	2530	2530	2530	2530			1977	2372	2372	2372	1898	2293	2293	2293	2428	6.5	7.3	7.3	6.6			4.5	5.5	5.5	5.5	4.3	5.4	5.4	5.4	1.11	0.52	1.06	1.57	1.19	0.34	0.86	0.96	0.41	1.41	0.24	0.58	0.63	1.49	5.97	1.52	1.05	1.1	1.07	9.43	11.58	0	4.24	1.99	4.05	5.99	4.54	1.3	3.28	3.66	1.57	5.38	0.92	2.4	22.79	5.8	4.01	4.2	4.08	0.94	0.44	0.9	1.33	1.01	0.29	0.73	0.82	0.35	1.2	0.2	0.49	0.54	0.22	0.73	3.79	12.58	0.41	0	56	0.32	0	0	0	0.27	0.33	0.26	0.29	0.06	0.59	0.9	0.16	0.3	5.3	198	67.8	0.6	42.4	0.1	0	0.15	0.2	43.3	8.6	1.27	1.5	0.7	0	0	3800	0	3.13	8.28	1548	398	2	0	0	0	0	61	85	90	64	50	85	80	85	50	60	48	58	85	95	70	85	90	90	90	90	0	30	0	30	55.6	22.3	1.3	2530	28.85	12.67	11.92	12.67	85	85	85	85	85	85	85	85	85	85	85	85	0.87	0.3	2.44	0.77	0.07	0	0	0	0	0.31	0.21	0.84	0.08	0.86	0.31	0	400	55	5	0	0	0	22.2	15	60	5	222	131	656	0	0	1.5	0	0	0	0	0	0.2	0	0	0	61	85	85	85	85	85	85	85	85	85	85	85	85	85	61	85	85	85	85	85	85	85	85	85	85	85	85	85	0.94	0.44	0.9	1.33	1.01	0.29	0.73	0.82	0.35	1.2	0.2	0.54	0.94	0.44	0.9	1.33	1.01	0.29	0.73	0.82	0.35	1.2	0.2	0.54	886
30209	Barley. malt sprouts. pellets	0.25	90.8	9.2	17.7	1.9	13.3	5.7	52.2	43.3	18.1	65.5	17.9	4.3	25.2	16	3836	2378	2378	2378	2378			1765	2148	2148	2148	1688	2071	2071	2071	2309	5.3	6.4	6.4	5.6			3.8	5.2	5.2	5.2	3.7	5.1	5.1	5.1	0.83	0.39	0.64	1.2	0.65	0.3	0.87	0.6	0.21	0.89	0.39	0.69	0.5	1.37	4.04	1.03	0.71	0.74	0.73	6.58	8.14	0	4.69	2.2	3.62	6.78	3.67	1.7	4.92	3.39	1.19	5.03	2.2	2.83	22.83	5.82	4.01	4.18	4.12	0.71	0.33	0.54	1.02	0.55	0.26	0.74	0.51	0.18	0.76	0.33	0.59	0.43	0.17	0.42	2.98	7.36	0.23	0	56	0.18	0	0	0	0.15	0.19	0.14	0.16	0.04	0.5	0.9	0.14	0.33	9	195	48	0.5	53	0.1	0	0.15	0.2	51	8.9	1.27	3	8.4	0	0	3800	0	10.05	0	1606	229	2	0	0	0	0	58	85	90	62	51	85	80	85	46	56	44	54	85	95	70	85	90	90	90	90	0	30	0	30	52.7	15	1.7	2378	33.41	15.22	14.32	15.22	85	85	85	85	85	85	85	85	85	85	85	85	0.87	0.3	2.44	1.05	0.1	0	0	0	0	0.42	0.28	1.14	0.11	1.16	0.43	0	504	55	5	0	0	0	22.2	15	60	5	222	131	656	0	0	0.8	0	0	0	0	0	0.2	0	0	0	59	85	85	85	85	85	85	85	85	85	85	85	85	85	59	85	85	85	85	85	85	85	85	85	85	85	85	85	0.71	0.33	0.54	1.02	0.55	0.26	0.74	0.51	0.18	0.76	0.33	0.43	0.71	0.33	0.54	1.02	0.55	0.26	0.74	0.51	0.18	0.76	0.33	0.43	886
30210	Barley. malt. dehydrated	0.25	91	9	13.9	1.8	3	2.2	70.1	45	18	73.1	25.1	3	27	16	3922	2432	2432	2432	2432			1804	2236	2236	2236	1647	2118	2118	2118	2377	5	6.4	6.4	5.2			3.7	5.4	5.4	5.4	3.4	5.2	5.2	5.2	0.65	0.31	0.5	0.95	0.51	0.24	0.68	0.47	0.17	0.7	0.31	0.55	0.39	1.07	3.17	0.81	0.56	0.58	0.57	5.18	6.39	0	4.68	2.23	3.6	6.84	3.67	1.73	4.89	3.38	1.22	5.04	2.23	2.81	22.81	5.83	4.03	4.17	4.1	0.55	0.26	0.42	0.81	0.43	0.2	0.58	0.4	0.14	0.6	0.26	0.47	0.33	0.17	0.4	7.6	18	0.22	0	56	0.17	0	0	0	0.14	0.18	0.14	0.15	0.01	0.4	0.9	0.1	0.23	12	184	19	0.5	30	0.1	0	0.15	0.2	54	9.5	1.27	3.2	8.9	0	0	3800	0	10.72	0	1713	273	2	0	0	0	0	59	85	90	62	54	85	80	85	46	57	42	54	85	95	70	85	90	90	90	90	0	30	0	30	53.7	11.8	1.6	2432	39.47	21.34	20.08	21.34	85	85	85	85	85	85	85	85	85	85	85	85	0.87	0.3	2.44	0.99	0.09	0	0	0	0	0.4	0.27	1.08	0.1	1.1	0.4	0	504	55	5	0	0	0	22.2	15	60	5	222	131	656	0	0	1	0	0	0	0	0	0.2	0	0	0	60	85	85	85	85	85	85	85	85	85	85	85	85	85	60	85	85	85	85	85	85	85	85	85	85	85	85	85	0.55	0.26	0.42	0.81	0.43	0.2	0.58	0.4	0.14	0.6	0.26	0.33	0.55	0.26	0.42	0.81	0.43	0.2	0.58	0.4	0.14	0.6	0.26	0.33	886
30211	Barley. middlings	0.25	89.4	10.6	12.4	3.2	10.6	4.2	59	42	18	69.6	27.1	0.5	24	16	3826	2372	2372	2372	2372			1837	2219	2219	2219	1645	2105	2105	2105	2324	5.3	6.6	6.6	5.4			3.9	5.6	5.6	5.6	3.6	5.3	5.3	5.3	0.58	0.27	0.45	0.84	0.46	0.21	0.61	0.42	0.15	0.62	0.27	0.48	0.35	0.96	2.83	0.72	0.5	0.52	0.51	4.61	5.7	0	4.68	2.18	3.63	6.77	3.71	1.69	4.92	3.39	1.21	5	2.18	2.82	22.82	5.81	4.03	4.19	4.11	0.49	0.23	0.38	0.71	0.39	0.18	0.52	0.36	0.13	0.53	0.23	0.41	0.3	0.2	0.4	4.81	9.63	0.22	0	56	0.17	0	0	0	0.14	0.18	0.14	0.15	0.01	0.5	0.9	0.33	0.33	49	231	33	0.5	57	0.11	0	0.14	0.2	40	7	1.27	1.5	0.4	0	0	0	0	98.38	0.2	1000	218	2	0	0	0	0	59	85	90	62	54	85	80	85	48	58	43	55	85	95	70	85	90	90	90	90	0	30	0	30	52.7	10.5	2.9	2372	37.61	23.08	21.72	23.08	85	85	85	85	85	85	85	85	85	85	85	85	0.87	0.3	2.44	1.76	0.16	0	0	0	0	0.71	0.48	1.92	0.18	1.96	0.72	0	600	55	5	0	0	0	22.2	15	60	5	222	131	656	0	0	0.8	0	0	0	0	0	0.2	0	0	0	60	85	85	85	85	85	85	85	85	85	85	85	85	85	60	85	65	65	65	65	65	65	65	65	65	65	65	65	0.49	0.23	0.38	0.71	0.39	0.18	0.52	0.36	0.13	0.53	0.23	0.3	0.38	0.18	0.29	0.55	0.3	0.14	0.4	0.27	0.1	0.4	0.18	0.23	886
30212	Brewer's dried grains	0.25	91.8	8.3	26.1	6.9	15.8	4.1	38.9	50	21.9	54.7	1.7	3	28.1	18	4336	2688	2688	2688	2688			1994	2341	2341	2341	1994	2341	2341	2341	2586	7.5	7.7	7.7	7.6			5.5	6	6	6	5.5	6	6	6	1.74	0.61	1.51	2.26	0.84	0.6	1.68	1.03	0.38	1.58	0.44	1.04	1.04	2.72	5.58	3.45	0.89	1.04	1.25	12.23	13.69	0	6.67	2.34	5.79	8.66	3.22	2.3	6.44	3.95	1.46	6.05	1.69	3.99	21.38	13.22	3.41	3.99	4.79	1.48	0.52	1.28	1.92	0.71	0.51	1.43	0.88	0.32	1.34	0.37	0.88	0.88	0.38	0.65	9.26	15.85	0.32	0	50	0.32	0	0	0	0.27	0.32	0.26	0.29	0.02	0.13	0.46	0.17	0.29	20.9	253.5	36.4	0.56	65.5	0.05	0	0.44	3.67	43.5	8.4	0.69	1.5	4	0	0	0	0	19.99	0.2	1688	317	0.2	0	0	0	0	56	85	90	62	39	85	80	85	46	54	46	54	85	95	70	85	90	90	90	90	0	30	0	30	51.4	22.2	6.2	2688	21.31	1.4	1.32	1.4	85	85	85	85	85	85	85	85	85	85	85	85	0.87	0.3	2.44	2.55	0.17	0	0	0	0	1.41	2.69	2.73	0.19	2.84	0.28	0	910	37	2.5	0	0	0	20.5	39	39.5	23	250	57	250	0	0	1.2	0	0	0	0	0	0	0	0	0	57	85	85	85	85	85	85	85	85	85	85	85	85	85	57	85	91	81	85	83	77	84	87	79	79	82	74	91	1.48	0.52	1.28	1.92	0.71	0.51	1.43	0.88	0.32	1.34	0.37	0.88	1.58	0.49	1.28	1.88	0.65	0.5	1.46	0.81	0.3	1.3	0.33	0.95	356
30305	Camelina meal	0.9	91	9	33.9	12	12.4	5.8	26.9	30.5	17.9	39.3	4.4	4.4	12.6	19	4627	3332	3332	3332	3332			2869	3054	3054	3054	2869	3054	3054	3054	3199	10.7	11.1	11.1	10.9			8	8.1	8.1	8.1	7.9	8.1	8.1	8.1	2.62	0.75	1.2	2.13	1.54	0.61	1.4	1.3	0.42	1.61	0.66	1.27	0.81	2.21	5.82	2.79	1.81	1.58	1.61	13.58	15.08	0	7.73	2.21	3.54	6.28	4.54	1.8	4.13	3.84	1.24	4.75	1.95	2.39	17.17	8.23	5.34	4.66	4.75	2.23	0.64	1.02	1.81	1.31	0.52	1.19	1.11	0.36	1.37	0.56	1.08	0.69	0.5	1	8.62	17.24	0.5	0	50	0.49	0	0	0	0.41	0.49	0.39	0.44	0.01	0.06	0.12	0.4	1	9	137	45	1	85	0.05	0	1	3.2	194	11.3	1.9	4.4	18.8	0	0	4667	0	37.22	0.2	1500	487	28	0	0	0	0	66	85	85	72	46	85	80	85	62	66	62	66	85	95	70	85	90	90	90	90	0	30	0	30	60.1	28.8	10.2	3332	18.08	3.74	3.52	3.74	85	85	85	85	85	85	85	85	85	85	85	85	0.87	0.3	2.44	2.4	2.88	0	0	0	0	1.24	2.39	8.14	3.2	2.67	2.72	0	613	20	24	0	0	0	10.3	19.9	67.8	23	50	57	100	0	0	1.8	15	5000	0	0	0	0	0	0	0	66	85	85	85	85	85	85	85	85	85	85	85	85	85	66	85	85	85	85	85	85	85	85	85	85	85	85	85	2.23	0.64	1.02	1.81	1.31	0.52	1.19	1.11	0.36	1.37	0.56	0.69	2.23	0.64	1.02	1.81	1.31	0.52	1.19	1.11	0.36	1.37	0.56	0.69	356
30306	Carob meal	0.9	88.4	11.6	7.3	0.9	10.3	3.1	66.7	34	23.6	77.1	3.1	40	10.4	15	3631	2360	2360	2360	2360			1997	2142	2142	2142	1960	2106	2106	2106	2331	3.7	5.7	5.7	4.9			3.5	5.2	5.2	5.2	3.4	5.2	5.2	5.2	0.43	0.12	0.26	0.59	0.28	0.07	0.2	0.27	0.05	0.54	0.06	0.13	0.12	0.32	0.71	1.34	0.36	0.68	1.06	2.81	4.33	0	5.89	1.64	3.56	8.08	3.84	0.96	2.74	3.7	0.69	7.4	0.82	1.64	9.73	18.36	4.93	9.32	14.52	0.37	0.1	0.22	0.5	0.24	0.06	0.17	0.23	0.04	0.46	0.05	0.11	0.1	0.27	0.14	8.85	4.59	0.07	0	50	0.06	0	0	0	0.05	0.06	0.05	0.05	0.03	0.16	0.82	0.08	1	4.84	381.8	10.24	9.79	24.71	0.06	0	0.1	419.7	1856.8	5	238	3.8	1	0.01	8300.8	4667	0	40.03	0.2	800	68	28.14	0	0	0	0	64	85	85	65	62	85	80	85	55	59	54	58	85	95	70	85	90	90	90	90	0	30	0	30	56.6	6.2	0.8	2360	47.78	2.61	2.46	2.61	85	85	85	85	85	85	85	85	85	85	85	85	0.87	0.3	2.44	0.22	0.02	0	0	0	0	0.28	0.38	0.26	0.03	0.24	0.26	0	7	23.19	2.47	0	0	0	29.46	40.45	27.17	23	50	57	100	0	0	0.2	228	0	4100	0	0	0	0	0	0	65	85	85	85	85	85	85	85	85	85	85	85	85	85	65	85	85	85	85	85	85	85	85	85	85	85	85	85	0.37	0.1	0.22	0.5	0.24	0.06	0.17	0.23	0.04	0.46	0.05	0.1	0.37	0.1	0.22	0.5	0.24	0.06	0.17	0.23	0.04	0.46	0.05	0.1	356
30307	Cassava. tuber. meal	0.2	87	13	2.9	0.7	3.9	2.7	76.9	8	5.4	80.8	70.4	2.4	2.6	15	3511	2809	2809	2809	2809			2703	3019	3019	3019	2282	2739	2739	2739	2798	5.6	9.1	9.1	6			4.3	7.5	7.5	7.5	3.6	6.8	6.8	6.8	0.15	0.1	0.08	0.15	0.11	0.03	0.08	0.08	0.02	0.13	0.05	0.08	0.05	0.13	0.36	0.19	0.1	0.09	0.15	0.93	0.99	0	5.17	3.45	2.76	5.17	3.79	1.03	2.76	2.76	0.69	4.48	1.72	1.72	12.41	6.55	3.45	3.1	5.17	0.12	0.08	0.06	0.12	0.09	0.02	0.06	0.06	0.02	0.1	0.04	0.06	0.04	0.24	0.09	8.98	3.37	0.04	0	50	0.04	0	0	0	0.03	0.04	0.03	0.04	0.03	0.01	0.23	0.1	0.5	4.35	350	35	0.04	12.55	0.06	0	0.05	5	3	1	1	0.8	1.7	0	0	0	0	37.22	0.2	10	44	30	0	0	0	0	79	80	85	80	80	85	80	85	77	86	65	78	85	95	70	85	90	90	90	90	0	30	0	30	68.8	2.3	0.6	2809	64.62	59.81	56.3	59.81	80	80	80	80	80	80	80	80	80	80	80	80	0.87	0.3	2.44	0.4	0.01	0	0	0	0	0.13	0.17	0.39	0.01	0.44	0.19	0	5	56.9	1.9	0	0	0	18.7	23.8	55.5	23	57	14	60	0	0	0.2	0	0	3200	0	50	0	0	0	0	79	80	80	80	80	80	80	80	80	80	80	80	80	80	79	80	90	80	81	79	71	84	80	73	77	76	80	80	0.12	0.08	0.06	0.12	0.09	0.02	0.06	0.06	0.02	0.1	0.04	0.04	0.13	0.08	0.06	0.12	0.08	0.03	0.06	0.06	0.02	0.1	0.04	0.04	719
30308	Castor seed meal	0.1	91.1	8.9	35.5	1	32.3	7	15.3	40	32	47.6	3.6	4	8	17	4032	2500	2500	2500	2500			1935	2056	2056	2056	1935	2056	2056	2056	2370	6.9	7.3	7.3	7.1			4.7	4.6	4.6	4.6	4.6	4.6	4.6	4.6	3.55	0.6	1.88	2.27	1.07	0.53	1.67	1.14	0.39	1.92	1.07	1.6	0.6	2.27	5.92	2.95	1.47	1.62	1.52	15.02	15.15	0	10	1.69	5.3	6.39	3.01	1.49	4.7	3.21	1.1	5.41	3.01	1.69	16.69	8.31	4.14	4.55	4.29	2.84	0.48	1.5	1.82	0.86	0.42	1.34	0.91	0.31	1.54	0.86	1.28	0.48	0.62	0.31	8.89	4.44	0.15	0	50	0.15	0	0	0	0.13	0.15	0.12	0.13	0.01	0.05	1	0.35	0.5	3.9	1	23.7	1	11.3	0.05	0	0.1	5	100	10	10	3	1	0	0	4667	0	216.63	0.2	2000	151	28	0	0	0	0	58	80	85	62	42	85	80	85	48	51	48	51	85	95	70	85	90	90	90	90	0	30	0	30	52.8	28.4	0.9	2500	19.98	3.03	2.86	3.03	80	80	80	80	80	80	80	80	80	80	80	80	0.87	0.3	2.44	0.08	0.01	0	0	0	0	0.03	0.92	0.08	0.01	0.08	0.29	0	7	7.3	0.5	0	0	0	2.5	89	7.8	23	50	57	100	0	0	0.6	0	0	0	580	30	0	0	0	0	58	80	80	80	80	80	80	80	80	80	80	80	80	80	58	80	80	80	80	80	80	80	80	80	80	80	80	80	2.84	0.48	1.5	1.82	0.86	0.42	1.34	0.91	0.31	1.54	0.86	0.48	2.84	0.48	1.5	1.82	0.86	0.42	1.34	0.91	0.31	1.54	0.86	0.48	405
30309	Chickpea. seeds	0.6	89.6	10.4	21.3	5.6	5.3	3.3	54.2	22.8	13.8	59.5	33.1	3.6	9	17	4137	3020	3020	3020	3020			2731	2855	2855	2855	2524	2855	2855	2855	2937	8.2	9.9	9.9	8.4			6	7.3	7.3	7.3	5.7	7.2	7.2	7.2	0.93	1.12	0.62	1.83	0.3	0.46	1.13	0.79	0.94	1.1	1.37	1.83	0.47	1.6	3.62	2.26	0.75	1.02	0.79	9.22	10.28	0	4.37	5.26	2.91	8.59	1.41	2.16	5.31	3.71	4.41	5.16	6.43	2.21	17	10.61	3.52	4.79	3.71	0.79	0.95	0.53	1.56	0.25	0.39	0.96	0.67	0.8	0.93	1.16	1.56	0.4	0.17	0.39	5.23	12	0.2	0	50	0.19	0	0	0	0.16	0.19	0.15	0.17	0.02	0.05	1	0.21	1	0.1	1500	36	1	38	0.06	0	0.1	5	5.26	2.86	1.39	0.63	1.12	0	13	267	0	2.61	0.04	1100	190	0.16	0	0	0	0	70	85	85	73	65	85	80	85	66	69	61	69	85	95	70	85	90	90	90	90	0	0	0	30	62.7	18.1	4.7	3020	38.68	28.14	26.48	28.14	85	85	85	85	85	85	85	85	85	85	85	85	0.87	0.3	2.44	1.77	1.41	0	0	0	0	1.64	0.42	3.18	1.57	1.97	1.56	0	2046	31.9	25.4	0	0	0	29.5	7.6	57.3	23	100	57	100	19.8	0	0.7	0	0	0	7098	0	0	0	0	0	71	85	85	85	85	85	85	85	85	85	85	85	85	85	71	85	85	85	85	85	85	85	85	85	85	85	85	85	0.79	0.95	0.53	1.56	0.25	0.39	0.96	0.67	0.8	0.93	1.16	0.4	0.79	0.95	0.53	1.56	0.25	0.39	0.96	0.67	0.8	0.93	1.16	0.4	405
30310	Cassava. chips	0.2	89.4	10.6	2.4	0.9	3.9	2.6	79.7	9	5	83.6	70	2.4	6.2	15	3611	2781	2781	2781	2781			2672	3034	3034	3034	2239	2745	2745	2745	2772	5.6	9	9	6			4.2	7.5	7.5	7.5	3.6	6.8	6.8	6.8	0.15	0.1	0.08	0.15	0.11	0.03	0.08	0.08	0.02	0.13	0.05	0.08	0.05	0.13	0.36	0.19	0.1	0.09	0.15	0.93	0.99	0	6.36	4.24	3.39	6.36	4.66	1.27	3.39	3.39	0.85	5.51	2.12	2.12	15.25	8.05	4.24	3.81	6.36	0.12	0.08	0.06	0.12	0.09	0.02	0.06	0.06	0.02	0.1	0.04	0.06	0.04	0.24	0.09	9.19	3.44	0.04	0	50	0.04	0	0	0	0.03	0.04	0.03	0.04	0.03	0.01	0.23	0.1	0.5	4.35	350	35	0.04	12.55	0.06	0	0.05	5	3	1	1	0.8	1.7	0	0	0	0	37.22	0.2	10	44	30	0	0	0	0	76	80	85	77	77	85	80	85	74	84	62	76	85	95	70	85	90	90	90	90	0	30	0	30	68	1.9	0.8	2781	64.34	59.5	56	59.5	80	80	80	80	80	80	80	80	80	80	80	80	0.87	0.3	2.44	0.51	0.02	0	0	0	0	0.17	0.21	0.5	0.02	0.57	0.25	0	66	56.9	1.9	0	0	0	18.7	23.8	55.5	23	57	14	60	0	0	0.2	0	0	3200	0	50	0	0	0	0	79	80	80	80	80	80	80	80	80	80	80	80	80	80	79	80	80	80	80	80	80	80	80	80	80	80	80	80	0.12	0.08	0.06	0.12	0.09	0.02	0.06	0.06	0.02	0.1	0.04	0.04	0.12	0.08	0.06	0.12	0.09	0.02	0.06	0.06	0.02	0.1	0.04	0.04	719
30311	Cassava. starch	0.2	89	11	1.2	0.3	1.5	2.7	83.4	12	3	84.9	75	3	3.9	15	3542	2940	2940	2940	2940			2763	3117	3117	3117	2302	2834	2834	2834	2936	5.5	9.3	9.3	6			4.2	7.7	7.7	7.7	3.5	7	7	7	0.06	0.04	0.03	0.06	0.05	0.01	0.04	0.04	0.01	0.06	0.02	0.04	0.02	0.06	0.15	0.09	0.04	0.04	0.07	0.39	0.44	0	5.17	3.45	2.59	5.17	4	1.2	3.3	3.15	0.8	5	2.12	2	13	8	3.5	3.5	6	0.05	0.03	0.02	0.05	0.04	0.01	0.03	0.03	0.01	0.05	0.02	0.03	0.02	0.24	0.09	8.98	3.37	0.04	0	50	0.04	0	0	0	0.03	0.04	0.03	0.04	0.03	0.02	0.88	0.1	1	4.35	121.3	14.95	0.04	12.55	0.06	0	0.05	5	3	1	1	0.8	1.7	0	0	0	0	37.22	0.2	10	44	30	0	0	0	0	82	80	85	83	83	85	80	85	78	88	65	80	85	95	70	85	90	90	90	90	0	30	0	30	73	0.9	0.3	2940	70.44	63.75	60	63.75	80	80	80	80	80	80	80	80	80	80	80	80	0.87	0.3	2.44	0.17	0.01	0	0	0	0	0.06	0.07	0.17	0.01	0.19	0.08	0	9	56.9	1.9	0	0	0	18.7	23.8	55.5	23	57	14	60	0	0	0.2	0	0	3200	0	50	0	0	0	0	79	80	80	80	80	80	80	80	80	80	80	80	80	80	79	80	80	80	80	80	80	80	80	80	80	80	80	80	0.05	0.03	0.02	0.05	0.04	0.01	0.03	0.03	0.01	0.05	0.02	0.02	0.05	0.03	0.02	0.05	0.04	0.01	0.03	0.03	0.01	0.05	0.02	0.02	592
30312	Cassava. tuber. meal. Vietnam	0.2	88.9	11.1	3.4	0.7	2.9	2.4	79.6	10	6	82.5	70.1	2.4	4	15	3604	2811	2811	2811	2811			2703	3064	3064	3064	2271	2775	2775	2775	2799	5.7	9.1	9.1	6.1			4.3	7.5	7.5	7.5	3.6	6.8	6.8	6.8	0.15	0.1	0.08	0.15	0.11	0.03	0.08	0.08	0.02	0.13	0.05	0.08	0.05	0.13	0.36	0.19	0.1	0.09	0.15	0.93	0.99	1	4.45	2.97	2.37	4.45	3.26	0.89	2.37	2.37	0.59	3.86	1.48	1.62	10.68	5.64	2.97	2.67	4.45	0.12	0.08	0.06	0.12	0.09	0.02	0.06	0.06	0.02	0.1	0.04	0.06	0.04	0.24	0.09	10.21	3.82	0.04	0	50	0.04	0	0	0	0.03	0.04	0.03	0.04	0.03	0.01	0.23	0.1	0.5	4.35	350	35	0.04	12.55	0.06	0	0.05	5	3	1	1	0.8	1.7	0	0	0	0	37.22	0.2	10	44	30	0	0	0	0	77	80	85	78	78	85	80	85	75	85	63	77	85	95	70	85	90	90	90	90	0	30	0	30	68.5	2.7	0.6	2811	64.38	59.62	56.11	59.62	80	80	80	80	80	80	80	80	80	80	80	80	0.87	0.3	2.44	0.37	0.01	0	0	0	0	0.12	0.15	0.36	0.01	0.41	0.18	0	48	56.9	1.9	0	0	0	18.7	23.8	55.5	23	57	14	60	0	0	0.2	0	0	3200	0	50	0	0	0	0	79	80	80	80	80	80	80	80	80	80	80	80	80	80	79	80	90	80	81	79	71	84	80	73	77	76	80	80	0.12	0.08	0.06	0.12	0.09	0.02	0.06	0.06	0.02	0.1	0.04	0.04	0.13	0.08	0.06	0.12	0.08	0.03	0.06	0.06	0.02	0.1	0.04	0.04	719
30313	Chickpea. meal	0.6	91.6	8.4	24.6	4.6	1.8	2.8	57.8	22.5	14	59.6	36.2	3.7	9	18	4240	3392	3392	3392	3392			2756	3180	3180	3180	2586	2926	2926	2926	3296	8.7	10.6	10.6	9			6.3	7.6	7.6	7.6	6	7.5	7.5	7.5	2.09	0.6	0.93	1.76	1.63	0.29	1.28	0.86	0.15	0.99	0.28	0.57	0.54	1.82	4.18	2.63	0.86	1.17	0.9	10.58	10.57	0	8.5	2.45	3.8	7.15	6.62	1.16	5.21	3.51	0.6	4.01	1.14	2.2	17	10.7	3.5	4.77	3.65	1.78	0.51	0.79	1.5	1.38	0.24	1.09	0.73	0.13	0.84	0.24	0.48	0.46	0.17	0.5	6	18	0.25	0	50	0.25	0	0	0	0.21	0.25	0.2	0.22	0.03	0.5	1.1	0.22	0.2	0.1	1500	36	1	38	0.05	0	0.1	5	5	3	1.5	0.65	1.1	0	13	266	0	2.5	0.1	1100	190	0.16	0	0	0	0	80	85	85	80	70	85	80	85	65	75	61	69	85	95	70	85	90	90	90	90	0	0	0	30	73.3	20.9	3.9	3392	41.7	30.77	28.96	30.77	85	85	85	85	85	85	85	85	85	85	85	85	0.87	0.3	2.44	1.48	1.18	0	0	0	0	1.37	0.35	2.66	1.31	1.64	1.56	0	2046	31.9	25.4	0	0	0	29.5	7.6	57.3	0	50	57	100	19	0	0.7	0	0	0	7089	0	0	0	0	0	75	85	85	85	85	85	85	85	85	85	85	85	85	85	71	85	85	85	85	85	85	85	85	85	85	85	85	85	1.78	0.51	0.79	1.5	1.38	0.24	1.09	0.73	0.13	0.84	0.24	0.46	1.78	0.51	0.79	1.5	1.38	0.24	1.09	0.73	0.13	0.84	0.24	0.46	1100
30314	Chickpea. bran	0.6	89	11	17.5	4.1	31.1	7	29.3	45	38	60.4	32	3	10	16	3824	3059	3059	3059	3059			2486	2868	2868	2868	2333	2639	2639	2639	2991	6.9	8.6	8.6	7.1			5.1	6.3	6.3	6.3	4.8	6.3	6.3	6.3	1.49	0.43	0.67	1.25	1.16	0.2	0.91	0.61	0.11	0.7	0.2	0.4	0.39	1.3	2.98	1.87	0.61	0.83	0.64	7.53	7.52	0	8.5	2.45	3.8	7.15	6.62	1.16	5.21	3.51	0.6	4.01	1.14	2.2	17	10.7	3.5	4.77	3.65	1.28	0.36	0.57	1.06	0.98	0.17	0.77	0.52	0.09	0.6	0.17	0.34	0.33	0.21	0.7	3	10	0.35	0	50	0.35	0	0	0	0.29	0.35	0.28	0.31	0.03	0.5	1.1	0.22	0.8	0.1	1500	36	1	38	0.05	0	0.1	5	5	3	1.5	0.65	1.1	0	13	266	0	2.5	0.1	1100	190	0.16	0	0	0	0	80	85	85	80	70	85	80	85	65	75	61	69	85	95	70	85	90	90	90	90	0	0	0	30	71.2	14.9	3.5	3059	42.28	27.2	25.6	27.2	86	85	85	85	85	85	85	85	85	85	85	85	0.87	0.3	2.44	1.31	1.04	0	0	0	0	1.21	0.31	2.35	1.16	1.45	1.56	0	2046	31.9	25.4	0	0	0	29.5	7.6	57.3	0	50	57	100	19	0	0.7	0	0	0	7089	0	0	0	0	0	75	85	85	85	85	85	85	85	85	85	85	85	85	85	71	85	85	85	85	85	85	85	85	85	85	85	85	85	1.26	0.36	0.57	1.06	0.98	0.17	0.77	0.52	0.09	0.6	0.17	0.33	1.26	0.36	0.57	1.06	0.98	0.17	0.77	0.52	0.09	0.6	0.17	0.33	1100
30315	Citrus pulp. dried	8	89.7	10.3	6.2	2.9	12.5	5.4	62.7	25	15.4	75.2	0	30	29.8	15	3676	1911	1911	1911	1911			1617	1985	1985	1985	1617	1985	1985	1985	1887	3.5	4.9	4.9	4.4			3.2	5.1	5.1	5.1	3.2	5.1	5.1	5.1	0.26	0.17	0.19	0.32	0.19	0.08	0.25	0.18	0.06	0.25	0.14	0.22	0.11	0.36	0.52	0.68	0.28	0.27	0.29	1.95	2.29	0	4.19	2.74	3.07	5.16	3.07	1.29	4.03	2.9	0.97	4.03	2.26	1.77	8.39	10.97	4.52	4.36	4.68	0.22	0.14	0.16	0.27	0.16	0.07	0.21	0.15	0.05	0.21	0.12	0.19	0.09	1.57	0.2	28.91	3.68	0.1	0	50	0.09	0	0	0	0.08	0.09	0.07	0.08	0.12	0.03	0.84	0.13	0.5	4	80	8	2	14	0.06	0	0	0	22.2	14	0	2.1	1.47	0	0	0	0	0	0	790	97	0	0	0	0	0	49	85	85	52	45	85	80	85	44	54	44	54	85	95	70	85	90	90	90	90	0	30	0	30	44	5.3	2.5	1911	33.84	0	0	0	85	85	85	85	85	85	85	85	85	85	85	85	0.87	0.3	2.44	0.99	0.1	0	0	0	0	0.97	0.81	1.09	0.11	1.1	0.81	0	71	34	3.5	0	0	0	33.5	28	37.5	23	0	57	100	0	0	0.4	0	0	4600	0	0	0	0	0	0	69	85	85	85	85	85	85	85	85	85	85	85	85	85	69	85	89	84	81	83	77	85	84	76	77	78	86	85	0.22	0.14	0.16	0.27	0.16	0.07	0.21	0.15	0.05	0.21	0.12	0.09	0.23	0.14	0.15	0.27	0.15	0.07	0.21	0.14	0.05	0.19	0.12	0.09	300
30320	Copra meal. coconut meal. expeller	0.1	91.9	8.1	22.6	9.8	14.2	6.8	38.5	54.7	28.7	52.7	0.1	11.4	12.5	18	4331	2945	2945	2945	2945			2209	2382	2382	2382	2209	2382	2382	2382	2862	7.7	8.2	8.2	8.1			6	6.4	6.4	6.4	6	6.4	6.4	6.4	2.42	0.43	0.68	1.33	0.59	0.29	0.93	0.68	0.29	1.06	0.27	0.56	0.47	1.4	4.02	1.74	0.93	0.99	0.9	8.7	9.32	0	10.71	1.9	3.01	5.89	2.61	1.28	4.12	3.01	1.28	4.69	1.2	2.08	17.79	7.7	4.12	4.38	3.98	1.94	0.34	0.54	1.06	0.47	0.23	0.74	0.54	0.23	0.85	0.22	0.45	0.38	0.17	0.53	2.5	7.79	0.26	0	50	0.26	0	0	0	0.22	0.26	0.21	0.23	0.05	0.63	2.3	0.26	0.31	25	480	68.2	3.1	55	0.05	2	0.2	0.3	28.6	6.1	4.36	3.3	0.66	0	0	0	0	7	0.04	1100	258	2	0	0	0	0	63	80	85	68	54	85	80	85	51	55	51	55	85	95	70	85	90	90	90	90	0	30	0	30	57.9	18.1	8.3	2945	28.47	0.09	0.08	0.09	80	80	80	80	80	80	80	80	80	80	80	80	0.51	0.17	0.4	0.18	0.01	0	0	0	0	9.01	0.57	0.18	0.01	0.2	2.76	0	295	1.8	0.1	0	0	0	91.9	5.8	1.8	23	50	57	100	0	0	0.9	0	0	0	0	0	0	0	0	0	66	80	80	80	80	80	80	80	80	80	80	80	80	80	66	80	81	63	64	68	51	67	71	51	63	68	52	47	1.94	0.34	0.54	1.06	0.47	0.23	0.74	0.54	0.23	0.85	0.22	0.38	1.96	0.27	0.44	0.9	0.3	0.19	0.66	0.35	0.18	0.72	0.14	0.22	727
30321	Copra meal. expeller. SE Asia	0.1	92.9	7.1	21	9.6	13	7	42.3	54.7	28.7	55.3	0.1	11.4	15.1	18	4326	2855	2855	2855	2855			2120	2293	2293	2293	2120	2293	2293	2293	2778	7.4	7.9	7.9	7.7			5.8	6.3	6.3	6.3	5.8	6.3	6.3	6.3	1.8	0.39	0.81	1.61	0.27	0.19	1.21	0.55	0.27	1.22	0.25	0.44	0.5	1.71	1.77	1.61	1.03	0.84	0.88	8.32	6.88	0	8.57	1.86	3.86	7.67	1.29	0.91	5.76	2.62	1.29	5.81	1.19	2.38	8.43	7.67	4.91	4	4.19	1.44	0.31	0.65	1.29	0.22	0.15	0.97	0.44	0.22	0.98	0.2	0.35	0.4	0.18	0.49	2.6	7.03	0.24	0	50	0.24	0	0	0	0.2	0.24	0.19	0.21	0.09	0.4	2.3	0.27	0.23	25	576.84	62.67	3	48.37	0.05	2	0.15	0.3	28.6	6.1	4.36	3.3	0.66	0	0	0	0	7	0.04	1100	239	2	0	0	0	0	62	80	85	66	52	85	80	85	49	53	49	53	85	95	70	85	90	90	90	90	0	30	0	30	57.6	16.8	8.2	2855	28.75	0.09	0.08	0.09	80	80	80	80	80	80	80	80	80	80	80	80	0.51	0.17	0.4	0.17	0.01	0	0	0	0	8.82	0.56	0.17	0.01	0.19	2.7	0	289	1.8	0.1	0	0	0	91.9	5.8	1.8	23	50	57	100	0	0	0.9	0	0	0	0	0	0	0	0	0	66	80	80	80	80	80	80	80	80	80	80	80	80	80	66	80	81	63	64	68	51	67	71	51	63	68	52	47	1.44	0.31	0.65	1.29	0.22	0.15	0.97	0.44	0.22	0.98	0.2	0.4	1.46	0.25	0.52	1.09	0.14	0.13	0.86	0.28	0.17	0.83	0.13	0.24	727
30331	Corn germ meal. expeller	0.25	91.8	8.2	13.5	11.8	5.8	5.1	55.6	29.4	7.8	61.4	26.9	5.1	21.6	18	4357	3137	3137	3137	3137			2701	3094	3094	3094	2571	2963	2963	2963	3088	8.6	10.1	10.1	8.8			6.8	8.6	8.6	8.6	6.5	8.3	8.3	8.3	0.76	0.44	0.37	0.9	0.5	0.43	1.24	0.49	0.48	0.66	0.49	0.92	1.52	2.76	0.18	0.19	0.65	0.62	0.86	6.27	4.51	0	5.63	3.26	2.74	6.67	3.7	3.19	9.19	3.63	3.56	4.89	3.63	11.26	1.33	1.41	4.82	4.59	6.37	0.61	0.35	0.3	0.72	0.4	0.34	0.99	0.39	0.38	0.53	0.39	0.74	1.22	0.14	0.93	2.7	18.37	0.61	0	66	0.31	0	0	0	0.26	0.36	0.25	0.29	0.01	0.18	2.3	0.14	0.2	11.4	107.7	19.3	2.2	77	0.05	0.01	0.2	0.2	42	3.3	15	3.7	1.1	0.13	0	267	0	64.77	0.2	1936	598	2	20	0	0	0	67	80	90	72	61	85	80	85	62	71	59	68	85	95	70	85	90	90	90	90	0	30	0	30	61.5	10.8	10.6	3137	37.48	22.9	21.55	22.9	80	80	80	80	80	80	80	80	80	80	80	80	0.87	0.3	2.44	6.84	0.08	0	0	0	0	1.57	2.86	6.93	0.09	7.6	0.67	0	864	58	0.7	0	0	0	13.3	24.2	58.7	12	359	299	1043	0	0	2.2	0	0	0	0	0	0	0	0	0	67	80	83	69	57	68	58	68	64	53	67	62	64	59	67	80	83	69	57	68	58	68	64	53	67	62	64	59	0.63	0.3	0.21	0.61	0.29	0.29	0.79	0.26	0.32	0.41	0.31	0.9	0.63	0.3	0.21	0.61	0.29	0.29	0.79	0.26	0.32	0.41	0.31	0.9	1108
30332	Corn germ meal. solvent extracted.	0.25	89.7	10.3	22.4	1.9	9.8	3.9	51.7	44	12	61.5	16.6	0.9	32	16	3939	2521	2521	2521	2521			1891	2363	2363	2363	1772	2285	2285	2285	2428	6.2	7	7	6.3			4.3	5.6	5.6	5.6	4.1	5.4	5.4	5.4	1.45	0.64	0.72	1.51	0.92	0.43	0.91	0.89	0.22	1.32	0.37	0.8	0.66	1.57	2.8	1.55	1.19	0.83	1.3	9.01	8.7	0	6.47	2.86	3.21	6.74	4.11	1.92	4.06	3.97	0.98	5.89	1.65	2.95	12.5	6.92	5.31	3.71	5.8	1.3	0.58	0.65	1.36	0.83	0.39	0.82	0.8	0.2	1.19	0.33	0.72	0.59	0.13	0.5	3.2	12.75	0.33	0	66	0.16	0	0	0	0.13	0.19	0.13	0.15	0.08	0.2	2.3	0.16	0.2	7.7	214	23.3	0.33	126.6	0.06	0.01	0.22	0.2	37.7	4.4	13	4	1.1	0.13	0	267	0	60.15	0.2	2000	322	2	25	0	0	0	60	90	85	64	49	85	80	85	48	60	45	58	85	95	70	85	90	90	90	90	0	30	0	30	53.8	20.2	1.6	2521	30.12	14.08	13.25	14.08	90	90	90	90	90	90	90	90	90	90	90	90	0.87	0.3	2.44	1.1	0.01	0	0	0	0	0.25	0.46	1.12	0.01	1.22	0.1	0	139	58	0.7	0	0	0	13.3	24.2	58.7	12	359	299	1043	0	0	1.2	0	0	0	0	0	0	0	0	0	60	90	83	69	57	68	58	68	64	53	67	62	64	59	60	90	83	69	57	68	58	68	64	53	67	62	64	59	1.2	0.44	0.41	1.03	0.53	0.29	0.58	0.47	0.15	0.82	0.24	0.39	1.2	0.44	0.41	1.03	0.53	0.29	0.58	0.47	0.15	0.82	0.24	0.39	1108
30333	Corn germ meal. protein concentrate	0.5	95.5	4.5	47.4	8.5	6.4	2.1	31.1	11	2	37.5	25.8	0.7	9	21	4990	4142	4142	4142	4142			3992	4192	4192	4192	3843	4092	4092	4092	3946	13.9	15.1	15.1	14			9.8	10.4	10.4	10.4	9.6	10.1	10.1	10.1	3.03	1.37	1.56	3.37	1.9	0.81	1.9	1.61	0.38	2.46	0.66	1.47	1.28	3.18	5.5	3.08	2.32	1.8	2.61	18.39	17.25	0	6.39	2.89	3.29	7.11	4.01	1.71	4.01	3.4	0.8	5.19	1.39	2.7	11.6	6.5	4.89	3.8	5.51	2.73	1.23	1.4	3.03	1.71	0.73	1.71	1.45	0.34	2.21	0.59	1.32	1.15	0.07	0.55	3.33	26.19	0.36	0	66	0.18	0	0	0	0.15	0.21	0.14	0.17	0.04	0.2	0.3	0.2	0.2	15	250	30	0.3	70	0.05	0.01	0.2	0.2	50	5	7	4	1.1	0.13	0	267	0	60.15	0.2	3000	354	0.16	0	0	0	0	81	90	85	83	70	85	80	85	80	84	77	82	85	95	70	85	90	90	90	90	0	30	0	30	77.4	42.7	7.2	4142	26.25	21.93	20.64	21.93	90	90	90	90	90	90	90	90	90	90	90	90	0.87	0.3	2.44	4.93	0.06	0	0	0	0	1.13	2.06	4.99	0.07	5.48	0.48	0	623	58	0.7	0	0	0	13.3	24.2	58.7	12	359	299	1043	0	0	1.3	0	0	0	0	0	0	0	0	0	81	90	83	69	57	68	58	68	64	53	67	62	64	59	81	90	83	69	57	68	58	68	64	53	67	62	64	59	2.51	0.95	0.89	2.29	1.1	0.55	1.22	0.85	0.25	1.53	0.42	0.76	2.51	0.95	0.89	2.29	1.1	0.55	1.22	0.85	0.25	1.53	0.42	0.76	1108
30340	Corn gluten feed. dried. 21% CP	0.5	89.1	10.9	21.4	3.6	8.9	6.7	48.5	39.6	10.6	57.4	16	1.8	29	16	3874	2480	2480	2480	2480			1937	2363	2363	2363	1821	2286	2286	2286	2396	6.3	7.2	7.2	6.4			4.5	5.8	5.8	5.8	4.4	5.6	5.6	5.6	0.9	0.66	0.66	1.95	0.61	0.39	0.78	0.78	0.13	1.02	0.52	0.91	1.03	1.81	3.04	1.18	0.9	0.88	1.37	7.88	8.92	0	4.21	3.08	3.08	9.11	2.85	1.82	3.65	3.65	0.61	4.77	2.43	4.79	14.21	5.51	4.21	4.11	6.4	0.77	0.56	0.56	1.66	0.52	0.33	0.66	0.66	0.11	0.87	0.44	0.77	0.87	0.16	0.76	2.39	11.37	0.5	0	66	0.25	0	0	0	0.21	0.29	0.2	0.24	0.12	0.22	1.35	0.35	0.22	25.2	291.83	40.1	1.1	67.37	0.06	0.01	0.18	0.28	70.75	17.4	13	2.4	2	0.13	0	267	0	8.67	0.2	1609	489	8	145	0	0	0	60	85	85	64	50	85	80	85	50	61	47	59	85	95	70	85	90	90	90	90	0	30	0	30	53.4	18.2	3.1	2480	28.7	13.59	12.79	13.59	85	85	85	85	85	85	85	85	85	85	85	85	0.87	0.3	2.44	2.09	0.03	0	0	0	0	0.48	0.87	2.11	0.03	2.32	0.01	0	264	58	0.7	0	0	0	13.3	24.2	58.7	12	279.7	429.3	1617	0	0	1.8	0	0	0	0	0	0	0	0	0	60	85	87	78	80	85	66	83	87	71	64	77	59	84	60	85	87	78	80	85	66	83	87	71	64	77	59	84	0.78	0.51	0.53	1.66	0.4	0.32	0.68	0.55	0.08	0.79	0.31	0.86	0.78	0.51	0.53	1.66	0.4	0.32	0.68	0.55	0.08	0.79	0.31	0.86	1077
30341	Corn gluten feed. 28% CP	0.5	91.3	8.7	28.7	9.5	9	2.2	41.9	33.3	10.7	50.9	17.6	0	22.6	19	4572	3292	3292	3292	3292			2835	3155	3155	3155	2698	3109	3109	3109	3173	9.9	10.8	10.8	10			7.3	8.2	8.2	8.2	7.1	8	8	8	1.72	1.08	0.49	1.1	0.95	1.87	1.43	1.22	0.18	1.07	0.69	2.56	1.37	2.8	4.08	1.58	1.21	1.18	1.84	11.11	11.95	0	6	3.76	1.71	3.83	3.31	6.52	4.98	4.25	0.61	3.73	2.4	4.79	14.22	5.51	4.22	4.11	6.41	1.46	0.92	0.42	0.94	0.81	1.59	1.22	1.04	0.15	0.91	0.59	2.18	1.17	0.12	0.61	5.6	27.72	0.4	0	66	0.2	0	0	0	0.17	0.23	0.16	0.19	0.02	0.2	0.5	0.05	0.2	6	248	20	1	63	0.05	0	0.3	0.27	70.5	13.6	13.93	2.2	1.99	0.05	0	267	0	9.01	0.2	1587	392	7	150	0	0	0	67	90	85	72	52	85	80	85	62	69	59	68	85	95	70	85	90	90	90	90	0	30	0	30	61.2	25.8	8.1	3292	26.46	14.94	14.06	14.94	85	85	85	85	85	85	85	85	85	85	85	85	0.87	0.3	2.44	5.51	0.07	0	0	0	0	1.26	2.3	5.58	0.07	6.12	0.03	0	696	58	0.7	0	0	0	13.3	24.2	58.7	12	279.7	429.3	1617	0	0	1.4	0	0	0	0	0	0	0	0	0	66	85	87	78	80	85	66	83	87	71	64	77	59	84	66	85	87	78	80	85	66	83	87	71	64	77	59	84	1.5	0.84	0.39	0.94	0.63	1.55	1.24	0.87	0.11	0.82	0.41	1.15	1.5	0.84	0.39	0.94	0.63	1.55	1.24	0.87	0.11	0.82	0.41	1.15	1077
30342	Corn gluten meal. 43% CP	0.5	90	10	43.2	4	2.3	1.5	39	29.1	8.2	41.3	11.1	1	20.9	19	4486	3320	3320	3320	3320			2916	3230	3230	3230	2871	3185	3185	3185	3141	10.6	11.1	11.1	10.6			7.2	7.6	7.6	7.6	7.1	7.5	7.5	7.5	1.3	0.86	1.73	6.87	0.73	1.04	2.64	1.43	0.22	1.94	0.78	1.82	2.07	4.71	8.68	2.51	1.08	2.12	3.67	18.76	20.91	0	3.01	1.99	4.01	15.9	1.69	2.41	6.11	3.31	0.51	4.49	1.81	4.79	20.09	5.81	2.5	4.91	8.49	1.17	0.77	1.56	6.18	0.66	0.94	2.38	1.29	0.2	1.75	0.7	1.64	1.86	0.12	0.58	8	38.66	0.38	0	66	0.19	0	0	0	0.16	0.22	0.15	0.18	0.02	0.08	0.07	0.05	0.5	28	400	7	1	55	0.06	0	0.15	0.22	54.5	9.6	7	1.5	0.2	0.05	0	267	0	14.81	0.2	330	373	16	167	0	0	0	70	90	85	74	49	85	80	85	65	72	64	71	85	95	70	85	90	90	90	90	0	30	0	30	63	38.9	3.4	3320	20.21	9.48	8.92	9.48	90	90	90	90	90	90	90	90	90	90	90	90	0.87	0.3	2.44	2.32	0.03	0	0	0	0	0.53	0.97	2.35	0.03	2.58	0.01	0	293	58	0.7	0	0	0	13.3	24.2	58.7	12	279.7	429.3	1617	0	0	1.4	0	0	0	0	0	0	0	0	0	71	90	89	80	84	88	80	90	85	84	63	80	82	87	71	90	89	80	84	88	80	90	85	84	63	80	82	87	1.16	0.69	1.45	6.05	0.58	0.94	2.24	1.2	0.14	1.55	0.64	1.8	1.16	0.69	1.45	6.05	0.58	0.94	2.24	1.2	0.14	1.55	0.64	1.8	1156
30343	Corn gluten meal. 50% CP	0.5	91.2	8.8	51.3	7.8	2.1	2	28	15	7.5	30.1	13.1	2	7.5	20	4845	3973	3973	3973	3973			3730	3876	3876	3876	3682	3827	3827	3827	3761	13.6	14.3	14.3	13.7			9.5	9.4	9.4	9.4	9.4	9.3	9.3	9.3	1.54	1.03	2.05	8.16	0.87	1.23	3.13	1.69	0.26	2.31	0.92	2.15	2.46	5.59	10.31	2.98	1.28	2.51	4.36	22.27	24.82	0	3	2.01	4	15.91	1.7	2.4	6.1	3.29	0.51	4.5	1.79	4.8	20.1	5.81	2.5	4.89	8.5	1.39	0.93	1.84	7.34	0.78	1.11	2.82	1.52	0.23	2.08	0.83	1.93	2.21	0.06	0.42	3	21	0.28	0	66	0.14	0	0	0	0.12	0.16	0.11	0.13	0.02	0.05	0.07	0.06	0.5	10	332	7.8	2	49	0.05	0	0.19	0.3	49.8	10	7.97	1.5	0.22	0.05	0	267	0	21.74	0.2	360	270	0.16	190	0	0	0	79	90	85	82	60	85	80	85	77	80	76	79	85	95	70	85	90	90	90	90	0	30	0	30	72	46.2	6.6	3973	18.06	11.14	10.48	11.14	90	90	90	90	90	90	90	90	90	90	90	90	0.87	0.3	2.44	4.52	0.05	0	0	0	0	1.04	1.89	4.58	0.06	5.03	0.02	0	571	58	0.7	0	0	0	13.3	24.2	58.7	12	279.7	429.3	1617	0	0	1	0	0	0	0	0	0	0	0	0	79	90	89	80	84	88	80	90	85	84	63	80	82	87	79	90	89	80	84	88	80	90	85	84	63	80	82	87	1.37	0.82	1.72	7.18	0.7	1.11	2.66	1.42	0.16	1.85	0.75	2.14	1.37	0.82	1.72	7.18	0.7	1.11	2.66	1.42	0.16	1.85	0.75	2.14	1156
30344	Corn gluten meal. 56% CP	0.5	91.4	8.6	56.1	4	2.9	2.1	26.3	24	6	29.2	4.2	1	18	20	4723	3684	3684	3684	3684			3353	3589	3589	3589	3306	3589	3589	3589	3452	12.6	12.9	12.9	12.7			8.5	8.2	8.2	8.2	8.5	8.2	8.2	8.2	1.68	1.12	2.24	8.92	0.95	1.35	3.42	1.85	0.28	2.52	1.01	2.36	2.69	6.11	11.28	3.25	1.4	2.75	4.77	24.33	27.15	0	3	2	3.99	15.9	1.69	2.41	6.1	3.3	0.5	4.49	1.8	4.8	20.11	5.79	2.5	4.9	8.5	1.51	1.01	2.02	8.03	0.85	1.21	3.08	1.67	0.25	2.27	0.91	2.12	2.42	0.15	0.45	7.14	21.42	0.3	0	66	0.15	0	0	0	0.13	0.17	0.12	0.14	0.05	0.05	0.07	0.07	0.5	15	200	8	2	38	0.05	0	0.16	0.3	50	5	7	2	0.25	0.05	0	267	0	18.61	0.2	380	289	0.16	194	0	0	0	74	90	85	78	43	85	80	85	71	76	70	76	85	95	70	85	90	90	90	90	0	30	0	30	67.6	50.5	3.4	3684	12.56	3.57	3.36	3.57	90	90	90	90	90	90	90	90	90	90	90	90	0.87	0.3	2.44	2.32	0.03	0	0	0	0	0.53	0.97	2.35	0.03	2.58	0.01	0	293	58	0.7	0	0	0	13.3	24.2	58.7	12	279.7	429.3	1617	0	0	1.1	0	0	0	0	0	0	0	0	0	74	90	89	80	84	88	80	90	85	84	63	80	82	87	74	90	89	80	84	88	80	90	85	84	63	80	82	87	1.5	0.9	1.88	7.85	0.76	1.21	2.91	1.55	0.18	2.02	0.83	2.34	1.5	0.9	1.88	7.85	0.76	1.21	2.91	1.55	0.18	2.02	0.83	2.34	1156
30345	Corn gluten meal. 60% CP	0.5	90.9	9.1	59.9	1.6	2	2.4	25	10	3	27	16.5	0.5	7	19	4625	3885	3885	3885	3885			3746	3931	3931	3931	3654	3839	3839	3839	3637	13.4	14.2	14.2	13.5			8.9	8.8	8.8	8.8	8.7	8.6	8.6	8.6	2.11	1.42	3.01	12.43	1.05	1.36	3.65	1.99	0.3	3.39	1.08	2.44	3.76	7.41	6.71	3.94	2.02	3.23	5.8	30.71	26.54	0	3.52	2.37	5.03	20.75	1.75	2.27	6.1	3.32	0.5	5.66	1.8	6.28	11.2	6.58	3.37	5.39	9.68	1.9	1.28	2.71	11.19	0.95	1.22	3.29	1.79	0.27	3.05	0.97	2.2	3.38	0.01	0.44	0.41	18.33	0.29	0	66	0.14	0	0	0	0.12	0.16	0.11	0.13	0.03	0.06	0.07	0.06	0.81	15.14	71.09	0	0	27.75	0.06	0	0.17	0.25	57.5	3.25	6.9	2.1	0.3	0.05	0	267	0	17.42	0	341	283	44	294	0	0	0	82	90	85	84	66	85	80	85	81	85	79	83	85	95	70	85	90	90	90	90	0	30	0	30	74.5	53.9	1.4	3885	17.82	14.03	13.2	14.03	90	90	90	90	90	90	90	90	90	90	90	90	0.87	0.3	2.44	0.93	0.01	0	0	0	0	0.21	0.39	0.94	0.01	1.03	0	0	117	58	0.7	0	0	0	13.3	24.2	58.7	12	279.7	429.3	1617	0	0	1	0	0	0	0	0	0	0	0	0	82	90	89	80	84	88	80	90	85	84	63	80	82	87	82	90	89	80	84	88	80	90	85	84	63	80	82	87	1.88	1.14	2.53	10.94	0.84	1.22	3.11	1.67	0.19	2.71	0.89	3.27	1.88	1.14	2.53	10.94	0.84	1.22	3.11	1.67	0.19	2.71	0.89	3.27	1156
30346	Corn gluten meal. 62% CP	0.5	90.2	9.8	61.8	2.8	1.9	2.3	21.5	10	3	23.3	12.8	0.5	7	20	4694	3943	3943	3943	3943			3802	3943	3943	3943	3755	3896	3896	3896	3688	13.9	14.5	14.5	14			9.3	9	9	9	9.2	8.8	8.8	8.8	1.85	1.24	2.47	9.83	1.05	1.48	3.77	2.04	0.31	2.78	1.11	2.59	2.97	6.74	12.42	3.58	1.55	3.03	5.25	26.82	29.91	0	2.99	2.01	4	15.91	1.7	2.4	6.1	3.3	0.5	4.5	1.8	4.81	20.1	5.79	2.51	4.9	8.49	1.67	1.12	2.22	8.85	0.94	1.33	3.39	1.84	0.28	2.5	1	2.33	2.67	0.1	0.48	4.42	21.23	0.32	0	66	0.16	0	0	0	0.13	0.18	0.13	0.15	0.02	0.06	0.07	0.07	0.75	15.01	202.98	5.53	2.05	25.63	0.06	0	0.17	0.25	57.5	3.25	6.9	2.1	0.3	0.05	0	267	0	17.42	0	341	3100	44	294	0	0	0	82	90	85	84	63	85	80	85	81	84	80	83	85	95	70	85	90	90	90	90	0	30	0	30	73.9	55.6	2.4	3943	14.69	10.9	10.26	10.9	90	90	90	90	90	90	90	90	90	90	90	90	0.87	0.3	2.44	1.62	0.02	0	0	0	0	0.37	0.68	1.64	0.02	1.8	0	0	205	58	0.7	0	0	0	13.3	24.2	58.7	12	279.7	429.3	1617	0	0	1.1	0	0	0	0	0	0	0	0	0	82	90	89	80	84	88	80	90	85	84	63	80	82	87	82	90	89	80	84	88	80	90	85	84	63	80	82	87	1.65	0.99	2.07	8.65	0.84	1.33	3.2	1.71	0.2	2.22	0.91	2.58	1.65	0.99	2.07	8.65	0.84	1.33	3.2	1.71	0.2	2.22	0.91	2.58	1156
30347	Corn gluten meal. 68% CP	0.5	89.5	10.5	67.7	7.1	1.2	2.1	11.4	4.1	1.6	12.6	7.5	1	2.5	21	4993	4344	4344	4344	4344			4294	4344	4344	4344	4244	4344	4344	4344	4064	16.1	16.5	16.5	16.2			11	10.2	10.2	10.2	11	10.2	10.2	10.2	2.03	1.35	2.71	10.76	1.15	1.62	4.13	2.23	0.34	3.05	1.22	2.84	3.25	7.38	13.61	3.93	1.69	3.32	5.75	29.37	32.77	0	3	1.99	4	15.89	1.7	2.39	6.1	3.29	0.5	4.51	1.8	4.8	20.1	5.81	2.5	4.9	8.49	1.83	1.21	2.44	9.68	1.04	1.46	3.72	2.01	0.31	2.74	1.1	2.56	2.93	0.03	0.4	1.42	19.04	0.26	0	66	0.13	0	0	0	0.11	0.15	0.1	0.12	0.08	0.05	0.07	0.05	0.5	13	112	9	2	15	0.06	0	0.17	0.2	60	3	6.5	2	0.4	0.05	0	267	0	19.36	0.2	350	3600	0.16	250	0	0	0	86	90	85	87	68	85	80	85	86	87	85	87	85	95	70	85	90	90	90	90	0	30	0	30	77	60.9	6	4344	8.57	6.38	6	6.38	90	90	90	90	90	90	90	90	90	90	90	90	0.87	0.3	2.44	4.12	0.05	0	0	0	0	0.94	1.72	4.17	0.06	4.58	0.02	0	520	58	0.7	0	0	0	13.3	24.2	58.7	12	279.7	429.3	1617	0	0	0.9	0	0	0	0	0	0	0	0	0	86	90	89	80	84	88	80	90	85	84	63	80	82	87	86	90	89	80	84	88	80	90	85	84	63	80	82	87	1.81	1.08	2.28	9.47	0.92	1.46	3.51	1.87	0.21	2.44	1	2.83	1.81	1.08	2.28	9.47	0.92	1.46	3.51	1.87	0.21	2.44	1	2.83	1156
30348	Corn protein concentrate. 77% CP	0.65	93	7	77.5	3.5	1	1.3	9.7	3	1	10.7	7.2	0.5	2	21	5131	4259	4259	4259	4259			4208	4259	4259	4259	4208	4259	4259	4259	3957	15.8	16.2	16.2	15.9			10.5	9.6	9.6	9.6	10.4	9.5	9.5	9.5	2.53	1.59	3.2	13.64	1.76	1.86	5.18	2.73	0.32	3.76	1.15	3.01	3.01	8.19	17.14	4.73	2.12	4.28	7.08	36.57	39.51	0	3.27	2.05	4.13	17.6	2.27	2.4	6.68	3.52	0.41	4.85	1.48	3.88	22.12	6.1	2.74	5.52	9.14	2.07	1.3	2.62	11.18	1.44	1.53	4.25	2.24	0.26	3.08	0.94	2.47	2.47	0.07	0.34	5.38	26.15	0.22	0	66	0.11	0	0	0	0.09	0.13	0.09	0.1	0.18	0.05	0.15	0.08	0.4	13.8	59.04	4.18	1.97	12.49	0.05	0	0.18	0.2	46.9	1.88	5.45	2.73	0.41	0.05	0	4467	0	14.89	0.2	190	1604	20	250	0	0	0	82	85	75	83	70	85	80	85	82	83	82	83	85	95	70	85	90	90	90	90	0	30	0	30	76.2	65.9	2.6	4259	7.48	6.1	5.74	6.1	82	82	82	82	82	82	82	82	82	82	82	82	0.87	0.3	2.44	2.03	0.02	0	0	0	0	0.47	0.85	2.05	0.03	2.26	0.2	0	256	58	0.7	0	0	0	13.3	24.2	58.7	12	279.7	429.3	1617	0	0	0.8	0	0	0	0	0	0	0	0	0	80	82	82	82	82	82	82	82	82	82	82	82	82	82	80	82	82	82	82	82	82	82	82	82	82	82	82	82	2.07	1.3	2.62	11.18	1.44	1.53	4.25	2.24	0.26	3.08	0.94	2.47	2.07	1.3	2.62	11.18	1.44	1.53	4.25	2.24	0.26	3.08	0.94	2.47	1120
30349	Corn meal. Brazil	0.25	87.5	12.5	7.9	3.7	1.7	8	66.1	10	12	67.9	56.9	1	0	15	3549	2768	2768	2768	2768			2626	2875	2875	2875	2272	2626	2626	2626	2739	6.4	9.2	9.2	6.7			4.9	7.3	7.3	7.3	4.3	6.7	6.7	6.7	0.37	0.23	0.27	0.95	0.23	0.16	0.37	0.32	0.06	0.37	0.18	0.34	0.38	0.75	1.43	0.46	0.2	0.39	0.67	3.33	3.71	0	4.68	2.91	3.42	12.03	2.91	2.03	4.68	4.05	0.76	4.68	2.28	4.81	18.1	5.82	2.53	4.94	8.48	0.29	0.18	0.21	0.75	0.18	0.13	0.29	0.25	0.05	0.29	0.14	0.27	0.3	0.36	0.25	4.5	3.12	0.16	0	66	0.08	0	0	0	0.07	0.09	0.06	0.08	0.11	0.04	0.67	0	0.11	5.22	75.95	1.48	0.07	9.02	0.06	0	0.07	0.3	25	5.9	4.7	1.2	3.4	0	0	267	0	14.74	0.2	502	1600	2	145	0	0	0	75	80	80	78	77	85	80	85	74	81	64	74	85	95	70	85	90	90	90	90	0	30	0	30	65.6	6.3	3	2768	52.27	48.35	45.5	48.35	79	79	79	79	79	79	79	79	79	79	79	79	0.87	0.3	2.44	2.15	0.03	0	0	0	0	0.49	0.9	2.17	0.03	2.38	0.21	0	271	58	0.7	0	0	0	13.3	24.2	58.7	14	417	100	1044	0	0	0.6	0	0	0	0	0	0	0	0	0	78	79	92	92	91	95	85	93	92	84	90	82	90	80	78	79	92	92	91	95	85	93	92	84	90	82	90	80	0.34	0.21	0.25	0.9	0.2	0.15	0.34	0.27	0.05	0.3	0.16	0.3	0.34	0.21	0.25	0.9	0.2	0.15	0.34	0.27	0.05	0.3	0.16	0.3	520
30350	Corn screenings	0.25	87	13	7.7	2.9	0	1.3	75.1	12.4	3.7	75.1	57.7	5	8.7	16	3757	2893	2893	2893	2893			2743	3081	3081	3081	2405	2855	2855	2855	2865	6.4	9.4	9.4	6.8			4.9	7.7	7.7	7.7	4.3	7.1	7.1	7.1	0.23	0.15	0.31	1.22	0.13	0.18	0.47	0.25	0.04	0.35	0.14	0.32	0.25	0.72	1.55	0.51	0.25	0.37	0.57	3.33	3.64	0	2.99	1.95	4.03	15.84	1.69	2.34	6.1	3.25	0.52	4.55	1.82	3.25	20.13	6.62	3.25	4.81	7.4	0.18	0.12	0.25	0.98	0.1	0.14	0.38	0.2	0.03	0.28	0.11	0.26	0.2	0.03	0.19	2.3	14.61	0.13	0	66	0.06	0	0	0	0.05	0.07	0.05	0.06	0.01	0.05	0.31	0.1	0.08	3	92	7	0.06	14	0.06	0	0.05	0.2	23	3	7	1	4	0.05	0	267	0	11.17	0.2	500	1215	2	30	0	0	0	76	80	80	77	76	85	80	85	73	82	64	76	85	95	70	85	90	90	90	90	0	30	0	30	66.1	6.2	2.3	2893	57.08	49.05	46.16	49.05	80	80	80	80	80	80	80	80	80	80	80	80	0.87	0.3	2.44	1.68	0.02	0	0	0	0	0.39	0.7	1.7	0.02	1.87	0.16	0	212	58	0.7	0	0	0	13.3	24.2	58.7	12	250	121	500	0	0	0.4	0	0	0	0	0	0	0	0	0	77	80	88	85	83	87	78	87	85	79	76	82	82	80	77	80	88	85	83	87	78	87	85	79	76	82	82	80	0.2	0.13	0.26	1.06	0.1	0.16	0.4	0.2	0.03	0.29	0.11	0.2	0.2	0.13	0.26	1.06	0.1	0.16	0.4	0.2	0.03	0.29	0.11	0.2	1120
30351	Corn bran	0.25	90	10	9	4	2	1	74	10	3	76	62	4	7	17	3968	3095	3095	3095	3095			2976	3333	3333	3333	2619	3055	3055	3055	3062	7.2	10.3	10.3	7.6			5.5	8.4	8.4	8.4	4.9	7.8	7.8	7.8	0.27	0.18	0.36	1.43	0.15	0.22	0.55	0.3	0.05	0.41	0.16	0.38	0.43	0.98	1.81	0.52	0.23	0.44	0.77	3.92	4.36	0	3	2	4	15.89	1.67	2.44	6.11	3.33	0.56	4.56	1.78	4.78	20.11	5.78	2.56	4.89	8.56	0.21	0.14	0.29	1.13	0.12	0.17	0.44	0.24	0.04	0.32	0.13	0.3	0.34	0.04	0.26	4	26	0.17	0	66	0.08	0	0	0	0.07	0.09	0.06	0.08	0.01	0.05	0.3	0.2	0.11	2.98	28	6.93	0.06	24	0.06	0	0.07	0.23	23.5	5.05	7.35	1.1	3.6	0.05	0	1000	0	21	0.22	550	1600	2	25	0	0	0	78	79	80	78	78	85	80	85	75	84	66	77	85	95	70	85	90	90	90	90	0	30	0	30	70.2	7.1	3.2	3095	59.28	52.7	49.6	52.7	79	79	79	79	79	79	79	79	79	79	79	79	0.33	0.06	0.8	1.68	0.03	0	0	0	0	0.53	0.97	2.35	0.03	1.87	0.22	0	436	42	0.7	0	0	0	13.3	24.2	58.7	12	250	121	500	0	0	0.6	0	0	0	0	0	0.2	0	0	0	78	79	88	85	83	87	78	87	85	79	76	82	82	80	78	79	88	85	83	87	78	87	85	79	76	82	82	80	0.24	0.15	0.3	1.24	0.12	0.19	0.47	0.24	0.04	0.34	0.13	0.34	0.24	0.15	0.3	1.24	0.12	0.19	0.47	0.24	0.04	0.34	0.13	0.34	1003
30352	Corn steep liquor. cond. ferm corn extracts. steepwater	0.25	50.2	49.8	16.5	2.7	0	6	25	11	1	25	1	13	10	9	2199	1979	1979	1979	1979			1583	1693	1693	1693	1561	1693	1693	1693	1911	4.8	5.5	5.5	5.2			3.7	4.2	4.2	4.2	3.7	4.2	4.2	4.2	0.5	0.33	0.66	2.62	0.28	0.4	1.01	0.54	0.08	0.74	0.3	0.7	0.79	1.8	3.32	0.96	0.41	0.81	1.4	7.16	7.99	0	3.03	2	4	15.88	1.7	2.42	6.12	3.27	0.49	4.49	1.82	4.79	20.12	5.82	2.49	4.91	8.49	0.45	0.3	0.59	2.36	0.25	0.36	0.91	0.49	0.07	0.67	0.27	0.63	0.71	0.18	1.26	3	21	0.83	0	66	0.42	0	0	0	0.35	0.48	0.34	0.39	0.01	0.05	0.31	0.45	0.9	3	90	6	0.06	18	0.1	0	0.05	0.2	20	4	6	1	0.2	0.05	0	1000	0	11.17	0.2	500	1600	500	11	0	0	0	85	90	90	90	90	85	80	85	72	77	71	77	85	95	70	85	90	90	90	90	0	30	0	30	42.7	14.9	2.4	1979	22.5	0.85	0.8	0.85	90	90	90	90	90	90	90	90	90	90	90	90	0.87	0.3	2.44	1.57	0.02	0	0	0	0	0.36	0.65	1.58	0.02	1.74	0.15	0	198	58	0.7	0	0	0	13.3	24.2	58.7	12	300	23.8	4595	0	0	0.6	0	0	0	0	0	0	0	0	0	72	90	90	90	90	90	90	90	90	90	90	90	90	90	72	90	90	90	90	90	90	90	90	90	90	90	90	90	0.45	0.3	0.59	2.36	0.25	0.36	0.91	0.49	0.07	0.67	0.27	0.71	0.45	0.3	0.59	2.36	0.25	0.36	0.91	0.49	0.07	0.67	0.27	0.71	1000
30353	Corn steep liquor. Cond. fermented corn extract. ADM	0.25	51	49	17	2.7	3	5.8	22.5	10	1	25.5	3.5	12	9	9	2247	2022	2022	2022	2022			1640	1775	1775	1775	1618	1752	1752	1752	1952	5.1	5.8	5.8	5.4			3.8	4.3	4.3	4.3	3.8	4.3	4.3	4.3	0.79	0.34	0.51	2.7	0.67	0.32	1.04	0.52	0.05	0.8	0.18	0.5	0.82	1.86	3.42	0.99	0.43	0.83	1.45	7.74	8.12	0	4.65	2	3	15.88	3.94	1.88	6.12	3.06	0.29	4.71	1.06	4.82	20.12	5.82	2.53	4.88	8.53	0.71	0.31	0.46	2.43	0.6	0.29	0.94	0.47	0.04	0.72	0.16	0.45	0.74	0.17	1.33	3	23	0.88	0	66	0.44	0	0	0	0.37	0.51	0.35	0.41	0.01	0.05	0.31	0.45	0.9	2	54	18	0.06	61	0.19	0.05	0.1	0.2	20	4	20	4	6	1	0.2	1000	0	10.72	0	17	1600	500	11	0	0	0	85	90	90	90	90	85	80	85	73	79	72	78	85	95	70	85	90	90	90	90	0	30	0	30	43.4	15.3	2.4	2022	22.95	2.98	2.8	2.98	90	90	90	90	90	90	90	90	90	90	90	90	0.87	0.3	2.44	1.67	0.14	0	0	0	0	0.54	0.38	1.73	0.15	1.86	0.61	0	198	62	5	0	0	0	20	14	64	16	1003	87	4097	0	0	2.2	0	0	0	0	0	0	0	0	0	72	90	90	90	90	90	90	90	90	90	90	90	90	90	72	90	90	90	90	90	90	90	90	90	90	90	90	90	0.71	0.31	0.46	2.43	0.6	0.29	0.94	0.47	0.04	0.72	0.16	0.74	0.71	0.31	0.46	2.43	0.6	0.29	0.94	0.47	0.04	0.72	0.16	0.74	1000
30354	Corn. ear. ground. dent yellow	0.25	88	12	7.5	3	10	1.5	66	9.6	2.8	76	70	1.1	2.1	16	3791	3146	3146	3146	3146			3033	3336	3336	3336	2616	3070	3070	3070	3118	7.1	10.5	10.5	7.4			5.3	8.4	8.4	8.4	4.7	7.7	7.7	7.7	0.23	0.15	0.3	1.19	0.13	0.18	0.46	0.25	0.04	0.34	0.14	0.32	0.36	0.82	1.51	0.44	0.19	0.37	0.64	3.27	3.65	0	3.07	2	4	15.87	1.73	2.4	6.13	3.33	0.53	4.53	1.87	4.8	20.13	5.87	2.53	4.93	8.53	0.18	0.12	0.24	0.94	0.1	0.14	0.36	0.2	0.03	0.27	0.11	0.25	0.28	0.02	0.28	1.33	18.66	0.18	0	66	0.09	0	0	0	0.08	0.1	0.07	0.08	0.01	0.05	0.31	0.1	0.1	3	40	7	0.06	20	0.06	0	0.05	0.2	7	3.8	0.9	1	3	0.05	0	200	0	8.26	0.2	0	180	0.13	25	0	0	0	82	82	80	83	83	85	80	85	80	88	69	81	85	95	70	85	90	90	90	90	0	30	0	30	72.2	6.2	2.4	3146	63.08	59.5	56	59.5	79	79	79	79	79	79	79	79	79	79	79	79	0.87	0.3	2.44	1.74	0.02	0	0	0	0	0.4	0.73	1.76	0.02	1.93	0.17	0	220	58	0.7	0	0	0	13.3	24.2	58.7	12	250.6	120	930.7	0	0	0.7	0	0	0	0	0	0	0	0	0	78	79	89	87	87	92	78	90	90	82	84	87	86	89	78	79	89	87	87	92	78	90	90	82	84	87	86	89	0.2	0.13	0.26	1.09	0.1	0.16	0.41	0.2	0.03	0.3	0.12	0.32	0.2	0.13	0.26	1.09	0.1	0.16	0.41	0.2	0.03	0.3	0.12	0.32	1000
30355	Corn. grain	0.25	87.3	12.7	8.6	3.5	1.8	1.3	72.1	9.8	2.9	73.9	60.1	4	6.9	16	3817	3015	3015	3015	3015			2863	3206	3206	3206	2519	2977	2977	2977	2983	6.9	9.9	9.9	7.3			5.2	8.1	8.1	8.1	4.7	7.5	7.5	7.5	0.26	0.17	0.34	1.37	0.15	0.21	0.52	0.28	0.04	0.39	0.15	0.36	0.41	0.93	1.73	0.5	0.22	0.42	0.73	3.73	4.16	0	3.02	1.98	3.95	15.93	1.74	2.44	6.05	3.26	0.47	4.54	1.74	4.77	20.12	5.81	2.56	4.88	8.49	0.21	0.13	0.27	1.09	0.12	0.17	0.41	0.22	0.03	0.31	0.12	0.29	0.32	0.04	0.26	3.14	20.47	0.17	0	66	0.08	0	0	0	0.07	0.09	0.06	0.08	0.01	0.05	0.31	0.09	0.11	2.98	37.23	6.93	0.06	21.9	0.06	0	0.07	0.23	23.5	5.05	7.35	1.1	3.6	0.05	0	1000	0	15.97	0.22	562	167	2	25	0	0	0	78	82	80	79	78	85	80	85	75	84	66	78	85	95	70	85	90	90	90	90	0	30	0	30	68.1	7.1	2.8	3015	57.64	51.06	48.06	51.06	79	79	79	79	79	79	79	79	79	79	79	79	0.87	0.3	2.44	2.04	0.02	0	0	0	0	0.47	0.85	2.07	0.03	2.27	0.2	0	436	58	0.7	0	0	0	13.3	24.2	58.7	12	250.6	120	930.7	0	0	0.6	0	0	0	0	0	0	0	0	0	78	79	88	85	83	87	78	87	85	79	76	82	82	80	78	79	88	85	83	87	78	87	85	79	76	82	82	80	0.23	0.14	0.28	1.19	0.12	0.18	0.44	0.22	0.03	0.32	0.12	0.33	0.23	0.14	0.28	1.19	0.12	0.18	0.44	0.22	0.03	0.32	0.12	0.33	553
30356	Corn. South Asia	0.25	88.2	11.8	7.2	2.4	8	1.8	68.8	9.5	2.8	76.8	66.2	1.1	6.7	16	3750	2963	2963	2963	2963			2850	3188	3188	3188	2438	2925	2925	2925	2935	6.6	9.8	9.8	6.9			4.9	8	8	8	4.3	7.3	7.3	7.3	0.33	0.27	0.3	1	0.19	0.18	0.46	0.27	0.04	0.44	0.13	0.31	0.28	0.74	1.45	0.5	0.18	0.35	0.57	3.48	3.46	0	4.58	3.75	4.17	13.89	2.64	2.5	6.39	3.75	0.56	6.11	1.81	3.89	20.1	6.94	2.56	4.9	7.92	0.26	0.21	0.24	0.79	0.15	0.14	0.36	0.21	0.03	0.35	0.1	0.25	0.22	0.04	0.28	2.23	15.64	0.18	0	66	0.09	0	0	0	0.08	0.1	0.07	0.08	0	0.05	0.31	0.11	0.1	2.9	88.14	13.22	0	20.95	0.06	0	0.07	0.23	23.5	5.05	7.35	1.1	3.6	0.05	0	1000	0	15.97	0.22	562	180	2	25	0	0	0	78	82	80	79	78	85	80	85	76	85	65	78	85	95	70	85	90	90	90	90	0	30	0	30	68.8	5.9	1.9	2963	59.9	56.27	52.96	56.27	79	79	79	79	79	79	79	79	79	79	79	79	0.87	0.3	2.44	1.39	0.02	0	0	0	0	0.32	0.58	1.41	0.02	1.55	0.13	0	436	58	0.7	0	0	0	13.3	24.2	58.7	44	1237	243	930.7	0	0	0.7	0	0	0	0	0	0	0	0	0	78	79	88	85	83	87	78	87	85	79	76	82	82	80	78	79	88	85	83	87	78	87	85	79	76	82	82	80	0.29	0.23	0.25	0.87	0.15	0.16	0.39	0.21	0.03	0.36	0.11	0.22	0.29	0.23	0.25	0.87	0.15	0.16	0.39	0.21	0.03	0.36	0.11	0.22	797
30357	Corn. grain. high lysine	0.25	87.2	12.8	8.4	4.5	2.1	1.2	71.1	8	3.3	73.1	64	1.1	4.7	16	3865	3053	3053	3053	3053			2976	3285	3285	3285	2589	3014	3014	3014	3022	7.3	10.4	10.4	7.6			5.5	8.4	8.4	8.4	4.9	7.7	7.7	7.7	0.25	0.17	0.34	1.34	0.14	0.2	0.51	0.28	0.04	0.38	0.15	0.35	0.4	0.91	1.69	0.49	0.21	0.41	0.71	3.65	4.06	0	2.98	2.02	4.05	15.95	1.67	2.38	6.07	3.33	0.48	4.52	1.79	4.76	20.12	5.83	2.5	4.88	8.45	0.2	0.14	0.27	1.07	0.11	0.16	0.41	0.22	0.03	0.3	0.12	0.28	0.32	0.1	0.23	8.26	19	0.15	0	66	0.07	0	0	0	0.06	0.08	0.06	0.07	0.01	0.05	0.31	0.05	0.1	2.6	53.4	10.3	0.06	17.6	0.06	0	0.06	0.31	22.5	5.1	6.16	1.1	3.73	0.05	0	267	0	6.49	0.2	495	148	2	25	0	0	0	79	82	80	79	79	85	80	85	77	85	67	78	85	95	70	85	90	90	90	90	0	30	0	30	68.9	6.9	3.6	3053	57.76	54.41	51.21	54.41	80	80	80	80	80	80	80	80	80	80	80	80	0.87	0.3	2.44	2.61	0.03	0	0	0	0	0.6	1.09	2.64	0.03	2.9	0.25	0	330	58	0.7	0	0	0	13.3	24.2	58.7	20	250.6	120	930.7	0	0	0.5	0	0	0	0	0	0	0	0	0	79	80	88	85	83	87	78	87	85	79	76	82	82	80	79	80	88	85	83	87	78	87	85	79	76	82	82	80	0.22	0.14	0.28	1.17	0.11	0.17	0.43	0.22	0.03	0.31	0.12	0.32	0.22	0.14	0.28	1.17	0.11	0.17	0.43	0.22	0.03	0.31	0.12	0.32	781
30358	Corn. grain. high oil	0.25	87.4	12.7	8.3	6.2	2.3	1.2	69.4	10.8	3.4	71.7	59.8	1.1	7.5	17	3958	3087	3087	3087	3087			2968	3285	3285	3285	2573	3048	3048	3048	3056	7.5	10.4	10.4	7.8			5.8	8.5	8.5	8.5	5.2	7.9	7.9	7.9	0.25	0.17	0.33	1.32	0.14	0.2	0.51	0.27	0.04	0.37	0.15	0.35	0.4	0.91	1.67	0.48	0.21	0.41	0.71	3.6	4.03	0	3.01	2.05	3.98	15.9	1.69	2.41	6.15	3.25	0.48	4.46	1.81	4.82	20.12	5.78	2.53	4.94	8.55	0.2	0.14	0.26	1.06	0.11	0.16	0.41	0.22	0.03	0.3	0.12	0.28	0.32	0.02	0.27	1.68	22.68	0.18	0	66	0.09	0	0	0	0.08	0.1	0.07	0.08	0.01	0.05	0.31	0.1	0.1	3	93	4.3	0.06	21.5	0.06	0	0.06	0.3	22	5	6	1	3.73	0.05	0	2400	0	15.56	0.2	495	174	1.44	20	0	0	0	77	82	80	78	77	85	80	85	75	83	65	77	85	95	70	85	90	90	90	90	0	30	0	30	67.3	6.8	5	3087	55.18	50.8	47.81	50.8	80	80	80	80	80	80	80	80	80	80	80	80	0.87	0.3	2.44	3.6	0.04	0	0	0	0	0.82	1.5	3.64	0.05	4	0.35	0	454	58	0.7	0	0	0	13.3	24.2	58.7	20	250.6	120	930.7	0	0	0.6	0	0	0	0	0	0	0	0	0	78	80	88	85	83	87	78	87	85	79	76	82	82	80	78	80	88	85	83	87	78	87	85	79	76	82	82	80	0.22	0.14	0.27	1.15	0.11	0.17	0.43	0.21	0.03	0.3	0.12	0.32	0.22	0.14	0.27	1.15	0.11	0.17	0.43	0.21	0.03	0.3	0.12	0.32	781
30359	Corn. hominy feed	0.25	88.8	11.2	10.2	5.5	5.3	2.1	65.6	12.6	4.5	71	49.9	4.3	12.3	17	3972	2900	2900	2900	2900			2741	3098	3098	3098	2463	2900	2900	2900	2862	7.1	9.7	9.7	7.4			5.4	8	8	8	5	7.5	7.5	7.5	0.31	0.2	0.41	1.62	0.17	0.24	0.62	0.34	0.05	0.46	0.18	0.42	0.49	1.11	2.05	0.59	0.26	0.5	0.87	4.42	4.94	0	3.04	1.96	4.02	15.88	1.67	2.35	6.08	3.33	0.49	4.51	1.77	4.8	20.1	5.78	2.55	4.9	8.53	0.25	0.16	0.33	1.3	0.14	0.19	0.5	0.27	0.04	0.37	0.14	0.34	0.39	0.02	0.26	0.95	12.38	0.17	0	66	0.08	0	0	0	0.07	0.09	0.06	0.08	0.01	0.05	0.31	0.11	0.25	2	64	10	0.06	15	0.06	0	0.13	0.31	46.9	8.2	10.95	2.1	8.05	0	0	267	0	10.33	0	1154	167	9	0	0	0	0	72	80	80	73	71	85	80	85	69	78	62	73	85	95	70	85	90	90	90	90	0	30	0	30	63.9	8.2	4.4	2900	50.39	42.42	39.92	42.42	80	80	80	80	80	80	80	80	80	80	80	80	0.87	0.3	2.44	3.19	0.04	0	0	0	0	0.73	1.33	3.23	0.04	3.54	0.31	0	403	58	0.7	0	0	0	13.3	24.2	58.7	20	279.7	429.3	1617	0	0	0.6	0	0	0	0	0	0	0	0	0	76	80	86	74	75	83	65	86	84	65	60	73	67	88	76	80	86	74	75	83	65	86	84	65	60	73	67	88	0.27	0.15	0.31	1.34	0.11	0.21	0.52	0.22	0.03	0.34	0.12	0.43	0.27	0.15	0.31	1.34	0.11	0.21	0.52	0.22	0.03	0.34	0.12	0.43	1151
30360	Corn gluten feed. wet. Golden Gluten. ADM	0.25	45	55	7.5	1.6	3.8	1.6	30.5	20	5	34.3	13.2	1.1	15	8	1967	1279	1279	1279	1279			1003	1239	1239	1239	925	1180	1180	1180	1248	2.9	3.6	3.6	3			2.1	3.1	3.1	3.1	2	2.9	2.9	2.9	0.23	0.15	0.3	1.19	0.31	0.14	0.46	0.25	0.04	0.34	0.14	0.28	0.36	0.82	1.51	0.44	0.19	0.37	0.64	3.41	3.65	0	3.07	2	4	15.87	4.13	1.87	6.13	3.33	0.53	4.53	1.87	4.8	20.13	5.87	2.53	4.93	8.53	0.2	0.13	0.26	1.01	0.26	0.12	0.39	0.21	0.03	0.29	0.12	0.24	0.31	0.04	0.3	2.5	18.75	0.2	0	66	0.1	0	0	0	0.08	0.11	0.08	0.09	0.02	0.03	0.3	0.23	0.1	2	110	6	0.04	20	0.11	0	0.08	0.2	40	2	5.2	1.5	0.13	0.03	0	200	0	6.7	0.2	250	1000	8	100	0	0	0	62	90	85	65	55	85	80	85	51	63	47	60	85	95	70	85	90	90	90	90	0	30	0	30	27.9	6.8	1.4	1279	18.87	11.22	10.56	11.22	85	85	85	85	85	85	85	85	85	85	85	85	0.87	0.3	2.44	0.93	0.01	0	0	0	0	0.21	0.39	0.94	0.01	1.03	0.09	0	117	58	0.7	0	0	0	13.3	24.2	58.7	16	1003	87	4097	0	0	0.7	0	0	0	0	0	0	0	0	0	66	85	87	78	80	85	66	83	87	71	64	77	59	84	66	85	87	78	80	85	66	83	87	71	64	77	59	84	0.2	0.12	0.24	1.01	0.2	0.12	0.4	0.18	0.03	0.26	0.08	0.3	0.2	0.12	0.24	1.01	0.2	0.12	0.4	0.18	0.03	0.26	0.08	0.3	1077
30361	Corn protein concentrate. Empyreal75. Cargill	0.5	90.5	9.5	76.2	4.7	0.7	1.3	7.6	4.7	7.4	8.3	2.1	2.1	0	21	5074	4465	4465	4465	4465			4414	4414	4414	4414	4414	4414	4414	4414	4150	16.8	17	17	16.8			11.3	10.1	10.1	10.1	11.2	10	10	10	2.3	1.57	3.09	12.75	1.09	1.73	4.69	2.27	0.32	3.39	1.16	2.89	3.99	8.69	15.44	4.28	1.81	3.47	6.22	33.21	36.37	0	3.02	2.06	4.06	16.73	1.43	2.27	6.16	2.98	0.42	4.45	1.52	5.24	20.26	5.62	2.37	4.55	8.16	2.07	1.41	2.78	11.47	0.98	1.56	4.22	2.04	0.29	3.05	0.93	2.48	3.59	0.05	0.37	3.84	28.5	0.24	0	66	0.12	0	0	0	0.1	0.14	0.1	0.11	0.25	0.29	0.15	0.05	0.1	11.1	73.6	4.3	2	47.9	2	0	0.18	0.2	46.9	1.88	5.45	2.73	0.41	0.05	0	44667	0	14.74	0.2	190	1604	20	250	0	0	0	86	90	90	88	58	85	80	85	87	87	87	87	85	95	70	85	90	90	90	90	0	30	0	30	77.8	68.6	4.2	4465	4.81	1.79	1.68	1.79	90	90	90	90	90	90	90	90	90	90	80	90	0.87	0.3	2.44	2.55	0.12	0	0	0	0	0.8	1.14	2.76	0.14	2.84	0.26	0	344	54.3	2.6	0	0	0	17	24.2	58.7	15	1003	87	4097	0	0	0.9	0	0	0	0	0	0	0	0	0	80	82	82	82	82	82	82	82	82	82	82	82	82	82	80	82	82	82	82	82	82	82	82	82	82	82	82	82	1.89	1.29	2.54	10.45	0.89	1.42	3.85	1.86	0.26	2.78	0.95	3.27	1.89	1.29	2.54	10.45	0.89	1.42	3.85	1.86	0.26	2.78	0.95	3.27	1098
30362	Corn gluten feed. dried. ADM	0.25	90	10	21.5	3	10	7.8	47.7	33.3	10.6	57.7	20	3	24.1	16	3836	2609	2609	2609	2609			2148	2493	2493	2493	1995	2417	2417	2417	2520	6.7	7.8	7.8	6.9			4.8	6.1	6.1	6.1	4.6	5.9	5.9	5.9	0.75	0.5	0.66	3.65	0.63	0.35	0.64	0.74	0.17	0.94	0.46	0.81	1	1.64	4.3	1.2	0.7	0.92	1.1	9.03	9.68	0	3.49	2.33	3.07	16.98	2.93	1.63	2.98	3.44	0.79	4.37	2.14	4.65	20	5.58	3.26	4.28	5.12	0.6	0.4	0.53	2.92	0.5	0.28	0.51	0.59	0.14	0.75	0.37	0.65	0.8	0.16	0.83	2.05	10.64	0.55	0	66	0.28	0	0	0	0.24	0.32	0.22	0.26	0.1	0.3	1.35	0.3	0.7	48	460	24	0.8	70	0.15	0	0.08	0.2	40	2	5.2	1.5	0.13	0.03	0	200	0	6.7	0.2	250	1000	8	100	0	0	0	63	90	85	68	54	85	80	85	56	65	52	63	85	95	70	85	90	90	90	90	0	30	0	30	56.7	19.4	2.6	2609	31.16	17	16	17	80	80	80	80	80	80	80	80	80	80	80	80	0.87	0.3	2.44	1.74	0.02	0	0	0	0	0.4	0.73	1.76	0.02	1.93	0.26	0	220	58	0.7	0	0	0	13.3	24.2	58.7	16	1003	87	4097	0	0	2	0	0	0	0	0	0	0	0	0	82	90	89	80	84	88	80	90	85	84	63	80	82	87	82	90	89	80	84	88	80	90	85	84	63	80	82	87	0.67	0.4	0.55	3.21	0.5	0.32	0.54	0.62	0.11	0.75	0.38	0.87	0.67	0.4	0.55	3.21	0.5	0.32	0.54	0.62	0.11	0.75	0.38	0.87	1077
30363	Corn hominy. ADM	0.25	87	13	9.4	4.2	6	1.6	65.8	13	5	71.8	50	4	12.8	16	3838	2764	2764	2764	2764			2610	2956	2956	2956	2303	2764	2764	2764	2729	6.5	9.1	9.1	6.9			5	7.5	7.5	7.5	4.5	7	7	7	0.47	0.24	0.32	1.65	0.29	0.19	0.62	0.32	0.08	0.45	0.22	0.41	0.49	1.11	2.05	0.6	0.26	0.5	0.87	4.63	4.99	0	5	2.55	3.4	17.55	3.09	2.02	6.6	3.4	0.85	4.79	2.34	5.21	21.81	6.38	2.77	5.32	9.26	0.4	0.2	0.27	1.4	0.25	0.16	0.53	0.27	0.07	0.38	0.19	0.35	0.42	0.02	0.26	1.25	16.25	0.17	0	66	0.08	0	0	0	0.07	0.09	0.06	0.08	0.01	0.05	0.67	0.11	0.13	2	64	10	0.06	15	0.06	0	0.13	0.31	46.9	8.2	10.95	2.1	8.05	0	0	267	0	10.33	0	1154	167	9	0	0	0	0	71	80	80	72	70	85	80	85	68	77	60	72	85	95	70	85	90	90	90	90	0	30	0	30	61.8	7.5	3.4	2764	50.26	42.5	40	42.5	85	85	85	85	85	85	85	85	85	85	85	85	0.87	0.3	2.44	2.44	0.03	0	0	0	0	0.56	1.02	2.47	0.03	2.71	0.36	0	308	58	0.7	0	0	0	13.3	24.2	58.7	20	1003	87	4097	0	0	0.6	0	0	0	0	0	0	0	0	0	82	90	89	80	84	88	80	90	85	84	63	80	82	87	82	90	89	80	84	88	80	90	85	84	63	80	82	87	0.42	0.19	0.27	1.45	0.23	0.17	0.53	0.27	0.05	0.36	0.18	0.43	0.42	0.19	0.27	1.45	0.23	0.17	0.53	0.27	0.05	0.36	0.18	0.43	1098
30365	Corn protein concentrate. 75% CP	0.5	94.4	5.6	74.7	10.3	1.1	2.3	6	3	1	7.1	2	2.1	2	23	5464	4863	4863	4863	4863			4808	4863	4863	4863	4808	4808	4808	4808	4554	18.4	18.6	18.6	18.5			12.8	11.7	11.7	11.7	12.8	11.6	11.6	11.6	2.28	1.55	3.06	12.63	1.08	1.7	4.65	2.25	0.32	3.36	1.15	2.85	4.95	9.6	15.29	4.24	1.79	3.47	6.17	32.88	37.06	1	3.05	2.07	4.09	16.9	1.45	2.28	6.22	3.01	0.43	4.5	1.54	6.62	20.46	5.67	2.4	4.64	8.26	2.05	1.4	2.75	11.37	0.97	1.53	4.19	2.02	0.29	3.02	0.92	2.45	4.46	0.05	0.24	2.21	10.61	0.16	0	66	0.08	0	0	0	0.07	0.09	0.06	0.08	0.25	0.29	0.15	0.05	0.95	11.1	73.6	4.3	1.97	47.9	2	0	0.18	0.2	46.9	1.88	5.45	2.73	0.41	0.05	0	4000	0	14.74	0.2	190	1604	20	250	0	0	0	87	90	90	89	63	85	80	85	88	89	88	88	85	95	70	85	90	90	90	90	0	30	0	30	82.1	67.3	9.3	4863	4.45	1.67	1.58	1.67	90	90	90	90	90	90	90	90	90	90	80	90	0.87	0.3	2.44	5.97	0.07	0	0	0	0	1.37	2.49	6.05	0.08	6.64	0.59	0	754	58	0.7	0	0	0	13.3	24.2	58.7	15	494	272	361	0	0	0.6	0	0	0	0	0	0	0	0	0	80	82	82	82	82	82	82	82	82	82	82	82	82	82	80	82	82	82	82	82	82	82	82	82	82	82	82	82	1.87	1.27	2.51	10.36	0.89	1.39	3.81	1.84	0.26	2.76	0.94	4.06	1.87	1.27	2.51	10.36	0.89	1.39	3.81	1.84	0.26	2.76	0.94	4.06	1100
30366	Corn. extruded	0.25	86.1	14	7.3	3.2	2	1.3	72.3	9.5	3	74.3	63.3	1.5	6.5	16	3726	2944	2944	2944	2944			2832	3167	3167	3167	2422	2906	2906	2906	2916	6.7	9.7	9.7	7			5	7.9	7.9	7.9	4.4	7.3	7.3	7.3	0.22	0.14	0.29	1.16	0.24	0.16	0.44	0.29	0.03	0.33	0.13	0.29	0.35	0.79	1.46	0.42	0.19	0.36	0.62	3.3	3.52	0	3.02	1.98	3.95	15.93	3.3	2.2	6.05	3.99	0.47	4.54	1.74	4.77	20.12	5.81	2.56	4.88	8.49	0.17	0.11	0.23	0.92	0.19	0.13	0.35	0.23	0.03	0.26	0.1	0.23	0.27	0.02	0.33	1.54	25.38	0.22	0	66	0.11	0	0	0	0.09	0.13	0.09	0.1	0.02	0.04	0.33	0.09	0.11	2.98	37.23	6.93	0.06	21.9	0.06	0	0.07	0.23	23.5	5.05	7.35	1.1	3.6	0.05	0	1000	0	15.97	0.22	562	167	2	25	0	0	0	78	82	80	79	78	85	80	85	76	85	65	78	85	95	70	85	90	90	90	90	0	30	0	30	67.1	6	2.6	2944	57.94	53.81	50.65	53.81	79	79	79	79	79	79	79	79	79	79	79	79	0.87	0.3	2.44	1.86	0.02	0	0	0	0	0.43	0.77	1.88	0.02	2.06	0.22	0	436	58	0.7	0	0	0	13.3	24.2	58.7	0	250.6	0	930.7	0	0	0.8	0	0	0	0	0	0	0	0	0	78	79	88	85	83	87	78	87	85	79	76	82	82	80	78	79	88	85	83	87	78	87	85	79	76	82	82	80	0.19	0.12	0.24	1.01	0.19	0.14	0.37	0.23	0.03	0.27	0.1	0.28	0.19	0.12	0.24	1.01	0.19	0.14	0.37	0.23	0.03	0.27	0.1	0.28	553
30367	Corn fermentated protein extract. Motiv. Cargill	0.65	92.3	7.7	69.1	3	0.5	6	13.7	2.3	5.4	14.2	9.8	2.1	0	20	4754	4183	4183	4183	4183			4183	4231	4231	4231	4136	4183	4183	4183	3898	15.3	15.9	15.9	15.4			10.2	9.5	9.5	9.5	10.2	9.4	9.4	9.4	2.35	1.43	2.67	10.3	2.95	1.59	4.14	2.29	0.29	3.31	1.2	2.79	3.44	7.58	15.8	4.13	2	3.44	5.9	31.32	35.91	0	3.4	2.07	3.86	14.91	4.27	2.3	5.99	3.31	0.42	4.79	1.74	4.98	22.87	5.98	2.89	4.98	8.54	2.12	1.29	2.4	9.27	2.65	1.43	3.73	2.06	0.26	2.98	0.96	2.39	3.1	0.04	0.7	0.7	11.7	0.46	0	66	0.23	0	0	0	0.19	0.26	0.18	0.22	0.8	0.2	1	0.2	1.1	21	113	0.2	2	76	2	0	0.18	0.2	6.78	0.4	0.25	1.22	0.04	0.05	0	4000	0	14.74	0.2	71	900	20	250	0	0	0	85	90	90	88	76	85	80	85	88	89	87	88	85	95	70	85	90	90	90	90	0	30	0	30	78.5	62.2	2.7	4183	10.79	8.33	7.84	8.33	90	90	90	90	90	90	90	90	90	90	80	90	0.87	0.3	2.44	1.63	0.08	0	0	0	0	0.51	0.73	1.76	0.09	1.81	0.17	0	220	54.3	2.6	0	0	0	17	24.2	58.7	15	494	272	361	0	0	1.7	0	0	0	0	0	0	0	0	0	80	82	82	82	82	82	82	82	82	82	82	82	82	82	80	82	82	82	82	82	82	82	82	82	82	82	82	82	1.93	1.17	2.19	8.45	2.42	1.3	3.39	1.88	0.24	2.71	0.98	2.82	1.93	1.17	2.19	8.45	2.42	1.3	3.39	1.88	0.24	2.71	0.98	2.82	1100
30368	Fermented corn protein concentrate. Green Plains	0.65	91	9	51.7	3.8	7.3	2.9	25.4	43.1	22.8	32.7	1.4	0	8.5	19	4594	3583	3583	3583	3583			2986	3078	3078	3078	2986	3078	3078	3078	3370	11.5	11.6	11.6	11.5			7.7	7.1	7.1	7.1	7.7	7.1	7.1	7.1	2.29	1.4	2.1	5.61	1.81	0.89	2.65	1.92	0.45	2.68	0.88	1.77	2.37	5.02	7.99	3.56	1.86	2.58	3.44	21.8	22.68	0	4.43	2.71	4.06	10.85	3.5	1.72	5.13	3.71	0.87	5.19	1.7	4.59	15.46	6.89	3.6	4.99	6.66	2.13	1.26	1.89	5.27	1.5	0.82	2.46	1.65	0.41	2.39	0.76	1.58	2.2	0.01	0.7	0.35	24.56	0.46	0	66	0.23	0	0	0	0.19	0.26	0.18	0.22	0.06	0.2	0.58	0.18	0.66	8.76	115.35	10.44	2	72.78	2	0	0.18	0.2	6.78	0.4	0.25	1.22	0.04	0.05	0	4000	0	14.74	0.2	71	900	20	250	0	0	0	74	90	90	78	49	85	80	85	65	67	65	67	85	95	70	85	90	90	90	90	0	30	0	30	67.3	46.5	3.4	3583	16.01	1.17	1.1	1.17	93	90	90	94	83	92	93	86	91	89	86	93	0.87	0.3	2.44	2.04	0.1	0	0	0	0	0.64	0.91	2.21	0.11	2.27	0.26	0	47	54.3	2.6	0	0	0	17	24.2	58.7	15	494	272	361	0	0	1.6	0	0	0	0	0	0	0	0	0	80	82	82	82	82	82	82	82	82	82	82	82	82	82	80	82	82	82	82	82	82	82	82	82	82	82	82	82	1.88	1.15	1.72	4.6	1.48	0.73	2.17	1.57	0.37	2.2	0.72	1.94	1.88	1.15	1.72	4.6	1.48	0.73	2.17	1.57	0.37	2.2	0.72	1.94	1100
30369	Corn fermentated protein. NexPRO. POET	0.65	93	7	50.2	4	4.6	2.9	31.3	33	13	35.9	9.8	2.1	0	20	4663	3824	3824	3824	3824			3124	3171	3171	3171	3078	3124	3124	3124	3626	11.4	11.9	11.9	11.5			7.7	7.4	7.4	7.4	7.6	7.3	7.3	7.3	2.37	1.46	2.22	6.65	2.11	1.25	2.82	2.17	0.51	2.95	0.94	2.2	2.01	4.83	7.23	3.47	1.45	2.08	3.36	24.52	20.55	0	4.73	2.9	4.42	13.25	4.2	2.5	5.62	4.32	1.02	5.88	1.88	4	14.4	6.92	2.89	4.15	6.69	2.23	1.31	1.97	6.19	1.79	1.17	2.62	1.82	0.45	2.57	0.76	1.92	1.81	0.01	0.61	0.5	21	0.4	0	66	0.23	0	0	0	0.19	0.26	0.18	0.21	0.29	0.18	0.5	0.15	0.78	6	135	7.6	2	52.05	2	0	0.18	0.2	6.78	0.4	0.25	1.22	0.04	0.05	0	4000	0	14.74	0.2	71	900	13	27.9	0	0	0	81	86	79	82	76	85	80	85	67	68	66	67	85	95	70	85	90	90	90	90	0	30	0	30	75.3	43.2	3.2	3824	27.28	8.33	7.84	8.33	94	90	89	93	85	93	93	84	88	87	80	90	0.87	0.3	2.44	2.17	0.1	0	0	0	0	0.68	0.97	2.34	0.12	2.41	0.17	0	220	54.3	2.6	0	0	0	17	24.2	58.7	15	494	272	361	0	0	1.7	0	0	0	0	0	0	0	0	0	80	82	82	82	82	82	82	82	82	82	82	82	82	82	80	82	96	90	93	95	85	94	95	87	89	90	86	82	1.95	1.19	1.82	5.45	1.73	1.03	2.31	1.78	0.42	2.42	0.77	1.65	2.28	1.31	2.06	6.32	1.79	1.18	2.68	1.89	0.46	2.66	0.81	1.65	1100
30370	Corn gluten meal. 65% CP. I-Soch	0.5	90	10	65	6	1.2	2.1	15.7	4.1	1.6	16.9	7.5	1	2.5	21	4912	4224	4224	4224	4224			4077	4126	4126	4126	4027	4126	4126	4126	3956	15.2	15.6	15.6	15.3			10.4	9.6	9.6	9.6	10.3	9.6	9.6	9.6	2.29	1.54	3.26	13.47	1.14	1.48	3.95	2.16	0.33	3.67	1.17	2.65	4.08	8.03	7.27	4.27	2.19	3.5	6.29	33.28	28.76	0	3.52	2.37	5.02	20.72	1.75	2.27	6.08	3.32	0.5	5.65	1.8	6.27	11.18	6.57	3.37	5.38	9.67	2.06	1.39	2.94	12.12	1.02	1.33	3.56	1.94	0.29	3.31	1.05	2.38	3.67	0.03	0.4	1.42	19.04	0.26	0	66	0.13	0	0	0	0.11	0.15	0.1	0.12	0.08	0.05	0.07	0.05	0.5	13	112	9	2	15	0.06	0	0.17	0.2	60	3	6.5	2	0.4	0.05	0	267	0	19.36	0.2	350	3600	0.16	250	0	0	0	85	90	85	86	68	85	80	85	83	84	82	84	85	95	70	85	90	90	90	90	0	30	0	30	76.5	58.5	5.1	4224	11.49	6.38	6	6.38	90	90	90	90	90	90	90	90	90	90	90	90	0.87	0.3	2.44	3.48	0.04	0	0	0	0	0.8	1.45	3.52	0.05	3.87	0.02	0	520	58	0.7	0	0	0	13.3	24.2	58.7	0	279.7	429.3	1617	0	0	0.9	0	0	0	0	0	0	0	0	0	86	90	89	80	84	88	80	90	85	84	63	80	82	87	86	90	89	80	84	88	80	90	85	84	63	80	82	87	2.04	1.23	2.74	11.85	0.91	1.33	3.36	1.81	0.21	2.94	0.96	3.55	2.04	1.23	2.74	11.85	0.91	1.33	3.36	1.81	0.21	2.94	0.96	3.55	1156
30371	Corn fermented protein w soblubles. Marquis ProCap Gold	0.65	91.4	8.6	49.9	11.2	6.5	4.3	19.5	26.2	8.1	26	9.8	2.1	0	21	4914	4029	4029	4029	4029			3636	3685	3685	3685	3587	3636	3636	3636	3833	13.5	14.1	14.1	13.6			9.6	9.3	9.3	9.3	9.5	9.2	9.2	9.2	2.55	1.43	2.06	5.74	2.09	1.32	2.68	2.12	0.61	2.98	0.95	2.27	1.76	4.44	7.97	3.95	1.96	2.61	3.67	23.58	22.87	0	5.11	2.86	4.12	11.5	4.18	2.65	5.38	4.24	1.23	5.98	1.9	3.52	15.98	7.92	3.93	5.24	7.35	2.4	1.28	1.83	5.34	1.77	1.23	2.5	1.78	0.54	2.6	0.76	1.99	1.58	0.02	0.82	0.5	19	0.54	0	66	0.23	0	0	0	0.19	0.28	0.18	0.22	0.15	0.18	0.71	0.22	0.71	17.9	182.2	12.56	2	130.7	2	0	0.18	0.2	6.78	0.4	0.25	1.22	0.04	0.05	0	4000	0	14.74	0.2	71	900	13	27.9	0	0	0	81	86	79	82	76	85	80	85	74	75	73	74	85	95	70	85	90	90	90	90	0	30	0	30	74	42.9	8.8	4029	19.76	8.33	7.84	8.33	94	90	89	93	85	93	93	84	88	87	80	90	0.01	0.24	3.48	6.72	0.18	0	0	0	0	1.9	3.54	6.57	0.2	7.47	0.17	0	220	60	1.6	0	0	0	17	31.6	58.7	15	494	272	361	0	0	1.7	0	0	0	0	0	0	0	0	0	80	82	82	82	82	82	82	82	82	82	82	82	82	82	80	82	96	90	93	95	85	94	95	87	89	90	86	82	2.09	1.17	1.69	4.71	1.71	1.08	2.2	1.73	0.5	2.45	0.78	1.44	2.45	1.28	1.91	5.45	1.77	1.24	2.55	1.84	0.55	2.69	0.82	1.44	1100
30413	Cottonseed. whole. ADM	0.1	91	9	20.7	18.4	22	3.5	26.4	50	23	48.4	3.5	1	20.9	20	4849	3201	3201	3201	3201			2473	2764	2764	2764	2473	2764	2764	2764	3120	9.7	9.9	9.9	9.7			7.6	8	8	8	7.5	8	8	8	0.9	0.72	0.72	1.32	0.98	0.4	1.16	0.76	0.29	0.99	0.43	0.83	0.65	1.81	4.1	2	0.92	1	0.9	8.24	10	0	4.35	3.48	3.48	6.38	4.73	1.93	5.6	3.67	1.4	4.78	2.08	3.14	19.81	9.66	4.44	4.83	4.35	0.72	0.58	0.58	1.06	0.78	0.32	0.93	0.61	0.23	0.79	0.34	0.66	0.52	0.13	0.51	3.71	14.57	0.36	0	70	0.15	0	0	0	0.13	0.18	0.12	0.14	0.01	0.04	1.06	0.32	0.18	6	46	14	0.1	30	0.06	0	0.5	2	35	10	5	5	5.5	0	25	4567	0	10	0	2500	750	0.2	0	0	0	0	60	85	78	66	44	85	80	85	51	57	51	57	85	95	70	85	90	90	90	90	0	30	0	30	54.6	17.6	14.4	3201	21.3	2.98	2.8	2.98	80	80	80	80	80	80	80	80	80	80	80	80	0.87	0.3	2.44	10.12	0.13	0	0	0	0	2.45	4.45	10.12	0.14	11.24	1.6	0	537	55	0.7	0	0	0	13.3	24.2	55	23	150	57	500	0	1200	1.3	0	0	4100	0	0	0	0	0	0	39	75	75	75	75	75	75	75	75	75	75	75	75	75	39	75	88	82	63	67	58	70	78	64	64	66	75	77	0.68	0.54	0.54	0.99	0.73	0.3	0.87	0.57	0.22	0.74	0.32	0.49	0.79	0.59	0.45	0.88	0.57	0.28	0.9	0.49	0.19	0.65	0.32	0.5	653
30402	Cottonseed hulls	0.1	90.1	9.9	4	2.6	43.5	2.5	37.5	80	63	81	0	1	17	16	3760	1504	1504	1504	1504			414	602	602	602	414	602	602	602	1490	1.5	1.5	1.5	1.5			1.2	1.7	1.7	1.7	1.2	1.7	1.7	1.7	0.12	0.06	0.13	0.2	0.12	0.08	0.22	0.1	0.03	0.12	0.06	0.14	0.18	0.4	0.33	0.79	0.12	0.18	0.15	1.18	1.81	0	3	1.5	3.2	5	3	2	5.5	2.5	0.75	3	1.5	4.5	8.25	19.75	3	4.5	3.75	0.09	0.05	0.1	0.15	0.09	0.06	0.17	0.08	0.02	0.09	0.05	0.11	0.14	0.13	0.1	5.13	3.95	0.07	0	70	0.02	0	0	0	0.02	0.03	0.02	0.02	0.02	0.03	0.65	0.13	0.08	12	90	17	0	40	0.06	0	0.15	2	40	10	10	3.7	8	0	0	4567	0	3	0	400	68	0.2	0	0	0	0	38	75	78	40	35	85	80	85	11	16	11	16	85	95	70	85	90	90	90	90	0	30	0	30	34.2	3	2	1504	28.35	0	0	0	75	75	75	75	75	75	75	75	75	75	75	75	0.47	0.04	0.37	1.34	0.01	0	0	0	0	0.7	0.46	1.34	0.01	1.49	0.04	0	76	51.5	0.2	0	0	0	27.1	17.8	51.7	23	150	57	500	0	430	0.2	0	0	30000	0	0	0	0	0	0	39	75	75	75	75	75	75	75	75	75	75	75	75	75	39	75	75	75	75	75	75	75	75	75	75	75	75	75	0.09	0.05	0.1	0.15	0.09	0.06	0.17	0.08	0.02	0.09	0.05	0.14	0.09	0.05	0.1	0.15	0.09	0.06	0.17	0.08	0.02	0.09	0.05	0.14	653
30403	Cottonseed meal. 22% CP. expeller. with hulls	0.1	89.5	10.5	22.4	5.2	22.6	5.5	33.8	50	23	56.4	3.5	1	28.9	17	4039	2302	2302	2302	2302			1616	1979	1979	1979	1575	1979	1979	1979	2215	6	6.2	6.2	6			4.3	5	5	5	4.3	4.9	4.9	4.9	0.9	0.72	0.72	1.32	0.96	0.4	1.16	0.76	0.29	0.99	0.43	0.83	0.65	1.81	4.05	1.99	0.92	0.99	0.9	8.22	9.93	0	4.02	3.21	3.21	5.89	4.29	1.79	5.18	3.39	1.3	4.42	1.92	2.9	18.08	8.88	4.11	4.42	4.02	0.77	0.61	0.61	1.12	0.82	0.34	0.99	0.65	0.25	0.84	0.37	0.71	0.55	0.19	1.38	3.45	25	0.96	0	70	0.42	0	0	0	0.35	0.5	0.34	0.4	0.02	0.05	1.6	0.67	0.4	15	250	17	0.1	50	0.06	0	0.5	2	35	10	5	5	5.5	0	25	4567	0	8.53	0	2500	737	0.2	0	0	0	0	52	85	78	57	37	85	80	85	40	49	39	49	85	95	70	85	90	90	90	90	0	30	0	30	46.5	19	4.1	2302	20.87	2.98	2.8	2.98	85	85	85	85	85	85	85	85	85	85	85	85	0.25	0.02	0.2	2.68	0.01	0	0	0	0	1.41	0.93	2.69	0.01	2.98	0.08	0	152	51.5	0.2	0	0	0	27.1	17.8	51.7	23	150	57	500	0	1300	2.7	0	0	4100	0	0	0	0	0	0	55	85	85	85	85	85	85	85	85	85	85	85	85	85	55	85	88	82	63	67	58	70	78	64	64	66	75	77	0.77	0.61	0.61	1.12	0.82	0.34	0.99	0.65	0.25	0.84	0.37	0.55	0.79	0.59	0.45	0.88	0.56	0.28	0.9	0.49	0.19	0.65	0.32	0.5	653
30404	Cottonseed meal. 36% CP. expeller	0.1	88	12	36.3	7.4	12.5	5.7	26.1	33.5	23.3	38.6	3	5	7.3	18	4304	3013	3013	3013	3013			2583	2669	2669	2669	2540	2669	2669	2669	2872	9.4	9.8	9.8	9.5			6.7	6.6	6.6	6.6	6.7	6.6	6.6	6.6	3.94	0.9	1.16	2.07	1.4	0.41	1.88	1.14	0.39	1.51	0.7	1.11	0.95	2.83	6.57	3.23	1.49	1.6	1.45	14.8	15.99	0	10.85	2.48	3.2	5.7	3.86	1.13	5.18	3.14	1.07	4.16	1.93	2.62	18.1	8.9	4.11	4.41	3.99	3.35	0.76	0.99	1.76	1.19	0.35	1.6	0.97	0.33	1.28	0.59	0.94	0.81	0.21	1.43	3.68	25	1	0	70	0.42	0	0	0	0.35	0.51	0.34	0.4	0.09	0.05	1.6	0.52	0.42	11.6	157.9	17.8	0.11	44.9	0.06	0	0.53	1.65	38	10	5.3	5.1	6.4	0	25	4567	0	11.91	0	2753	566	0.2	0	0	0	0	65	85	78	70	47	85	80	85	60	62	59	62	85	95	70	85	90	90	90	90	0	30	0	30	57.2	30.9	5.8	3013	18.14	2.55	2.4	2.55	85	85	85	85	85	85	85	85	85	85	85	85	0.25	0.02	0.2	4.24	0.01	0	0	0	0	2.01	1.32	3.83	0.02	4.71	0.12	0	216	57.3	0.2	0	0	0	27.1	17.8	51.7	23	150	57	500	0	1080	2.1	0	0	4100	0	0	0	0	0	0	63	85	85	85	85	85	85	85	85	85	85	85	85	85	63	85	89	75	71	74	62	73	81	69	68	73	75	77	3.35	0.76	0.99	1.76	1.19	0.35	1.6	0.97	0.33	1.28	0.59	0.81	3.51	0.67	0.82	1.53	0.87	0.3	1.52	0.79	0.27	1.1	0.52	0.73	653
30405	Cottonseed meal. 41% CP. expeller	0.1	91.7	8.3	41.1	4.8	12.5	6.2	27.2	26.3	18.8	39.7	2	4	14.9	18	4371	2885	2885	2885	2885			2535	2710	2710	2710	2535	2710	2710	2710	2725	9.3	9.6	9.6	9.5			6.5	6.5	6.5	6.5	6.5	6.4	6.4	6.4	4.25	1.05	1.38	2.44	1.56	0.57	2.18	1.32	0.52	1.92	0.66	1.23	1.05	3.23	7.44	3.66	1.69	1.81	1.64	17.19	17.95	0	10.34	2.56	3.36	5.94	3.8	1.39	5.3	3.21	1.26	4.67	1.61	2.56	18.1	8.9	4.11	4.4	3.99	3.61	0.89	1.17	2.07	1.33	0.48	1.85	1.12	0.44	1.63	0.56	1.05	0.89	0.17	1.1	2.74	17.74	0.77	0	70	0.32	0	0	0	0.27	0.39	0.26	0.31	0.13	0.03	1.6	0.48	0.4	11	204	18	0.11	62	0.05	0	0.91	2.45	35.2	10.2	5.01	5.2	6.5	0	25	4567	0	24.12	0	2755	751	0	0	0	0	0	61	85	78	66	36	85	80	85	58	62	58	62	85	95	70	85	90	90	90	90	0	30	0	30	55.9	34.9	3.7	2885	14.27	1.7	1.6	1.7	85	85	85	85	85	85	85	85	85	85	85	85	0.25	0.02	0.2	1.14	0.01	0	0	0	0	1.29	0.85	2.46	0.01	1.27	0.08	0	139	24	0.2	0	0	0	27.1	17.8	51.7	23	150	57	500	0	1200	2.7	0	0	4100	0	0	0	0	0	0	67	85	85	85	85	85	85	85	85	85	85	85	85	85	67	85	91	80	77	78	68	74	85	76	79	79	75	77	3.61	0.89	1.17	2.07	1.33	0.48	1.85	1.12	0.44	1.63	0.56	0.89	3.87	0.84	1.06	1.9	1.06	0.42	1.85	1	0.41	1.52	0.5	0.81	653
30406	Cottonseed meal. 30% CP	0.1	89.4	10.6	32.6	2.2	19.9	5.8	28.9	42.3	31.1	48.8	3.5	4	10.2	17	4027	2577	2577	2577	2577			1973	2134	2134	2134	1973	2134	2134	2134	2450	7.1	7.5	7.5	7.2			4.9	4.9	4.9	4.9	4.8	4.9	4.9	4.9	3.84	0.96	1.05	1.96	1.45	0.51	1.81	1.06	0.48	1.47	1.22	1.73	1.04	2.85	3.78	1.98	1.5	1.35	1.45	14.59	12.32	0	11.78	2.95	3.22	6.01	4.45	1.56	5.55	3.25	1.47	4.51	3.74	3.19	11.6	6.07	4.6	4.14	4.45	3.13	0.78	0.86	1.6	1.18	0.42	1.48	0.87	0.39	1.2	1	1.41	0.85	0.23	1.21	4	21	0.85	0	70	0.35	0	0	0	0.29	0.42	0.28	0.34	0.08	0.05	1.6	0.46	0.4	9.35	53.45	15.1	3.3	23.9	0.06	0	0.3	2.51	40	12	5.1	5.5	7	0	25	4567	0	11.17	0	2933	655	0.2	0	0	0	0	60	85	78	64	43	85	80	85	49	53	49	53	85	95	70	85	90	90	90	90	0	30	0	30	53.6	27.7	1.7	2577	20.99	2.98	2.8	2.98	82	82	82	82	82	82	82	82	82	82	82	82	0.25	0.02	0.2	0.84	0	0	0	0	0	0.6	0.39	1.14	0	0.93	0.03	0	64	38	0.2	0	0	0	27.1	17.8	51.7	23	150	57	500	0	1150	2.4	0	0	4100	0	0	0	0	0	0	58	82	82	82	82	82	82	82	82	82	82	82	82	82	58	82	88	82	63	67	58	70	78	64	64	66	75	77	3.15	0.79	0.86	1.61	1.19	0.42	1.48	0.87	0.39	1.21	1	0.85	3.38	0.79	0.66	1.31	0.84	0.36	1.41	0.68	0.31	0.97	0.91	0.8	653
30407	Cottonseed meal. 41% CP. solvent	0.1	90.1	9.9	41.6	1.5	12.5	6.5	28	23.9	17.5	40.5	2	3.2	17.8	17	4132	2603	2603	2603	2603			2273	2521	2521	2521	2273	2521	2521	2521	2441	8.4	8.7	8.7	8.5			5.6	5.7	5.7	5.7	5.6	5.6	5.6	5.6	4.63	1.13	1.37	2.37	1.71	0.56	2.15	1.34	0.5	1.83	0.75	1.31	1.09	3.24	7.74	2.73	1.64	1.57	1.53	17.59	17.05	0	11.13	2.72	3.29	5.7	4.11	1.35	5.17	3.22	1.2	4.4	1.8	2.62	18.61	6.56	3.94	3.77	3.68	3.64	0.89	1.08	1.86	1.34	0.44	1.69	1.05	0.39	1.44	0.59	1.03	0.86	0.28	1.06	4.31	16.33	0.74	0	70	0.31	0	0	0	0.26	0.37	0.25	0.3	0.08	0.04	1.6	0.48	0.38	13.39	170.98	20.4	1.17	59.04	0.06	0	0.64	2.11	41.29	12.85	6.74	4.33	6.8	0	0	4567	0	11.54	0	2849	723	0.2	0	0	0	0	58	85	78	63	31	85	80	85	55	61	55	61	85	95	70	85	90	90	90	90	0	30	0	30	52.3	35.4	1.2	2603	12.56	1.7	1.6	1.7	79	79	79	79	79	79	79	79	79	79	79	79	0.25	0.02	0.2	0.98	0	0	0	0	0	0.41	0.27	0.78	0	1.08	0.02	0	44	65	0.2	0	0	0	27.1	17.8	51.7	23	150	57	500	0	661.1	2.6	0	0	4100	0	0	0	0	0	0	59	79	79	79	79	79	79	79	79	79	79	79	79	79	59	79	91	80	77	78	68	74	85	76	79	79	75	77	3.66	0.89	1.08	1.87	1.35	0.44	1.7	1.06	0.4	1.45	0.59	0.86	4.21	0.9	1.05	1.85	1.16	0.41	1.83	1.02	0.4	1.45	0.56	0.84	653
30408	Cottonseed meal. 47% CP. solvent extracted	0.1	91.4	8.7	47.9	1.7	10.5	6.6	24.7	23.7	15	35.1	2	4.6	13.5	18	4288	2959	2959	2959	2959			2658	2830	2830	2830	2658	2830	2830	2830	2772	9.7	10	10	9.8			6.5	6.4	6.4	6.4	6.5	6.3	6.3	6.3	5.14	1.25	0.81	2.44	1.92	0.71	2.55	1.55	0.6	2.07	0.9	1.61	1.14	3.69	8.72	4.36	2.01	2.01	1.87	19.04	21.01	0	10.73	2.61	1.69	5.09	4.01	1.48	5.32	3.24	1.25	4.32	1.88	2.38	18.2	9.1	4.2	4.2	3.9	4.37	1.06	0.69	2.07	1.63	0.6	2.17	1.32	0.51	1.76	0.77	1.37	0.97	0.25	1.3	3.77	19.6	0.91	0	70	0.38	0	0	0	0.32	0.46	0.3	0.36	0.06	0.06	1.6	0.4	0.56	14	263	18.7	0.25	55.5	0.05	0	0.3	2.51	40	12	5.1	5.5	7	0	25	4567	0	11.17	0	2933	887	0.2	0	0	0	0	65	85	78	69	39	85	80	85	62	66	62	66	85	95	70	85	90	90	90	90	0	30	0	30	59.4	40.7	1.3	2959	13.7	1.7	1.6	1.7	85	85	85	85	85	85	85	85	85	85	85	85	0.25	0.02	0.2	0.97	0	0	0	0	0	0.46	0.3	0.88	0	1.08	0.02	0	50	57.3	0.2	0	0	0	27.1	17.8	51.7	23	150	57	500	0	601	3.2	0	0	4100	0	0	0	0	0	0	69	85	85	85	85	85	85	85	85	85	85	85	85	85	69	85	91	80	77	78	68	74	85	76	79	79	75	77	4.37	1.06	0.69	2.07	1.63	0.6	2.17	1.32	0.51	1.76	0.77	0.97	4.68	1	0.62	1.9	1.31	0.53	2.17	1.18	0.47	1.64	0.68	0.88	653
30409	Cottonseed protein concentrate. dephenolized	0.1	92	8	51.1	1	6.9	5.7	27.3	20	13.7	34.2	2	5	13.5	18	4364	3055	3055	3055	3055			2793	2968	2968	2968	2749	2924	2924	2924	2856	10.1	10.4	10.4	10.3			6.7	6.6	6.6	6.6	6.7	6.5	6.5	6.5	6.08	1.58	1.72	3.13	2.26	0.86	2.94	1.6	0	2.48	1.04	1.9	1.42	4.36	9.3	4.65	2.15	2.15	1.99	22.65	22.7	0	11.9	3.09	3.37	6.13	4.42	1.68	5.75	3.13	0	4.85	2.04	2.78	18.2	9.1	4.21	4.21	3.89	5.17	1.34	1.46	2.66	1.92	0.73	2.5	1.36	0	2.11	0.88	1.61	1.21	0.29	0.89	5.08	15.61	0.62	0	70	0.26	0	0	0	0.22	0.31	0.21	0.25	0.04	0.03	1.6	0.33	0.34	9	183	15	0	23.9	0.05	0	0.3	2	40	13	5	4	7.5	0	0	4567	0	11.17	0	2700	607	0.2	0	0	0	0	65	85	85	70	37	85	80	85	64	68	63	67	85	95	70	85	90	90	90	90	0	30	0	30	59.8	43.4	0.9	3055	12.65	1.7	1.6	1.7	85	85	85	85	85	85	85	85	85	85	85	85	0.25	0.02	0.2	0.52	0	0	0	0	0	0.27	0.18	0.52	0	0.57	0.01	0	29	51.5	0.2	0	0	0	27.1	17.8	51.7	23	150	57	500	0	200	2.2	0	0	4100	0	0	0	0	0	0	72	85	85	85	85	85	85	85	85	85	85	85	85	85	72	85	91	80	77	78	68	74	85	76	79	79	75	77	5.17	1.34	1.46	2.66	1.92	0.73	2.5	1.36	0	2.11	0.88	1.21	5.53	1.26	1.32	2.44	1.54	0.64	2.5	1.22	0	1.96	0.78	1.09	1010
30410	Cottonseed meal. degossypoled	0.1	94.5	5.5	53	1.6	0	7	32.9	23.7	15	32.9	1.5	4.6	11.8	19	4474	3221	3221	3221	3221			2908	3042	3042	3042	2863	3042	3042	3042	3015	10.6	10.9	10.9	10.8			7.1	6.8	6.8	6.8	7.1	6.8	6.8	6.8	5.88	1.54	1.7	3.13	2.23	0.74	2.7	1.75	0.58	2.23	0.85	1.59	1.54	4.24	9.65	4.82	2.23	2.23	2.07	22.48	23.39	0	11.09	2.91	3.21	5.91	4.21	1.4	5.09	3.3	1.09	4.21	1.6	2.91	18.21	9.09	4.21	4.21	3.91	5	1.31	1.45	2.66	1.9	0.63	2.29	1.49	0.49	1.9	0.72	1.35	1.31	0.2	1.24	2.84	17.66	0.87	0	70	0.37	0	0	0	0.31	0.44	0.3	0.35	0.03	0.05	1.6	0.63	0.4	17	250	14	1	66	0.05	0	0.55	2.55	40.9	13.7	5.41	4.7	7.32	0	0	4567	0	10.87	0	2782	846	0.2	0	0	0	0	67	85	85	72	41	85	80	85	65	68	64	68	85	95	70	85	90	90	90	90	0	30	0	30	63.3	45.1	1.4	3221	13.48	1.28	1.2	1.28	85	85	85	85	85	85	85	85	85	85	85	85	0.25	0.02	0.2	0.82	0	0	0	0	0	0.43	0.28	0.82	0	0.91	0.02	0	46	51.5	0.2	0	0	0	27.1	17.8	51.7	23	150	57	500	0	60.1	3.1	0	0	4100	0	0	0	0	0	0	68	85	85	85	85	85	85	85	85	85	85	85	85	85	68	85	91	80	77	78	68	74	85	76	79	79	75	77	5	1.31	1.45	2.66	1.9	0.63	2.29	1.49	0.49	1.9	0.72	1.31	5.35	1.23	1.31	2.44	1.52	0.55	2.29	1.33	0.46	1.76	0.64	1.19	650
30411	Cottonseed. meal. 28% CP. Brazil	0.1	90	10	28	0.5	23	3	35.5	54.2	38.5	58.5	1.3	3	15.7	17	4003	2242	2242	2242	2242			1481	1681	1681	1681	1481	1681	1681	1681	2137	5.4	5.6	5.6	5.5			3.6	3.8	3.8	3.8	3.6	3.7	3.7	3.7	3.11	0.81	0.9	1.65	1.18	0.39	1.43	0.92	0.31	1.18	0.45	0.84	0.81	2.24	5.1	2.55	1.18	1.18	1.09	11.88	12.36	0	11.11	2.89	3.21	5.89	4.21	1.39	5.11	3.29	1.11	4.21	1.61	2.89	18.21	9.11	4.21	4.21	3.89	2.54	0.66	0.73	1.35	0.96	0.32	1.17	0.75	0.25	0.96	0.37	0.69	0.66	0.14	0.96	4.66	32	0.67	0	70	0.28	0	0	0	0.24	0.34	0.22	0.27	0.05	0.05	1.2	0.3	0.2	9.35	53.45	15.1	3.3	23.9	0.06	0	0.3	2.51	40	12	5.1	5.5	7	0	25	4567	0	11.17	0	2933	655	0.2	0	0	0	0	52	82	80	56	38	85	80	85	37	42	37	42	85	95	70	85	90	90	90	90	0	30	0	30	46.8	23	0.4	2242	22.23	1.11	1.04	1.11	82	82	82	82	82	82	82	82	82	82	82	82	0.25	0.02	0.2	0.26	0	0	0	0	0	0.14	0.09	0.26	0	0.29	0	0	15	51.5	0.2	0	0	0	27.1	17.8	51.7	23	150	57	500	0	1200	2.4	0	0	4100	0	0	0	0	0	0	58	82	82	82	82	82	82	82	82	82	82	82	82	82	58	82	88	82	63	67	58	70	78	64	64	66	75	77	2.55	0.66	0.74	1.35	0.97	0.32	1.17	0.75	0.25	0.97	0.37	0.66	2.74	0.66	0.57	1.11	0.68	0.27	1.12	0.59	0.2	0.78	0.34	0.62	650
30412	Cottonseed meal. 38% CP. Brazil	0.1	88	12	38	0.5	17	7	25.5	6.9	2	42.5	3.2	4	33.3	16	3917	2194	2194	2194	2194			2115	2546	2546	2546	2115	2507	2507	2507	2045	7.6	7.9	7.9	7.7			5	5.7	5.7	5.7	5	5.6	5.6	5.6	4.22	1.1	1.22	2.24	1.6	0.53	1.94	1.25	0.42	1.6	0.61	1.14	1.1	3.04	6.92	3.46	1.6	1.6	1.48	16.12	16.77	0	11.11	2.9	3.21	5.9	4.21	1.4	5.11	3.29	1.11	4.21	1.61	2.9	18.21	9.11	4.21	4.21	3.9	3.59	0.94	1.04	1.9	1.36	0.45	1.65	1.06	0.36	1.36	0.52	0.97	0.94	0.17	1.1	2.42	15.71	0.77	0	70	0.32	0	0	0	0.27	0.39	0.26	0.31	0.02	0.05	1.6	0.48	0.35	10.5	157.9	14.3	0.58	56.7	0.06	0	0.91	2.45	35.2	10.2	5.01	5.2	7.07	0	25	4567	0	24.12	0	2755	750	0.2	0	0	0	0	51	85	80	56	20	85	80	85	54	65	54	64	85	95	70	85	90	90	90	90	0	30	0	30	44.9	32.3	0.4	2194	8.5	2.72	2.56	2.72	85	85	85	85	85	85	85	85	85	85	85	85	0.25	0.02	0.2	0.26	0	0	0	0	0	0.14	0.09	0.26	0	0.29	0	0	15	51.5	0.2	0	0	0	27.1	17.8	51.7	23	150	57	500	0	1200	2.7	0	0	4100	0	0	0	0	0	0	67	85	85	85	85	85	85	85	85	85	85	85	85	85	67	85	89	75	71	74	62	73	81	69	68	73	75	77	3.59	0.94	1.04	1.9	1.36	0.45	1.65	1.06	0.36	1.36	0.52	0.94	3.76	0.83	0.87	1.66	0.99	0.39	1.57	0.86	0.29	1.17	0.46	0.85	650
30505	Distillers dried grains with solubles. DDGS	0.2	90.3	9.7	27.3	8.6	8	5.6	40.8	44	18	48.9	3.9	1	26	18	4321	2636	2636	2636	2636			2031	2377	2377	2377	2031	2377	2377	2377	2536	7.7	8	8	7.8			5.7	6.2	6.2	6.2	5.6	6.2	6.2	6.2	1.21	0.74	1.2	2.24	0.76	0.66	1.33	0.98	0.42	1.36	0.54	1.2	1.06	2.39	4.34	1.86	1.09	1.28	1.94	10.9	12.11	0	4.43	2.71	4.4	8.21	2.78	2.42	4.87	3.59	1.54	4.98	1.98	3.88	15.9	6.81	3.99	4.69	7.11	0.97	0.59	0.96	1.79	0.61	0.53	1.06	0.78	0.34	1.09	0.43	0.96	0.85	0.11	0.75	1.98	13.51	0.32	0	43	0.42	0	0	0	0.35	0.41	0.34	0.37	0.12	0.15	1.1	0.36	0.53	42.53	168.29	20.57	0.39	55.96	0.06	0.07	0.54	0.89	74.72	12.45	3.64	9.31	3.15	1.51	0	1000	0	30.57	0	2594	314	3.5	45	0	0	0	56	80	81	61	39	85	80	85	47	55	47	55	85	95	70	85	90	90	90	90	0	30	0	30	50.5	21.8	6.9	2636	19.06	3.29	3.1	3.29	80	80	80	80	80	80	80	80	80	80	80	80	0.87	0.3	2.44	4.96	0.06	0	0	0	0	1.14	2.07	5.02	0.07	5.51	0.14	0	626	58	0.7	0	0	0	13.3	24.2	58.7	5.7	1493.7	220.4	903.5	0	0	1.2	0	0	2400	0	0	0	0	0	0	57	80	81	77	75	83	62	82	81	71	70	75	74	81	57	80	81	77	75	83	62	82	81	71	70	75	74	81	0.98	0.57	0.9	1.86	0.47	0.54	1.08	0.7	0.29	1.02	0.4	0.86	0.98	0.57	0.9	1.86	0.47	0.54	1.08	0.7	0.29	1.02	0.4	0.86	667
30506	Distillers dried grains with solubles. DDGS. corn. low oil	0.2	88	12	29	7	7	5.5	39.5	39.2	14.2	46.5	5.6	1.7	25	17	4178	2716	2716	2716	2716			2214	2507	2507	2507	2172	2507	2507	2507	2601	8.1	8.5	8.5	8.2			5.8	6.4	6.4	6.4	5.8	6.3	6.3	6.3	1.29	0.74	0.97	2.96	0.94	0.57	1.06	1.6	0.21	1.48	0.63	1.2	1.13	2.19	4.61	1.97	1.16	1.36	2.06	11.82	12.92	0	4.45	2.55	3.35	10.21	3.24	1.97	3.66	5.52	0.72	5.1	2.17	3.9	15.9	6.79	4	4.69	7.1	1.03	0.59	0.78	2.37	0.75	0.46	0.85	1.28	0.17	1.18	0.5	0.96	0.9	0.04	0.76	0.72	13.81	0.33	0	43	0.43	0	0	0	0.36	0.41	0.34	0.38	0.12	0.24	1.1	0.33	0.38	6	123	21	0.35	62	0.06	0	0.3	0.91	73.4	14	4.74	9.1	3.01	0	0	934	56	35	0	2581	318	0.56	10	0	0	0	60	86	82	65	42	85	80	85	53	60	52	60	85	95	70	85	90	90	90	90	0	30	0	30	52.8	24.9	5.7	2716	19.53	4.76	4.48	4.76	80	80	80	80	80	80	80	80	80	80	80	80	1.32	0.2	2.54	4.06	0.05	0	0	0	0	0.93	1.69	4.11	0.05	4.51	0.11	0	513	58	0.7	0	0	0	13.3	24.2	58.7	5.7	1493.7	220.4	903.5	0	0	1.2	0	0	2400	0	0	0	0	0	0	59	80	81	77	75	83	62	82	81	71	70	75	74	81	59	80	81	77	75	83	62	82	81	71	70	75	74	81	1.04	0.57	0.73	2.46	0.58	0.47	0.86	1.14	0.15	1.11	0.47	0.92	1.04	0.57	0.73	2.46	0.58	0.47	0.86	1.14	0.15	1.11	0.47	0.92	667
30507	Distillers dried grains with solubles. DDGS. high protein	0.2	98	2	50.9	2.9	3	3.9	37.3	28.8	12.7	40.3	9.9	1.6	16.1	20	4778	3297	3297	3297	3297			2914	3153	3153	3153	2867	3106	3106	3106	3110	10.5	11	11	10.6			7.1	7.3	7.3	7.3	7	7.2	7.2	7.2	2.46	1.56	2.13	5.23	2.43	0.98	2.41	2.06	0.39	3.07	0.83	1.81	2.16	4.57	6.75	3.86	2.25	2.09	2.89	22.72	20.83	0	4.83	3.07	4.18	10.28	4.77	1.93	4.74	4.05	0.77	6.03	1.63	4.24	13.26	7.58	4.42	4.11	5.68	1.97	1.25	1.7	4.18	1.94	0.78	1.93	1.65	0.31	2.46	0.66	1.45	1.73	0.08	1.15	2	29.33	0.49	0	43	0.65	0	0	0	0.55	0.63	0.52	0.57	0.15	0.3	1	0.26	0.38	8	173	13	0.35	87	0.05	0.07	0.7	1	40	13	5	9	5	1.51	0	3100	0	29.78	0	2600	482	1.86	30	0	0	0	66	80	81	69	49	85	80	85	61	66	60	65	85	95	70	85	90	90	90	90	0	30	0	30	64.7	40.7	2.4	3297	19.73	8.39	7.9	8.39	80	80	80	80	80	80	80	80	80	80	80	80	0.87	0.3	2.44	1.69	0.02	0	0	0	0	0.39	0.7	1.71	0.02	1.88	0.04	0	213	58	0.7	0	0	0	13.3	24.2	58.7	5.7	1493.7	220.4	903.5	0	0	1.8	0	0	2400	0	0	0	0	0	0	66	80	83	81	81	91	64	88	87	77	81	80	82	88	66	80	83	81	81	91	64	88	87	77	81	80	82	88	2.04	1.26	1.73	4.76	1.56	0.86	2.1	1.59	0.32	2.46	0.68	1.9	2.04	1.26	1.73	4.76	1.56	0.86	2.1	1.59	0.32	2.46	0.68	1.9	667
30508	Distillers dried grains. corn	0.2	92	8	27	9	13	2.2	40.8	34.2	13.6	53.8	6	1.7	32.5	19	4548	2729	2729	2729	2729			2274	2683	2683	2683	2229	2638	2638	2638	2622	8.4	8.7	8.7	8.4			6.1	7	7	7	6.1	6.9	6.9	6.9	1	0.6	0.93	2.6	0.9	0.45	0.6	0.3	0.21	1.2	0.32	0.77	1.05	1.65	4.29	1.84	1.08	1.27	1.92	8.79	11.77	0	3.7	2.22	3.44	9.63	3.33	1.67	2.22	1.11	0.78	4.44	1.19	3.89	15.89	6.82	4	4.7	7.11	0.8	0.48	0.74	2.08	0.72	0.36	0.48	0.24	0.17	0.96	0.26	0.62	0.84	0.03	0.62	1.36	28	0.26	0	43	0.35	0	0	0	0.29	0.34	0.28	0.31	0.1	0.24	0.7	0.1	0.38	6	123	21	0.38	62	0.05	0.01	0.41	1	38.3	11.3	4.22	5	1.77	0.25	0	8300	0	35	0	2600	327	2	30	0	0	0	54	86	81	60	34	85	80	85	50	59	49	58	85	95	70	85	90	90	90	90	0	30	0	30	49.7	23.2	7.3	2729	18.29	5.1	4.8	5.1	80	80	80	80	80	80	80	80	80	80	80	80	0.79	0.2	1.52	5.22	0.06	0	0	0	0	1.2	2.18	5.28	0.07	5.8	0.15	0	659	58	0.7	0	0	0	13.3	24.2	58.7	5.7	1493.7	220.4	903.5	0	0	1.2	0	0	3400	0	0	0	0	0	0	64	80	80	80	80	80	80	80	80	80	80	80	80	80	64	80	84	78	79	86	58	86	85	73	77	80	66	80	0.8	0.48	0.74	2.08	0.72	0.36	0.48	0.24	0.17	0.96	0.26	0.84	0.84	0.47	0.73	2.24	0.52	0.39	0.51	0.22	0.16	0.96	0.21	0.84	667
30509	Distillers dried grains. high protein	0.2	92.2	7.8	38	7.6	5.3	3.8	37.6	29	12.8	42.8	6	2	22	19	4591	3030	3030	3030	3030			2617	2938	2938	2938	2617	2893	2893	2893	2886	9.7	10.1	10.1	9.8			6.9	7.3	7.3	7.3	6.9	7.2	7.2	7.2	1.27	1.03	1.03	3.15	0.96	1.09	2.3	1.36	1.73	2.03	1.24	2.33	2.99	5.29	6.04	2.58	1.52	1.79	2.7	15.95	18.86	0	3.34	2.71	2.71	8.29	2.53	2.87	6.05	3.58	4.55	5.34	3.26	7.87	15.9	6.79	4	4.71	7.11	1.05	0.86	0.86	2.62	0.8	0.91	1.91	1.13	1.44	1.69	1.03	1.93	2.48	0.06	0.78	1.5	20.52	0.34	0	43	0.44	0	0	0	0.37	0.42	0.35	0.39	0.16	0.3	1	0.11	0.71	36	38	4.9	0.35	11	0.05	0.01	0.5	1	40	11	8	5	3	0.25	0	2700	0	22.71	0	2600	327	2	40	0	0	0	61	83	81	66	39	85	80	85	57	64	57	63	85	95	70	85	90	90	90	90	0	30	0	30	56.2	31.5	6.2	3030	16.7	5.1	4.8	5.1	83	83	83	83	83	83	83	83	83	83	83	83	0.87	0.3	2.44	4.41	0.05	0	0	0	0	1.01	1.84	4.46	0.06	4.9	0.12	0	557	58	0.7	0	0	0	13.3	24.2	58.7	5.7	1493.7	220.4	903.5	0	0	1.2	0	0	3400	0	0	0	0	0	0	67	83	83	83	83	83	83	83	83	83	83	83	83	83	67	83	83	83	83	83	83	83	83	83	83	83	83	83	1.05	0.86	0.86	2.61	0.8	0.9	1.91	1.13	1.44	1.68	1.03	2.48	1.05	0.86	0.86	2.61	0.8	0.9	1.91	1.13	1.44	1.68	1.03	2.48	667
30510	Distillers grains. corn. wet. WDGS	0.2	41.6	58.4	12	3.1	5	2.6	18.9	11	7.7	23.9	6	1.6	8.6	8	1934	1218	1218	1218	1218			1063	1199	1199	1199	1025	1160	1160	1160	1172	3.6	4	4	3.7			2.6	3	3	3	2.6	3	3	3	0.41	0.29	0.42	1.44	0.31	0.23	0.55	0.38	0.06	0.53	0.24	0.47	0.49	1.04	1.99	0.78	0.42	0.52	0.89	4.62	5.33	0	3.42	2.42	3.5	12	2.58	1.92	4.58	3.17	0.5	4.42	2	4.08	16.58	6.5	3.5	4.33	7.42	0.34	0.24	0.35	1.21	0.26	0.19	0.46	0.32	0.05	0.45	0.2	0.39	0.41	0.02	0.7	0.76	26.5	0.3	0	43	0.4	0	0	0	0.34	0.38	0.32	0.35	0.13	0.24	1	0.11	0.3	3	53	6	0	39	0.12	0.01	0.5	1	40	11	8	5	1.5	0.25	0	2700	0	22.71	0	2600	344	2	20	0	0	0	58	84	81	63	43	85	80	85	55	62	53	60	85	95	70	85	90	90	90	90	0	30	0	30	24.1	10.1	2.5	1218	10.29	5.1	4.8	5.1	84	84	84	84	84	84	84	84	84	84	84	84	0.87	0.3	2.44	1.77	0.02	0	0	0	0	0.41	0.74	1.79	0.02	1.97	0.05	0	223	58	0.7	0	0	0	13.3	24.2	58.7	5.7	1493.7	220.4	903.5	0	0	1.3	0	0	2400	0	0	0	0	0	0	69	84	84	84	84	84	84	84	84	84	84	84	84	84	69	84	84	84	84	84	84	84	84	84	84	84	84	84	0.34	0.24	0.35	1.21	0.26	0.19	0.46	0.32	0.05	0.45	0.2	0.41	0.34	0.24	0.35	1.21	0.26	0.19	0.46	0.32	0.05	0.45	0.2	0.41	667
30511	Distiller's grains. dried. high protein	0.2	91.7	8.3	35.4	5.6	8.5	5	37.2	34	14.5	45.7	8.8	2.9	19.5	18	4371	2885	2885	2885	2885			2448	2710	2710	2710	2361	2667	2667	2667	2755	8.6	9.2	9.2	8.8			6.1	6.6	6.6	6.6	6	6.5	6.5	6.5	1.42	0.74	1.24	2.34	0.81	0.53	1.59	1.06	0.35	1.52	0.67	1.2	1.03	2.62	9.13	1.73	1.42	1.56	1.35	11.6	16.89	0	4.01	2.09	3.5	6.61	2.29	1.5	4.49	2.99	0.99	4.29	1.89	2.91	25.79	4.89	4.01	4.41	3.81	1.14	0.59	0.99	1.87	0.65	0.42	1.27	0.85	0.28	1.22	0.54	0.96	0.82	0.21	0.91	4.2	18.2	0.39	0	43	0.51	0	0	0	0.43	0.49	0.41	0.45	0.49	0.11	1	0.37	0.6	10	140	87	0.35	130	0.05	0.01	0.5	1	40	11	8	9	5	0.25	0	2700	0	22.71	0	2600	381	2	3	0	0	0	62	80	81	66	47	85	80	85	56	62	54	61	85	95	70	85	90	90	90	90	0	30	0	30	56.8	28.3	4.5	2885	21.47	7.47	7.03	7.47	80	80	80	80	80	80	80	80	80	80	80	80	0.87	0.3	2.44	3.22	0.04	0	0	0	0	0.74	1.35	3.26	0.04	3.58	0.09	0	407	58	0.7	0	0	0	13.3	24.2	58.7	5.7	1493.7	220.4	903.5	0	0	1.4	0	0	2400	0	0	0	0	0	0	62	80	80	80	80	80	80	80	80	80	80	80	80	80	62	80	84	78	79	86	58	86	85	73	77	80	66	80	1.14	0.59	0.99	1.87	0.65	0.42	1.27	0.85	0.28	1.22	0.54	0.82	1.19	0.58	0.98	2.01	0.47	0.46	1.35	0.77	0.27	1.22	0.44	0.82	667
30512	Distiller's grains. dried	0.2	89.3	10.8	16.4	3.8	6.5	6.5	56.1	9.3	3.1	62.6	6	3	50.6	16	3822	1452	1452	1452	1452			1338	1987	1987	1987	1299	1949	1949	1949	1392	4.6	5	5	4.7			3.4	5	5	5	3.3	4.9	4.9	4.9	0.66	0.34	0.57	1.08	0.38	0.25	0.74	0.49	0.16	0.71	0.31	0.56	0.48	1.22	4.23	0.8	0.66	0.72	0.62	5.38	7.82	0	4.02	2.07	3.48	6.59	2.32	1.52	4.51	2.99	0.98	4.33	1.89	2.93	25.79	4.88	4.02	4.39	3.78	0.53	0.27	0.46	0.86	0.3	0.2	0.59	0.39	0.13	0.57	0.25	0.45	0.38	0.98	0.76	15.19	11.78	0.33	0	43	0.43	0	0	0	0.36	0.41	0.34	0.38	0.17	0.34	1	0.12	0.9	60	114.1	74	0.35	100	0.06	0.01	0.5	1	40	11	8	5	5	0.25	0	2700	0	22.71	0	2600	318	2	3	0	0	0	34	80	81	38	17	85	80	85	35	52	34	51	85	95	70	85	90	90	90	90	0	30	0	30	30.3	13.1	3.1	1452	10.64	5.1	4.8	5.1	80	80	80	80	80	80	80	80	80	80	80	80	0.87	0.3	2.44	2.2	0.03	0	0	0	0	0.51	0.92	2.23	0.03	2.45	0.06	0	278	58	0.7	0	0	0	13.3	24.2	58.7	5.7	1493.7	220.4	903.5	0	0	1.2	0	0	2400	0	0	0	0	0	0	76	80	80	80	80	80	80	80	80	80	80	80	80	80	76	80	84	78	79	86	58	86	85	73	77	80	66	80	0.53	0.27	0.46	0.86	0.3	0.2	0.59	0.39	0.13	0.57	0.25	0.38	0.55	0.27	0.45	0.93	0.22	0.21	0.63	0.36	0.12	0.57	0.2	0.38	667
30513	Distillers dried grains	0.2	90.8	9.2	16	4.2	18	12.5	40.2	45	30	58.2	6	2	20.2	15	3657	1938	1938	1938	1938			1316	1572	1572	1572	1280	1572	1572	1572	1879	4.6	5	5	4.7			3.4	4	4	4	3.3	4	4	4	0.64	0.34	0.56	1.06	0.37	0.24	0.72	0.48	0.16	0.69	0.3	0.54	0.46	1.18	4.13	0.78	0.64	0.7	0.61	5.26	7.62	0	4	2.13	3.5	6.63	2.31	1.5	4.5	3	1	4.31	1.88	2.88	25.81	4.88	4	4.38	3.81	0.51	0.27	0.45	0.85	0.3	0.19	0.58	0.38	0.13	0.55	0.24	0.43	0.37	0.95	1.13	7.62	9.09	0.49	0	43	0.64	0	0	0	0.54	0.62	0.51	0.56	0.49	0.35	1.22	0.4	0.9	70	100	70	0.35	100	0.06	0.01	0.5	1	40	11	8	5	0	0.25	0	2700	0	22.71	0	2600	318	2	3	0	0	0	49	80	81	53	38	85	80	85	36	43	35	43	85	95	70	85	90	90	90	90	0	30	0	30	44.5	12.8	3.4	1938	22.12	5.1	4.8	5.1	80	80	80	80	80	80	80	80	80	80	80	80	0.87	0.3	2.44	2.42	0.03	0	0	0	0	0.56	1.01	2.45	0.03	2.69	0.07	0	306	58	0.7	0	0	0	13.3	24.2	58.7	5.7	1493.7	220.4	903.5	0	0	1.2	0	0	2400	0	0	0	0	0	0	54	80	80	80	80	80	80	80	80	80	80	80	80	80	54	80	84	78	79	86	58	86	85	73	77	80	66	80	0.51	0.27	0.45	0.85	0.3	0.19	0.58	0.38	0.13	0.55	0.24	0.37	0.54	0.27	0.44	0.91	0.21	0.21	0.61	0.35	0.12	0.55	0.2	0.37	667
30514	Distiller's solubles. dried	0.2	90	10	27.6	8.5	4.6	7.5	41.8	23	7	46.4	6	2	31.4	18	4235	2499	2499	2499	2499			2160	2583	2583	2583	2118	2541	2541	2541	2397	8	8.4	8.4	8.1			5.9	6.7	6.7	6.7	5.8	6.6	6.6	6.6	1.1	0.58	0.97	1.82	0.63	0.41	1.24	0.83	0.28	1.19	0.52	0.93	0.8	2.04	7.12	1.35	1.1	1.21	1.05	9.05	13.15	0	3.99	2.1	3.51	6.59	2.28	1.49	4.49	3.01	1.01	4.31	1.88	2.9	25.8	4.89	3.99	4.38	3.8	0.88	0.46	0.78	1.46	0.5	0.33	0.99	0.66	0.22	0.95	0.42	0.74	0.64	0.3	1.44	4	19.2	0.62	0	43	0.82	0	0	0	0.69	0.79	0.66	0.72	0.23	0.26	1.1	0.59	0.36	81	555	72.8	0.36	84	0.06	0.14	1.63	1.3	122	22.9	8.85	17	6.6	3	0	1200	0	37.59	0	4687	604	2	3	0	0	0	53	80	81	59	32	85	80	85	51	61	50	60	85	95	70	85	90	90	90	90	0	30	0	30	47.7	22.1	6.9	2499	14.85	5.1	4.8	5.1	80	80	80	80	80	80	80	80	80	80	80	80	0.87	0.3	2.44	4.93	0.06	0	0	0	0	1.13	2.06	4.99	0.07	5.48	0.14	0	623	58	0.7	0	0	0	13.3	24.2	58.7	5.7	1493.7	220.4	903.5	0	0	2.2	0	0	2400	0	0	0	0	0	0	67	80	80	80	80	80	80	80	80	80	80	80	80	80	67	80	84	78	79	86	58	86	85	73	77	80	66	80	0.88	0.46	0.78	1.46	0.5	0.33	0.99	0.66	0.22	0.95	0.42	0.64	0.92	0.45	0.77	1.57	0.37	0.35	1.05	0.61	0.22	0.95	0.34	0.64	667
30515	Distillers dried grains with solubles. corn. Spain	0.2	89.2	10.8	30.4	11.8	7.2	4.7	35.1	42.4	14.6	42.3	0.5	0	27.2	19	4534	4035	4035	4035	4035			2584	2902	2902	2902	2584	2902	2902	2902	3907	10.2	10.2	10.2	10.2			7.5	7.8	7.8	7.8	7.5	7.8	7.8	7.8	1.74	0.89	1.13	3.66	1.01	0.72	1.33	1.28	0.8	1.65	0.6	1.32	1.57	2.9	4.89	2.11	1.24	1.7	2.33	14.21	14.44	0	5.72	2.93	3.72	12.04	3.32	2.37	4.38	4.21	2.63	5.43	1.97	5.16	16.09	6.94	4.08	5.59	7.66	1.5	0.76	0.95	3.26	0.96	0.56	1.08	1.04	0.68	1.39	0.51	1.07	1.38	0.1	0.7	2.12	14.89	0.35	0	50	0.34	0	0	0	0.29	0.34	0.27	0.3	0.24	0.2	1.1	0.33	0.7	6	123	21	0.38	62	0.06	0.01	0.5	1	40	11	8	5	3	0.25	0	2700	0	22.71	0	1500	341	2	40	0	0	0	86	92	89	89	85	85	80	85	57	64	57	64	85	95	70	85	90	90	90	90	0	30	0	30	76.7	28	10.5	4035	35.96	0.43	0.4	0.43	86	85	84	89	95	78	81	82	85	84	85	88	0	0	0	0	0	0	0	0	0	2.95	2.95	5.66	0	0	2.83	0	345	0	0	0	0	0	25	25	48	5.7	1493.7	220.4	903.5	0	0	1.2	0	0	2400	0	0	0	0	0	0	85	85	85	85	85	85	85	85	85	85	85	85	85	85	80	85	84	78	79	86	58	86	85	73	77	80	66	80	1.48	0.76	0.96	3.11	0.86	0.61	1.13	1.09	0.68	1.4	0.51	1.33	1.46	0.69	0.89	3.15	0.59	0.62	1.13	0.93	0.62	1.32	0.4	1.26	720
30516	Distillers dried grains with solubles. corn. Hungary	0.2	88.7	11.3	29.4	12.8	7.8	4.9	33.8	39.3	13.8	41.6	2.9	0	24.9	19	4541	4087	4087	4087	4087			2770	3088	3088	3088	2770	3088	3088	3088	3963	10.9	11	11	10.9			8.1	8.5	8.5	8.5	8.1	8.4	8.4	8.4	1.69	0.83	1.11	3.51	1.24	0.67	1.48	1.27	0.8	1.57	0.6	1.27	1.6	3.08	4.66	2.01	1.17	1.61	2.2	14.17	13.85	0	5.75	2.82	3.78	11.94	4.22	2.28	5.03	4.32	2.72	5.34	2.04	5.44	15.85	6.84	3.98	5.48	7.48	1.51	0.74	0.99	3.28	1.23	0.59	1.35	1.13	0.68	1.41	0.51	1.1	1.45	0.1	0.7	2.04	14.28	0.35	0	50	0.34	0	0	0	0.29	0.34	0.27	0.3	0.21	0.52	1.1	0.33	0.7	6	123	21	0.38	62	0.06	0.01	0.5	1	40	11	8	5	3	0.25	0	2700	0	22.71	0	1500	341	2	40	0	0	0	87	92	96	90	85	85	80	85	61	68	61	68	85	95	70	85	90	90	90	90	0	30	0	30	77.2	27	12.3	4087	35.36	2.47	2.32	2.47	90	89	89	94	100	88	92	89	85	90	85	90	0	0	0	0	0	0	0	0	0	3.2	3.2	6.14	0	0	3.07	0	374	0	0	0	0	0	25	25	48	5.7	1493.7	220.4	903.5	0	0	1.2	0	0	2400	0	0	0	0	0	0	85	85	85	85	85	85	85	85	85	85	85	85	85	85	80	85	84	78	79	86	58	86	85	73	77	80	66	80	1.44	0.71	0.94	2.98	1.05	0.57	1.26	1.08	0.68	1.33	0.51	1.36	1.42	0.65	0.88	3.02	0.72	0.58	1.26	0.93	0.62	1.26	0.4	1.28	720
30517	Distillers dried grains with solubles. sorghum	0.2	90.4	9.6	30.2	9.4	7.3	4.7	38.8	27	12	46.1	9	2.4	22.7	19	4453	2672	2672	2672	2672			2315	2627	2627	2627	2271	2627	2627	2627	2575	8.4	8.9	8.9	8.5			6.3	7	7	7	6.2	6.9	6.9	6.9	1.49	0.6	1.2	3.62	0.68	0.48	1.63	1	0.3	1.49	0.53	1.01	0.45	2.08	4	0.8	1.1	1.2	1.7	12.49	9.78	0	4.93	1.99	3.97	12	2.25	1.59	5.38	3.31	0.99	4.93	1.76	1.49	13.25	2.65	3.64	3.97	5.63	1.18	0.48	0.91	2.9	0.41	0.39	1.3	0.67	0.2	1.07	0.42	0.82	0.36	0.06	0.79	1.27	16.8	0.39	0	50	0.39	0	0	0	0.33	0.39	0.31	0.35	0.13	0.19	1.1	0.31	0.5	8	116	10	0.2	12	0.2	0	0.3	1	40	11	8	5	3	0.25	0	2700	0	22.71	0	2600	385	2	40	0	0	0	55	70	85	60	40	80	80	80	52	59	51	59	85	95	70	85	90	90	90	90	0	30	0	30	49.7	21.1	8	2672	18.44	7.2	7.2	7.2	79	80	76	80	60	82	80	67	67	72	80	80	1.2	0	2.19	3.29	0.24	0	0	0	0	1.25	2.27	5.17	0.26	3.66	2.25	0	0	35	2.5	0	0	0	13.3	24.2	55	5.7	1493.7	220.4	903.5	0	0	1.4	0	0	2400	0	0	0	0	0	0	66	80	83	81	81	91	64	88	87	77	81	80	82	88	66	80	83	81	81	91	64	88	87	77	81	80	82	88	1.24	0.49	0.97	3.3	0.44	0.42	1.41	0.77	0.24	1.19	0.43	0.4	1.24	0.49	0.97	3.3	0.44	0.42	1.41	0.77	0.24	1.19	0.43	0.4	748
30518	Distillers dried grains with solubles. wheat	0.2	90.6	9.4	33.6	4.8	7.6	4.4	40.2	29	11	47.8	3.8	2.4	30.6	18	4285	2571	2571	2571	2571			2186	2571	2571	2571	2186	2571	2571	2571	2442	8.1	8.3	8.3	8.2			5.7	6.3	6.3	6.3	5.6	6.2	6.2	6.2	1.44	0.6	1.18	4.37	0.81	0.54	1.73	1	0.34	1.44	0.64	1.18	0.45	2.18	4	0.8	1.1	1.2	1.7	13.45	9.89	0	4.29	1.79	3.51	13	2.41	1.61	5.14	2.98	1.01	4.29	1.91	1.34	11.91	2.38	3.27	3.57	5.06	1.12	0.48	0.93	3.49	0.51	0.44	1.38	0.71	0.24	1.05	0.51	0.96	0.36	0.1	0.85	2.27	19.31	0.42	0	50	0.42	0	0	0	0.35	0.42	0.34	0.37	0.23	0.26	1.14	0.25	0.43	11	179	63	0.2	77	0.2	0	0.15	1	40	11	8	5	3	0.25	0	2700	0	22.71	0	2600	414	2	40	0	0	0	54	84	85	60	31	80	80	80	51	60	51	60	85	95	70	85	90	90	90	90	0	30	0	30	48.9	28.2	4.1	2571	14.82	3.04	3.04	3.04	78	80	79	80	63	82	80	71	71	73	80	80	0.64	0.05	0.5	1.92	0.22	0	0	0	0	0.64	1.16	2.64	0.24	2.13	1.15	0	0	40	4.5	0	0	0	13.3	24.2	55	5.7	470	117	0	0	0	1.5	0	0	2400	0	0	0	0	0	0	66	80	83	81	81	91	64	88	87	77	81	80	82	88	66	80	83	81	81	91	64	88	87	77	81	80	82	88	1.2	0.49	0.96	3.97	0.52	0.48	1.5	0.77	0.28	1.15	0.52	0.4	1.2	0.49	0.96	3.97	0.52	0.48	1.5	0.77	0.28	1.15	0.52	0.4	851
30519	Distillers dried grains. corn. USA	0.2	87.6	12.5	27.4	8.9	9.6	4.6	37.1	39.3	13.8	46.7	5.4	2	25.5	18	4269	3842	3842	3842	3842			2476	2817	2817	2817	2433	2775	2775	2775	3726	9.2	9.6	9.6	9.3			6.8	7.4	7.4	7.4	6.8	7.3	7.3	7.3	1.69	0.83	1.11	3.51	1.24	0.67	1.48	1.27	0.8	1.57	0.6	1.27	1.6	3.08	4.66	2.01	1.17	1.61	2.2	14.17	13.85	0	6.17	3.03	4.05	12.82	4.53	2.45	5.41	4.64	2.92	5.73	2.19	5.84	17.02	7.34	4.27	5.88	8.04	1.51	0.74	0.99	3.28	1.23	0.59	1.35	1.13	0.68	1.41	0.51	1.1	1.45	0.1	0.7	2.17	15.25	0.35	0	50	0.34	0	0	0	0.29	0.34	0.27	0.3	0.04	0.52	1.1	0.33	0.7	6	123	21	0.38	62	0.06	0.01	0.5	1	40	11	8	5	3	0.25	0	2700	0	22.71	0	1500	341	2	40	0	0	0	86	92	96	90	85	85	80	85	58	66	57	65	85	95	70	85	90	90	90	90	0	30	0	30	75.3	25.2	8.5	3842	39.7	4.6	4.33	4.6	90	89	89	94	100	88	92	89	85	90	85	90	0	0	0	0	0	0	0	0	0	2.22	2.22	4.26	0	0	2.12	0	138	0	0	0	0	0	25	25	48	5.7	1493.7	220.4	903.5	0	0	1.2	0	0	2400	0	0	0	0	0	0	85	85	85	85	85	85	85	85	85	85	85	85	85	85	80	85	84	78	79	86	58	86	85	73	77	80	66	80	1.44	0.71	0.94	2.98	1.05	0.57	1.26	1.08	0.68	1.33	0.51	1.36	1.42	0.65	0.88	3.02	0.72	0.58	1.26	0.93	0.62	1.26	0.4	1.28	667
30520	Distillers dried grains solubles. DDGS. ProCap Gold. Marquis	0.2	91.7	8.3	49.5	12.7	6	4.7	18.8	27.7	12.7	24.8	9.9	1.6	0.6	21	4978	3983	3983	3983	3983			3585	3634	3634	3634	3535	3585	3585	3585	3801	13.3	13.9	13.9	13.4			9.6	9.3	9.3	9.3	9.5	9.2	9.2	9.2	1.24	0.66	0.91	2.82	0.92	0.44	1.32	1.16	0.22	1.43	0.41	0.84	1.16	2.48	3.42	1.7	1.07	1.23	1.76	11.11	10.75	0	2.51	1.33	1.84	5.7	1.86	0.88	2.66	2.35	0.44	2.89	0.82	2.35	6.91	3.44	2.16	2.49	3.56	0.99	0.53	0.73	2.26	0.74	0.35	1.05	0.93	0.17	1.14	0.32	0.67	0.93	0.02	0.86	0.5	18.2	0.37	0	43	0.49	0	0	0	0.41	0.47	0.39	0.43	0.15	0.1	0.73	0.23	0.76	19.5	249	15.81	0.35	87	0.05	0.07	0.7	1	40	13	5	9	5	1.51	0	3100	0	29.78	0	2600	362	1.86	30	0	0	0	78	80	81	80	78	85	80	85	72	73	71	72	85	95	70	85	90	90	90	90	0	30	0	30	71.5	39.6	10.3	3983	19.33	8.39	7.9	8.39	80	80	80	80	80	80	80	80	80	80	80	80	0	0.24	3.48	7.36	0.09	0	0	0	0	1.69	3.07	7.45	0.1	8.18	0.21	0	312	58	0.7	0	0	0	13.3	24.2	58.7	5.7	1493.7	220.4	903.5	0	0	1.3	0	0	2400	0	0	0	0	0	0	66	80	83	81	81	91	64	88	87	77	81	80	82	88	66	80	83	81	81	91	64	88	87	77	81	80	82	88	1.03	0.53	0.74	2.57	0.59	0.38	1.14	0.89	0.18	1.14	0.33	1.02	1.03	0.53	0.74	2.57	0.59	0.38	1.14	0.89	0.18	1.14	0.33	1.02	667
30521	Distillers dried grains solubles. corn. Dakota Gold. Poet	0.2	88.5	11.5	28.3	5	8	5.2	42	27.4	11.5	50	5.6	1.7	25	17	4092	2619	2619	2619	2619			2005	2332	2332	2332	1964	2332	2332	2332	2507	7.3	7.7	7.7	7.4			5.2	5.7	5.7	5.7	5.1	5.7	5.7	5.7	1.22	0.76	1.03	3.38	0.95	0.56	1.42	1.11	0.31	1.36	0.57	1.13	1.05	2.47	5.16	1.9	1.16	1.48	2.12	12.1	13.43	0	4.3	2.7	3.64	11.96	3.36	1.97	5.03	3.94	1.1	4.8	2.02	3.71	18.25	6.72	4.1	5.22	7.5	0.97	0.61	0.82	2.7	0.76	0.44	1.14	0.89	0.25	1.09	0.46	0.9	0.84	0.04	0.96	0.72	18.4	0.41	0	43	0.43	0	0	0	0.36	0.43	0.34	0.38	0.25	0.24	1.22	0.36	0.85	5.21	67.38	14.24	0.35	58.47	0.06	0	0.3	0.91	73.4	14	4.74	9.1	3.01	0	0	934	56	35	0	2581	318	0.56	10	0	0	0	59	86	82	64	42	85	80	85	49	57	48	57	85	95	70	85	90	90	90	90	0	30	0	30	52.2	24.3	4.1	2619	21	4.76	4.48	4.76	80	80	80	80	80	80	80	80	80	80	80	80	1.32	0.2	2.54	2.89	0.03	0	0	0	0	0.66	1.21	2.93	0.04	3.22	0.11	0	513	58	0.7	0	0	0	13.3	24.2	58.7	5.7	1493.7	220.4	903.5	0	0	1.2	0	0	2400	0	0	0	0	0	0	59	80	81	77	75	83	62	82	81	71	70	75	74	81	59	80	81	77	75	83	62	82	81	71	70	75	74	81	0.98	0.59	0.77	2.81	0.59	0.46	1.15	0.79	0.22	1.02	0.42	0.85	0.98	0.59	0.77	2.81	0.59	0.46	1.15	0.79	0.22	1.02	0.42	0.85	667
30554	Faba beans. dehulled	0.3	88.7	11.3	30	1.6	1.7	3	52.4	7.5	1.5	54.1	41.3	3.7	7.6	17	4039	3029	3029	3029	3029			3029	3272	3272	3272	2787	3110	3110	3110	2919	8.8	10.8	10.8	8.9			6.1	7.8	7.8	7.8	5.7	7.3	7.3	7.3	2.31	0.6	1.2	1.6	1.92	0.21	0.98	1.05	0.24	1.35	0.31	0.52	0.72	1.7	4.03	2.62	1.05	1.18	1.03	11.46	10.94	0	7.7	2	4	5.33	6.4	0.7	3.27	3.5	0.8	4.5	1.03	2.4	13.43	8.73	3.5	3.93	3.43	2.13	0.55	1.1	1.47	1.77	0.19	0.9	0.97	0.22	1.24	0.29	0.48	0.66	0.09	0.5	3	16.66	0.25	0	50	0.24	0	0	0	0.2	0.24	0.19	0.21	0.04	0.07	1.03	0.16	0.22	12	52	10	0.35	38	0.06	0	0.09	1	28.3	9.76	3.66	1.18	5.55	0	14	534	0	4	0.09	1660	268	0.32	0	0	0	0	73	80	70	75	71	80	85	85	75	81	69	77	85	95	70	85	90	90	90	90	0	30	0	30	64.8	24	1.1	3029	38.41	33.04	35.11	35.11	92	92	92	92	92	92	92	92	92	92	92	92	0.17	0.04	0.31	0.64	0.05	0	0	0	0	0.47	0.36	0.36	0.05	0.71	0.38	0	0	40	3	0	0	0	29.1	22.8	22.8	23	50	57	646	3050	0	0.9	0	0	2400	1667	0	0	0	0	0	76	92	92	92	92	92	92	92	92	92	92	92	92	92	76	92	92	92	92	92	92	92	92	92	92	92	92	92	2.13	0.55	1.1	1.47	1.77	0.19	0.9	0.97	0.22	1.24	0.29	0.66	2.13	0.55	1.1	1.47	1.77	0.19	0.9	0.97	0.22	1.24	0.29	0.66	1297
30555	Faba beans. broad	0.3	89	11	25.7	1.4	8.2	6	47.7	15.9	10.7	55.9	36.4	3.6	5.2	16	3850	2849	2849	2849	2849			2657	2849	2849	2849	2426	2695	2695	2695	2755	7.5	9.4	9.4	7.7			5.3	6.7	6.7	6.7	4.9	6.4	6.4	6.4	2.2	0.6	1	1.6	1.52	0.25	0.98	0.98	0.24	1.22	0.31	0.56	0.72	1.7	4.03	2.62	1.05	1.18	1.03	10.59	10.94	0	8.56	2.34	3.89	6.23	5.91	0.97	3.81	3.81	0.93	4.75	1.21	2.8	15.68	10.2	4.09	4.59	4.01	2.02	0.55	0.92	1.47	1.4	0.23	0.9	0.9	0.22	1.12	0.29	0.52	0.66	0.15	0.55	2.5	9.16	0.27	0	50	0.27	0	0	0	0.23	0.27	0.22	0.24	0.05	0.1	1.2	0.18	0.22	13	75	10	0.35	34	0.06	0	0.09	1	28.3	9.76	3.66	1.18	5.55	0	14	534	0	3.72	0.09	1660	268	0.32	0	0	0	0	72	80	70	74	70	85	80	85	69	74	63	70	85	95	70	85	90	90	90	90	0	30	0	30	64.1	20.6	1	2849	39.13	30.94	29.12	30.94	92	92	92	92	92	92	92	92	92	92	92	92	0.17	0.04	0.31	0.71	0.1	0	0	0	0	0.41	0.32	0.66	0.11	0.79	0.38	0	34	51	6.8	0	0	0	29.1	22.8	46.8	23	50	57	646	3050	0	1	0	0	3000	2000	0	0	0	113	0	76	92	92	92	92	92	92	92	92	92	92	92	92	92	76	92	92	92	92	92	92	92	92	92	92	92	92	92	2.02	0.55	0.92	1.47	1.4	0.23	0.9	0.9	0.22	1.12	0.29	0.66	2.02	0.55	0.92	1.47	1.4	0.23	0.9	0.9	0.22	1.12	0.29	0.66	1009
30556	Faba bean protein concentrate. 66% CP	0.6	88	12	66.3	4.7	4.1	2.6	10.3	9	7	14.4	3.4	2	2	20	4763	3620	3620	3620	3620			3477	3525	3525	3525	3477	3525	3525	3525	3377	13.1	13.4	13.4	13.2			8.8	8.1	8.1	8.1	8.8	8	8	8	5.96	1.66	2.9	5.88	4.44	0.6	3.34	2.31	0.6	3.2	0.57	1.17	2.21	5.55	8.62	5.3	2.65	2.65	2.65	30.89	24.66	0	8.99	2.5	4.37	8.87	6.7	0.91	5.04	3.48	0.9	4.83	0.86	3.33	13	8	4	4	4	5.66	1.58	2.75	5.59	4.22	0.57	3.17	2.19	0.57	3.04	0.54	1.11	2.1	0.21	0.59	8	22.69	0.29	0	50	0.29	0	0	0	0.24	0.29	0.23	0.26	0.01	0.1	0.9	0.15	0.5	22	80	16	0.35	40	0.06	0	0.35	1	40	20	8	3	5.55	0	14	534	0	3.72	0.09	3000	288	0.32	0	0	0	0	74	80	70	76	53	85	80	85	73	74	73	74	85	95	70	85	90	90	90	90	0	30	0	30	65.1	53	3.3	3620	7.63	2.89	2.72	2.89	95	95	95	95	95	95	95	95	95	95	95	95	0.87	0.3	2.44	1.5	1.19	0	0	0	0	1.39	0.36	2.69	1.33	1.67	1.3	0	1344	31.9	25.4	0	0	0	29.5	7.6	57.3	23	0	57	646	3050	0	1.1	0	0	4500	1667	0	0	0	113	0	86	95	95	95	95	95	95	95	95	95	95	95	95	95	86	95	95	95	95	95	95	95	95	95	95	95	95	95	5.66	1.58	2.75	5.59	4.22	0.57	3.17	2.19	0.57	3.04	0.54	2.1	5.66	1.58	2.75	5.59	4.22	0.57	3.17	2.19	0.57	3.04	0.54	2.1	1001
30557	Groundnut meal. 45% CP	0.25	92	8	45	1	9	8	29	16	7	38	15.2	2	5	17	4175	3006	3006	3006	3006			3006	3048	3048	3048	2923	3048	3048	3048	2851	8.8	9.5	9.5	8.8			5.9	6.1	6.1	6.1	5.7	5.9	5.9	5.9	0.84	0.84	1.37	2.6	1.36	0.57	1.96	0.93	0.16	1.7	0.72	1.29	1.23	3.19	7.6	4.44	2.36	1.2	1.67	12.32	19.23	0	1.86	1.86	3.05	5.78	3.03	1.26	4.35	2.06	0.36	3.77	1.61	2.73	16.9	9.87	5.25	2.67	3.7	0.71	0.71	1.17	2.21	1.16	0.48	1.66	0.79	0.14	1.44	0.62	1.1	1.04	0.63	1.1	7.84	13.72	0.55	0	50	0.34	0	0	0	0.29	0.37	0.27	0.31	0.02	0.03	0.03	0.35	0.31	18	220	42	0.16	55	0.06	0	0.39	0.4	166	47	10	7	7	0	0	1667	0	2	0.05	1900	258	0	0	0	0	0	76	75	70	72	76	85	85	85	72	73	70	73	85	95	70	85	90	90	90	90	0	30	0	30	69.9	33.8	0.7	3006	28.88	12.92	12.92	12.92	85	85	85	85	85	85	85	85	85	85	85	85	0.87	0.3	2.44	0	0	0	0	0	0	0.15	0.56	0.23	0	0	1	0	2000	0	0	0	0	0	14.8	56.3	23.43	10	50	2682	249	0	0	1.2	0	0	0	0	0	0	0	0	0	85	90	95	95	95	95	95	95	95	95	95	95	95	95	85	95	95	95	95	95	95	95	95	95	95	95	95	95	0.8	0.8	1.3	2.47	1.3	0.54	1.86	0.88	0.15	1.61	0.69	1.17	0.8	0.8	1.3	2.47	1.3	0.54	1.86	0.88	0.15	1.61	0.69	1.17	1001
30560	Guar meal. 55% CP	0.25	93	7	60	5	2	7	19	7.2	0.6	21	0	0	20.4	20	4704	3998	3998	3998	3998			3293	3528	3528	3528	3293	3528	3528	3528	3764	12.7	12.7	12.7	12.7			8.6	8.2	8.2	8.2	8.6	8.2	8.2	8.2	5.58	0.91	2.31	3.42	2.1	0.58	2.1	2.35	0.62	2.79	0.49	1.07	1.67	3.77	15.6	7.8	3.86	3.05	3	22.76	35.48	0	9.3	1.52	3.85	5.7	3.5	0.97	3.5	3.92	1.03	4.65	0.82	2.78	26	13	6.44	5.09	5	4.74	0.77	1.96	2.91	1.79	0.49	1.79	2	0.53	2.37	0.42	0.91	1.42	0.13	1.78	1.85	25.42	0.89	0	50	0.88	0	0	0	0.74	0.88	0.7	0.78	0.1	0.8	0.95	0.3	0.04	4	30	35	1	25	0.9	0	0.26	0.6	28	16.3	6	2.9	6	0	0	0	0	2.4	5	2609	0	0	0	0	0	0	82	85	85	85	85	85	85	85	70	75	70	75	85	95	70	85	90	90	90	90	0	30	0	30	76.3	51	4.3	3998	17.85	0	0	0	85	85	85	85	85	85	85	85	85	85	85	85	0	0	0	3.1	0.25	0	0	0	0	1	0.7	3.2	0.28	3.44	1.2	0	39	62	5	0	0	0	20	14	64	1.3	50	36	0	0	0	3.2	0	0	0	0	0	0	0	0	0	85	85	93	91	90	91	92	90	91	92	85	85	75	90	85	85	93	91	90	91	92	90	91	92	85	85	75	90	5.19	0.83	2.08	3.11	1.93	0.52	1.91	2.16	0.53	2.37	0.37	1.5	5.19	0.83	2.08	3.11	1.93	0.52	1.91	2.16	0.53	2.37	0.37	1.5	301
30561	Guar meal. 40% CP	0.25	92	8	39.9	5	12.1	6	29	19.7	10	41.1	3.7	1	26.4	18	4386	3728	3728	3728	3728			2544	2895	2895	2895	2500	2851	2851	2851	3569	9.6	9.8	9.8	9.6			6.6	6.9	6.9	6.9	6.6	6.9	6.9	6.9	3.7	0.8	1.2	2.2	1.6	0.4	1.5	1.47	0.4	1.62	0.4	0.8	1.2	2.7	10.61	5.48	2.57	2.03	1.93	14.89	24.22	0	9.28	2	3.01	5.51	4.01	1	3.76	3.68	1	4.06	1	3	26.6	13.73	6.44	5.09	4.84	3.15	0.68	1.02	1.87	1.36	0.34	1.27	1.25	0.34	1.38	0.34	0.68	1.02	0.54	1.8	9	30	0.9	0	50	0.9	0	0	0	0.76	0.9	0.72	0.8	0.86	0.44	0.95	0.4	0.57	32	100	35	0.28	25	7	0	0.26	0.6	28	16.3	6	2.9	6	0	0	0	0	2.4	0.05	2609	877	2	2	0	0	0	82	87	90	85	80	85	80	85	58	66	57	65	85	95	70	85	90	90	90	90	0	30	0	30	75.4	34.7	4.5	3728	32.88	3.15	2.96	3.15	85	85	85	85	85	85	85	85	85	85	85	85	0	0	0	3.1	0.25	0	0	0	0	1	0.7	3.2	0.28	3.44	1.2	0	39	62	5	0	0	0	20	14	64	1.3	50	36	0	0	0	3.2	0	0	0	0	0	0	0	0	0	85	85	85	85	85	85	85	85	85	85	85	85	85	85	80	85	85	85	85	85	85	85	85	85	85	85	85	85	3.15	0.68	1.02	1.87	1.36	0.34	1.27	1.25	0.34	1.38	0.34	1.02	3.15	0.68	1.02	1.87	1.36	0.34	1.27	1.25	0.34	1.38	0.34	1.02	301
30562	Guar meal. 35% CP	0.25	92	8	35	5	14	5	33	21	11	47	4	1	31	18	4350	2610	2610	2610	2610			2305	2697	2697	2697	2305	2697	2697	2697	2470	8.7	8.9	8.9	8.7			6.1	6.6	6.6	6.6	6	6.5	6.5	6.5	3.5	0.74	1.05	1.93	1.4	0.35	1.31	1.29	0.35	1.42	0.35	0.7	1.05	2.36	8.75	4.8	2.25	1.77	1.69	13.34	20.66	0	10	2.1	3	5.51	4	1	3.74	3.69	1	4.06	1	3	25	13.71	6.43	5.06	4.83	2.98	0.62	0.89	1.64	1.19	0.3	1.11	1.1	0.3	1.21	0.3	0.6	0.89	0.5	1.2	10	24	0.6	0	50	0.6	0	0	0	0.5	0.6	0.48	0.53	0.86	0.44	0.95	0.4	0.57	32	100	35	0.28	25	7	0	0.26	0.6	28	16.3	6	2.9	6	0	0	0	0	2.4	0.05	2609	877	2	2	0	0	0	53	87	90	60	24	85	85	85	53	62	53	62	85	95	70	85	90	90	90	90	0	30	0	30	48.8	30.5	4.5	2610	11.28	3.4	3.4	3.4	85	85	85	85	85	85	85	85	85	85	85	85	0	0	0	3.1	0.25	0	0	0	0	1	0.7	3.2	0.28	3.44	1.2	0	0	62	5	0	0	0	20	14	64	1.3	50	36	0	0	0	3.2	0	0	0	0	0	0	0	0	0	85	85	93	91	90	91	92	90	91	92	85	85	75	90	85	85	93	91	90	91	92	90	91	92	85	85	75	90	3.26	0.67	0.95	1.76	1.29	0.31	1.19	1.19	0.3	1.21	0.26	0.95	3.26	0.67	0.95	1.76	1.29	0.31	1.19	1.19	0.3	1.21	0.26	0.95	301
30563	Guar meal. 65% CP	0.25	92	8	65	5	2	7	13	7.5	0.5	15	0	1	10.8	20	4742	3983	3983	3983	3983			3462	3604	3604	3604	3462	3604	3604	3604	3730	13.4	13.4	13.4	13.4			9	8.2	8.2	8.2	9	8.2	8.2	8.2	5.72	1.3	2.6	3.47	2.47	0.46	2.12	2.28	0.65	2.93	0.67	1.13	1.56	3.68	16.9	8.45	4.22	3.25	3.25	23.98	38.31	0	8.8	2	4	5.33	3.8	0.7	3.27	3.5	1	4.5	1.03	2.4	26	13	6.5	5	5	4.86	1.11	2.21	2.95	2.1	0.39	1.81	1.93	0.55	2.49	0.57	0.96	1.33	0.14	1.17	2	16.66	0.58	0	50	0.58	0	0	0	0.49	0.58	0.46	0.52	0.1	0.8	0.95	0.3	0.04	4	30	35	0.28	25	0.9	0	0.26	0.6	28	16.3	6	2.9	6	0	0	0	0	2.4	0.05	2609	877	0	0	0	0	0	82	85	70	84	85	85	85	85	73	76	73	76	85	95	70	85	90	90	90	90	0	30	0	30	75.4	55.3	3.5	3983	12.75	0	0	0	85	85	85	85	85	85	85	85	85	85	85	85	0	0	0	3.1	0.25	0	0	0	0	1	0.7	3.2	0.28	3.44	1.41	0	39	62	5	0	0	0	20	14	64	1.3	50	36	0	0	0	2.1	0	0	0	0	0	0	0	0	0	85	85	93	91	90	91	92	90	91	92	85	85	75	90	85	85	93	91	90	91	92	90	91	92	85	85	75	90	5.32	1.18	2.34	3.15	2.27	0.41	1.93	2.09	0.55	2.49	0.5	1.4	5.32	1.18	2.34	3.15	2.27	0.41	1.93	2.09	0.55	2.49	0.5	1.4	301
30565	Linseed meal. flaxseed meal. expeller. 32% CP	0.15	89.4	10.6	32.9	7.1	10.4	6.8	32.3	25.4	15.3	42.6	3	7	17.3	18	4245	2802	2802	2802	2802			2462	2674	2674	2674	2462	2674	2674	2674	2679	8.8	9.3	9.3	9.1			6.5	6.8	6.8	6.8	6.4	6.8	6.8	6.8	2.61	0.45	1.01	1.38	0.74	0.36	1.4	0.83	0.36	1.16	0.59	0.95	0.82	2.22	6.71	3.09	1.97	1.58	1.55	10.3	16.31	0	7.93	1.37	3.07	4.2	2.25	1.09	4.26	2.52	1.09	3.53	1.79	2.49	20.4	9.39	5.99	4.8	4.71	1.96	0.34	0.76	1.04	0.55	0.27	1.05	0.62	0.27	0.87	0.44	0.71	0.61	0.32	0.9	4.69	13.19	0.45	0	50	0.44	0	0	0	0.37	0.44	0.35	0.39	0.09	0.03	0.99	0.55	0.39	16	160	40	0.09	55	0.06	0.01	0.36	2.9	37.4	16.5	6.1	4.1	2.6	0.2	6	67	0	22	0.04	2700	438	0.2	0	0	0	0	60	81	92	66	40	85	80	85	58	63	58	63	85	95	70	85	90	90	90	90	0	30	0	30	53.6	26.6	6.5	2802	17.05	2.55	2.4	2.55	75	75	75	75	75	75	75	75	75	75	75	75	0.9	0.3	1.99	0.9	3.76	0	0	0	0	0.66	1.42	4.65	4.18	0.99	0.11	0	486	12.7	53.3	0	0	0	9.4	20.2	66	23	100	57	646	0	0	1.6	0	0	0	0	0.5	0	0	0	0	64	75	75	75	75	75	75	75	75	75	75	75	75	75	64	75	75	75	75	75	75	75	75	75	75	75	75	75	1.96	0.34	0.76	1.04	0.55	0.27	1.05	0.62	0.27	0.87	0.44	0.61	1.96	0.34	0.76	1.04	0.55	0.27	1.05	0.62	0.27	0.87	0.44	0.61	922
30566	Linseed meal. flaxseed meal. solvent extracted. 35% CP	0.15	89.2	10.8	34.7	1.5	9.1	6.2	37.7	27.4	15.7	46.8	4	4.3	22.8	17	3999	2399	2399	2399	2399			1999	2319	2319	2319	1999	2279	2279	2279	2270	7.1	7.5	7.5	7.3			4.8	5.3	5.3	5.3	4.8	5.3	5.3	5.3	3.02	0.68	1.59	1.98	1.18	0.55	1.51	1.21	0.54	1.74	0.58	1.13	1.02	2.53	7.08	3.26	2.08	1.67	1.63	14	17.32	0	8.7	1.96	4.58	5.71	3.4	1.59	4.35	3.49	1.56	5.01	1.67	2.94	20.4	9.4	5.99	4.81	4.7	2.26	0.51	1.19	1.48	0.89	0.41	1.13	0.91	0.4	1.3	0.43	0.85	0.76	0.35	0.96	5.68	15.58	0.48	0	50	0.47	0	0	0	0.39	0.47	0.38	0.42	0.14	0.03	1.03	0.48	0.39	18	260	40	0.18	53	0.06	0.01	0.41	0.82	32.9	15.6	6	3.65	7.05	0.2	6	67	0	10	0.04	1390	468	0.2	0	0	0	0	55	81	92	60	35	85	80	85	50	58	50	57	85	95	70	85	90	90	90	90	0	30	0	30	49	28.1	1.4	2399	16.38	3.4	3.2	3.4	75	75	75	75	75	75	75	75	75	75	75	75	0.17	0.06	0.38	0.19	0.8	0	0	0	0	0.14	0.3	0.99	0.89	0.21	0.02	0	103	12.7	53.3	0	0	0	9.4	20.2	66	23	100	57	646	0	0	1.7	0	0	0	0	0.5	0	0	0	0	63	75	78	81	81	80	82	85	80	79	84	82	87	75	63	75	78	81	81	80	82	85	80	79	84	82	87	75	2.36	0.55	1.29	1.58	0.97	0.47	1.21	0.96	0.45	1.43	0.5	0.76	2.36	0.55	1.29	1.58	0.97	0.47	1.21	0.96	0.45	1.43	0.5	0.76	922
30567	Linseed. flax. seed. whole	0.15	93.1	6.9	24.8	34.5	5.8	4.7	23.4	22	10	29.1	4.2	2.9	12	24	5798	4639	4639	4639	4639			4349	4523	4523	4523	4291	4465	4465	4465	4546	17.2	17.5	17.5	17.3			14	14.2	14.2	14.2	13.9	14.2	14.2	14.2	2.36	0.46	0.99	1.33	0.86	0.38	1.06	0.84	0.28	1.19	0.42	0.8	0.76	1.82	3.66	2.07	1.31	1.07	0.99	9.75	10.28	0	9.52	1.86	3.99	5.36	3.47	1.53	4.27	3.39	1.13	4.8	1.69	3.07	14.76	8.35	5.28	4.32	3.99	1.66	0.32	0.7	0.94	0.61	0.27	0.75	0.59	0.2	0.84	0.3	0.56	0.54	0.3	0.56	6.38	11.91	0.28	0	50	0.27	0	0	0	0.23	0.27	0.22	0.24	0.04	0.09	1.5	0.37	0.26	20	150	25	0.09	43	0.05	0.01	0.3	0.87	30.8	9.85	4.73	1.61	0.3	0.2	6	100	0	12	0.04	1210	273	0.2	0	0	0	0	73	81	92	80	47	85	80	85	75	78	74	77	85	95	70	85	90	90	90	90	0	30	0	30	68	20.1	31.7	4639	13.69	3.59	3.38	3.59	71	71	71	71	71	71	71	71	71	71	71	71	2.14	1.65	6.92	4.38	18.39	0	0	0	0	3.24	6.97	22.77	20.43	4.87	0.58	0	2377	12.7	53.3	0	0	0	9.4	20.2	66	23	100	57	646	0	0	1	0	0	0	0	178	0.1	0	0	0	68	71	71	71	71	71	71	71	71	71	71	71	71	71	68	71	71	71	71	71	71	71	71	71	71	71	71	71	1.68	0.33	0.7	0.94	0.61	0.27	0.75	0.6	0.2	0.84	0.3	0.54	1.68	0.33	0.7	0.94	0.61	0.27	0.75	0.6	0.2	0.84	0.3	0.54	1437
30568	Linseed	0.15	90.7	9.3	22	34.7	8.5	4.8	20.7	17	10.2	29.2	0	3	16	24	5662	4360	4360	4360	4360			4133	4360	4360	4360	4133	4360	4360	4360	4274	16.6	16.8	16.8	16.7			13.6	13.9	13.9	13.9	13.6	13.9	13.9	13.9	2.36	0.46	0.99	1.33	0.86	0.38	1.06	0.84	0.28	1.19	0.42	0.8	0.76	1.82	3.66	2.07	1.31	1.07	0.99	9.75	10.28	0	10.73	2.09	4.5	6.05	3.91	1.73	4.82	3.82	1.27	5.41	1.91	3.46	16.64	9.41	5.96	4.86	4.5	2.01	0.39	0.84	1.13	0.73	0.32	0.9	0.71	0.24	1.01	0.36	0.68	0.65	0.1	0.5	2.08	10.41	0.25	0	50	0.24	0	0	0	0.2	0.24	0.19	0.21	0.05	0.03	0.99	0.37	0.39	20	150	25	0.09	43	0.05	0.01	0.36	1	30.8	20	4.73	1.61	0.3	0.2	6	67	0	22	0.04	1210	380	0.2	0	0	0	0	68	85	92	77	29	85	85	85	73	77	73	77	85	95	70	85	90	90	90	90	0	30	0	30	61.7	18.7	31.9	4360	8.47	0	0	0	85	85	85	85	85	85	85	85	85	85	85	85	4.5	3.8	21	6.94	0.07	0	0	0	0	3.12	6.94	22.56	0.08	7.71	0.58	0	2391	20	0.2	0	0	0	9	20	65	0	0	0	0	0	0	0.9	0	0	0	0	0	0	0	0	0	64	75	75	75	75	75	75	75	75	75	75	75	75	75	64	75	75	75	75	75	75	75	75	75	75	75	75	75	1.77	0.35	0.74	1	0.64	0.28	0.79	0.63	0.21	0.89	0.31	0.57	1.77	0.35	0.74	1	0.64	0.28	0.79	0.63	0.21	0.89	0.31	0.57	1437
30569	Linseed. solvent extracted	0.15	89.5	10.5	34	2.8	9.7	6	37	22.6	14.4	46.7	0	5.1	27.2	17	4077	2365	2365	2365	2365			2039	2406	2406	2406	2039	2406	2406	2406	2232	7.5	7.7	7.7	7.7			5.2	5.6	5.6	5.6	5.2	5.6	5.6	5.6	3.02	0.68	1.59	1.98	1.18	0.55	1.51	1.21	0.54	1.74	0.58	1.13	1.02	2.53	6.94	3.2	2.04	1.63	1.6	14	17.01	0	8.88	2	4.68	5.82	3.47	1.62	4.44	3.56	1.59	5.12	1.71	3	20.41	9.41	6	4.79	4.71	2.57	0.58	1.35	1.68	1	0.47	1.28	1.03	0.46	1.48	0.49	0.96	0.87	0.1	0.5	1.66	8.33	0.25	0	50	0.24	0	0	0	0.2	0.24	0.19	0.21	0.05	0.1	1.38	0.37	0.39	18	160	40	0.09	53	0.06	0.01	0.4	1	32.9	15.6	6.1	3.65	7	0.2	6	67	0	12	0.04	1210	2000	0.2	0	0	0	0	52	85	92	58	26	85	85	85	50	59	50	59	85	95	70	85	90	90	90	90	0	30	0	30	46.5	28.9	2.6	2365	12.14	0	0	0	85	85	85	85	85	85	85	85	85	85	85	85	4.5	3.8	21	0.56	0.01	0	0	0	0	0.25	0.56	1.82	0.01	0.62	0.04	0	193	20	0.2	0	0	0	9	20	65	0	0	0	0	0	0	0.9	0	0	0	0	0	0	0	0	0	64	75	75	75	75	75	75	75	75	75	75	75	75	75	64	75	75	75	75	75	75	75	75	75	75	75	75	75	2.26	0.51	1.19	1.49	0.89	0.41	1.13	0.91	0.4	1.31	0.44	0.77	2.26	0.51	1.19	1.49	0.89	0.41	1.13	0.91	0.4	1.31	0.44	0.77	1437
30575	Lupin protein concentrate. 54% CP	0.6	94	6	54	12	0	4	24	13	11	24	7	4	2	22	5139	3957	3957	3957	3957			3803	3854	3854	3854	3751	3803	3803	3803	3744	14	14.5	14.5	14.2			9.9	9.5	9.5	9.5	9.9	9.4	9.4	9.4	5.83	1.46	2.05	4.16	2.7	0.43	2	1.73	0.43	1.94	1.08	1.51	1.46	3.46	13.28	5.4	2.16	2.59	1.73	22.73	27.7	0	10.8	2.7	3.8	7.7	5	0.8	3.7	3.2	0.8	3.59	2	2.7	24.59	10	4	4.8	3.2	5.68	1.42	2	4.06	2.63	0.42	1.95	1.69	0.42	1.89	1.05	1.47	1.42	0.25	0.5	6.25	12.5	0.25	0	50	0.25	0	0	0	0.21	0.25	0.2	0.22	0.03	0.02	1.06	0.2	0.24	5	55	40	0.05	40	0.05	0	0.05	0.9	50	8	5	4	5	0	0	67	0	3.72	0.05	1600	244	0.2	0	0	0	0	75	86	70	77	57	85	80	85	74	75	73	74	85	95	70	85	90	90	90	90	0	30	0	30	70.5	46.4	8.4	3957	13.68	5.95	5.6	5.95	98	98	98	98	98	98	98	98	98	98	98	98	0.87	0.3	2.44	2.33	0.54	0	0	0	0	0.96	7.32	3.6	0.6	2.59	0.2	0	295	19.4	4.5	0	0	0	8	61	30	23	50	57	646	0	0	0.9	0	0	2	0	0	0	0	1000	5.6	84	98	98	98	98	98	98	98	98	98	98	98	98	98	84	98	98	98	98	98	98	98	98	98	98	98	98	98	5.71	1.43	2.01	4.08	2.65	0.42	1.96	1.7	0.42	1.9	1.06	1.43	5.71	1.43	2.01	4.08	2.65	0.42	1.96	1.7	0.42	1.9	1.06	1.43	1437
30576	Lupin seed meal. 49% CP	0.3	91	9	49.2	9.6	0	3.1	29.1	24.4	20.1	29.1	0.7	4	4.3	20	4852	3542	3542	3542	3542			3202	3251	3251	3251	3202	3251	3251	3251	3348	12	12.2	12.2	12.2			8.5	7.9	7.9	7.9	8.5	7.9	7.9	7.9	5.31	1.33	1.87	3.79	2.46	0.39	1.82	1.57	0.39	1.77	0.98	1.37	1.33	3.15	12.1	4.92	1.97	2.36	1.57	20.7	25.23	0	10.79	2.7	3.8	7.7	5	0.79	3.7	3.19	0.79	3.6	1.99	2.7	24.59	10	4	4.8	3.19	5.03	1.26	1.77	3.59	2.33	0.37	1.72	1.49	0.37	1.68	0.93	1.3	1.26	0.29	0.92	9.35	29.67	0.46	0	50	0.45	0	0	0	0.38	0.45	0.36	0.4	0.05	0.3	1.06	0.2	0.24	6	57	43	0.05	35	0.05	0	0.05	0.9	50	8	5	5	5	0	0	67	0	3.72	0.05	1500	448	0.2	0	0	0	0	69	86	70	73	43	85	80	85	66	67	66	67	85	95	70	85	90	90	90	90	0	30	0	30	62.8	42.3	6.7	3542	12.51	0.6	0.56	0.6	95	95	95	95	95	95	95	95	95	95	95	95	0.87	0.3	2.44	1.86	0.43	0	0	0	0	0.77	5.86	2.88	0.48	2.07	0.16	0	236	19.4	4.5	0	0	0	8	61	30	23	50	57	646	0	0	1.6	0	0	2	0	0	0	0	500	5.6	76	95	95	95	95	95	95	95	95	95	95	95	95	95	76	95	95	95	95	95	95	95	95	95	95	95	95	95	5.04	1.26	1.78	3.6	2.34	0.37	1.73	1.49	0.37	1.68	0.93	1.26	5.04	1.26	1.78	3.6	2.34	0.37	1.73	1.49	0.37	1.68	0.93	1.26	1103
30577	Lupin seed meal. 36% CP	0.3	91.3	8.8	36.3	7.4	7.6	3.7	36.2	25.6	20.9	43.8	12.4	5.8	4.7	19	4517	3207	3207	3207	3207			2891	2981	2981	2981	2801	2936	2936	2936	3064	9.9	10.8	10.8	10.1			7.1	7.4	7.4	7.4	7	7.2	7.2	7.2	3.92	0.98	1.38	2.8	1.82	0.29	1.34	1.16	0.29	1.31	0.73	1.02	0.98	2.32	8.93	3.63	1.45	1.74	1.16	15.29	18.62	0	10.8	2.7	3.8	7.71	5.01	0.8	3.69	3.2	0.8	3.61	2.01	2.7	24.6	10	3.99	4.79	3.2	3.79	0.95	1.33	2.71	1.76	0.28	1.29	1.12	0.28	1.27	0.71	0.99	0.95	0.22	0.53	5.91	14.24	0.26	0	50	0.26	0	0	0	0.22	0.26	0.21	0.23	0.02	0.03	1.06	0.19	0.24	6	54	1390	0.07	32	0.05	0	0.05	0.9	50	8	6	5	5	0	0	67	0	5.58	0.05	1000	258	0.2	0	0	0	0	68	86	70	71	55	85	80	85	64	66	62	65	85	95	70	85	90	90	90	90	0	30	0	30	62.1	31.2	5.2	3207	24.11	10.57	9.94	10.57	97	97	97	97	97	97	97	97	97	97	97	97	0.87	0.3	2.44	1.44	0.33	0	0	0	0	0.59	4.51	2.22	0.37	1.6	0.12	0	182	19.4	4.5	0	0	0	8	61	30	23	50	57	646	0	0	0.9	0	0	2	0	0	0	0	500	5	74	97	97	97	97	97	97	97	97	97	97	97	97	97	74	97	97	97	97	97	97	97	97	97	97	97	97	97	3.8	0.95	1.34	2.72	1.77	0.28	1.3	1.13	0.28	1.27	0.71	0.95	3.8	0.95	1.34	2.72	1.77	0.28	1.3	1.13	0.28	1.27	0.71	0.95	1103
30578	Lupin meal. Chile	0.3	90.3	9.7	39.4	6.8	5	3.5	35.6	25	20.1	40.6	10.1	5.5	4.9	19	4505	3244	3244	3244	3244			2883	3019	3019	3019	2838	2973	2973	2973	3088	10.1	10.9	10.9	10.4			7.2	7.3	7.3	7.3	7.1	7.2	7.2	7.2	4.3	0.9	2.2	3.5	1.8	0.2	2.3	1.2	0.32	1.9	0.79	0.99	1.8	4.1	9.69	3.94	1.58	1.89	1.26	18.62	20.95	0	10.91	2.28	5.58	8.88	4.57	0.51	5.84	3.05	0.81	4.82	2.01	4.57	24.59	10	4.01	4.8	3.2	4.16	0.87	2.13	3.38	1.74	0.19	2.22	1.16	0.31	1.84	0.76	0.96	1.74	0.1	0.37	2.85	10.57	0.18	0	50	0.18	0	0	0	0.15	0.18	0.14	0.16	0.05	0.03	1.06	0.1	0.22	29	46	2246	0.07	47	0.06	0	0.05	0.9	50	8	6	5	5	0	0	67	0	5.58	0.05	1000	180	0.2	0	0	0	0	69	86	70	72	54	85	80	85	64	67	63	66	85	95	70	85	90	90	90	90	0	30	0	30	62.3	33.9	4.8	3244	21.92	8.59	8.08	8.59	97	97	97	97	97	97	97	97	97	97	97	97	0.87	0.3	2.44	1.32	0.31	0	0	0	0	0.54	4.15	2.04	0.34	1.47	0.11	0	205	19.4	4.5	0	0	0	8	61	30	23	50	57	646	0	0	0.7	0	0	2	0	0	0	0	500	5	74	97	97	97	97	97	97	97	97	97	97	97	97	97	74	97	97	97	97	97	97	97	97	97	97	97	97	97	4.17	0.87	2.13	3.39	1.75	0.19	2.23	1.16	0.31	1.84	0.77	1.75	4.17	0.87	2.13	3.39	1.75	0.19	2.23	1.16	0.31	1.84	0.77	1.75	1103
30580	Green lentil	0.15	88.8	11.2	20.6	2.2	6.8	2.8	56.4	15	8	56.4	40	3.5	1.4	15	3654	3106	3106	3106	3106			2704	2887	2887	2887	2485	2741	2741	2741	3023	7.7	9.6	9.6	7.8			5.4	7	7	7	5.1	6.6	6.6	6.6	1.44	0.52	0.93	1.24	1.34	0.21	0.82	0.8	0.16	0.93	0.21	0.41	0.58	1.4	4.12	2.47	1.03	1.03	0.82	8.38	10.26	0	7	2.5	4.5	6	6.5	1	4	3.9	0.8	4.5	1	2.8	20	12	5	5	4	1.23	0.44	0.79	1.05	1.14	0.18	0.7	0.68	0.14	0.79	0.18	0.35	0.49	0.11	0.45	4	16	0.22	0	50	0.9	0	0	0	0.76	0.8	0.72	0.77	0.05	0.8	1.02	0.2	0.03	16	100	20	1	25	1	0	0.25	0.6	28	16.3	6	2.9	6	0	0	0	0	2.4	0.05	2609	877	2	2	0	0	0	78	88	90	85	85	85	85	85	74	79	68	75	85	95	70	85	90	90	90	90	0	30	0	30	69.3	18.1	1.9	3106	47.94	34	34	34	85	85	85	85	85	85	85	85	85	85	85	85	0	0	0	1.33	0.11	0	0	0	0	0.43	0.3	1.38	0.12	1.48	1.2	0	0	62	5	0	0	0	20	14	64	1.3	50	36	0	0	0	3.2	0	0	0	0	0	0	0	0	0	85	85	93	91	90	91	92	90	91	92	85	85	75	90	85	85	93	91	90	91	92	90	91	92	85	85	75	90	1.34	0.47	0.83	1.12	1.23	0.19	0.75	0.74	0.14	0.79	0.15	0.52	1.34	0.47	0.83	1.12	1.23	0.19	0.75	0.74	0.14	0.79	0.15	0.52	1000
30605	Millet. grain	0.25	88.9	11.1	11.3	3.6	4.6	2.5	66.9	17.8	10.9	71.5	51.8	2	6.8	16	3879	2909	2909	2909	2909			2677	2987	2987	2987	2366	2754	2754	2754	2865	6.9	9.4	9.4	7.2			5.1	7.5	7.5	7.5	4.7	7	7	7	0.46	0.27	0.49	1.19	0.3	0.26	0.57	0.4	0.17	0.58	0.21	0.47	0.26	0.83	2.1	0.86	0.35	0.51	0.85	4.69	5.14	0	4.07	2.39	4.34	10.53	2.66	2.3	5.04	3.54	1.5	5.13	1.86	2.3	18.58	7.61	3.1	4.51	7.52	0.39	0.23	0.42	1.01	0.26	0.22	0.48	0.34	0.14	0.49	0.18	0.4	0.22	0.08	0.05	3.2	2	0.03	0	50	0.02	0	0	0	0.02	0.02	0.02	0.02	0.02	0.09	0.37	0.1	0.3	21.05	183.4	22.5	0.74	22.47	0.06	0	0.01	0.22	53	7.4	3.78	1.6	6.6	0	0	0	0	0.52	0	790	151	1.2	0	0	0	0	74	85	85	75	72	85	80	85	69	77	61	71	85	95	70	85	90	90	90	90	0	30	0	30	65.8	9.6	3.1	2909	51.49	44	41.41	44	85	85	85	85	85	85	85	85	85	85	85	85	0.87	0.3	2.44	1.76	0.1	0	0	0	0	0.58	1.12	1.86	0.11	1.96	0.38	0	578	49	2.7	0	0	0	16.1	31	51.7	23	100	57	646	0	0	0.6	0	0	6020	0	0	0	0	194.7	0	74	85	93	88	96	94	90	93	98	94	98	94	92	85	74	85	92	93	88	90	81	89	90	81	86	88	86	76	0.43	0.24	0.47	1.12	0.27	0.24	0.56	0.38	0.17	0.55	0.19	0.22	0.42	0.25	0.43	1.07	0.24	0.23	0.51	0.32	0.15	0.51	0.18	0.2	500
30611	Molasses. cane. dried	0.15	84.2	15.8	5.5	2	4	10.7	62.1	0.8	0.5	66	0	64.1	1.4	13	3179	2638	2638	2638	2638			2797	2797	2797	2797	2797	2797	2797	2797	2616	4.7	7.6	7.6	6.6			4.7	7	7	7	4.7	7	7	7	0.03	0.02	0.02	0.07	0.01	0.02	0.02	0.07	0.03	0.21	0.07	0.09	0.1	0.12	0.55	1.21	0.1	0.1	0.41	0.5	2.54	0	0.55	0.36	0.36	1.27	0.18	0.36	0.36	1.27	0.55	3.82	1.27	1.82	10	22	1.82	1.82	7.46	0.03	0.02	0.02	0.06	0.01	0.02	0.02	0.06	0.03	0.19	0.06	0.08	0.09	0.92	0.07	8.6	0.65	0.03	0	50	0.03	0	0	0	0.03	0.03	0.02	0.03	0.36	1.38	3.61	0.4	0.3	6	173	74	27.05	18	0.06	0.01	1.08	0.11	36.4	37.4	4.21	2.8	0.86	0.15	0	0	0	4.02	0	763	34	0.2	0	0	0	0	79	90	85	83	82	85	80	85	88	88	88	88	85	95	70	85	90	90	90	90	0	30	0	30	66.5	5	1.7	2638	54.14	0	0	0	90	90	90	90	90	90	90	90	90	90	90	90	0.87	0.3	2.44	0.84	0.22	0	0	0	0	0.66	0.22	1.06	0.25	0.93	0.03	0	49	41.8	11.2	0	0	0	32.9	10.8	53	23	0	57	646	0	0	0.1	0	0	0	0	0	0	0	0	0	80	90	90	90	90	90	90	90	90	90	90	90	90	90	80	90	90	90	90	90	90	90	90	90	90	90	90	90	0.03	0.02	0.02	0.06	0.01	0.02	0.02	0.06	0.03	0.19	0.06	0.09	0.03	0.02	0.02	0.06	0.01	0.02	0.02	0.06	0.03	0.19	0.06	0.09	500
30612	Molasses. citrus	0.15	68.1	31.9	5.7	0.2	0	5.4	56.8	0.8	0.5	56.8	0	56	0.3	11	2648	2251	2251	2251	2251			2357	2357	2357	2357	2357	2357	2357	2357	2227	3.8	6.3	6.3	5.5			3.8	5.7	5.7	5.7	3.8	5.7	5.7	5.7	0.03	0.02	0.02	0.07	0.01	0.02	0.02	0.07	0.03	0.22	0.07	0.09	0.11	0.13	0.57	1.25	0.11	0.11	0.43	0.51	2.65	0	0.53	0.35	0.35	1.23	0.18	0.35	0.35	1.23	0.53	3.86	1.23	1.93	10	21.93	1.93	1.93	7.54	0.03	0.02	0.02	0.06	0.01	0.02	0.02	0.06	0.03	0.2	0.06	0.08	0.1	0.7	0.08	12.91	1.48	0.04	0	50	0.03	0	0	0	0.03	0.03	0.02	0.03	0.3	0.9	2.5	0.4	0.3	6	160	70	25	17	0.07	0	0.6	0.11	41	4.5	4	2.3	0.85	0	0	0	0	2.98	0	827	39	0.2	0	0	0	0	82	90	85	85	84	85	80	85	89	89	89	89	85	95	70	85	90	90	90	90	0	30	0	30	55.8	5.1	0.2	2251	47.71	0	0	0	90	90	90	90	90	90	90	90	90	90	90	90	0.87	0.3	2.44	0.08	0.02	0	0	0	0	0.07	0.02	0.11	0.02	0.09	0	0	6	41.8	11.2	0	0	0	32.9	10.8	53	23	0	57	646	0	0	0.1	0	0	0	0	0	0	0	0	0	82	90	90	90	90	90	90	90	90	90	90	90	90	90	82	90	90	90	90	90	90	90	90	90	90	90	90	90	0.03	0.02	0.02	0.06	0.01	0.02	0.02	0.06	0.03	0.2	0.06	0.1	0.03	0.02	0.02	0.06	0.01	0.02	0.02	0.06	0.03	0.2	0.06	0.1	500
30620	Mung bean flour	0.9	87.7	12.3	18	3	1.3	1.3	64.1	0	0	65.4	62.3	3	0.1	17	3953	3400	3400	3400	3400			3400	3676	3676	3676	3044	3400	3400	3400	3325	9.2	12	12	9.2			6.5	9	9	9	5.9	8.4	8.4	8.4	0.84	0.3	0.47	0.85	0.38	0.19	0.76	0.38	0.18	0.56	0.25	0.44	0.32	1.08	2.95	0.4	0.31	0.43	0.27	4.91	4.93	0	4.67	1.67	2.61	4.72	2.11	1.06	4.22	2.11	1	3.11	1.39	1.78	16.39	2.22	1.72	2.39	1.5	0.76	0.27	0.42	0.77	0.34	0.17	0.68	0.34	0.16	0.5	0.23	0.4	0.29	0.1	0.4	7.69	30.76	0.2	0	50	0.19	0	0	0	0.16	0.19	0.15	0.17	0.01	0.07	0.13	0.03	0.25	15.52	24.4	3.71	0.3	53.1	0.06	0	0.08	0.66	12.5	22.72	4.54	1.36	6.36	0	0	167	0	18.61	0.05	1000	20	3	0	0	0	0	85	90	85	86	84	85	85	85	86	93	77	86	85	95	70	85	90	90	90	90	0	30	0	30	74.5	16.2	2.6	3400	54.94	52.96	52.96	52.96	90	90	90	90	90	90	90	90	90	90	90	90	0.19	0.01	0.15	0.86	0.3	0	0	0	0	1.22	0.15	1.62	0.33	0.96	0.05	0	0	28.73	10	0	0	0	40.5	5	54	2.6	300	53	311	0	0	0.1	0	0	0	0	0	0	0	0	0	80	90	90	90	90	90	90	90	90	90	90	90	90	90	80	90	90	90	90	90	90	90	90	90	90	90	90	90	0.76	0.27	0.42	0.76	0.34	0.17	0.68	0.34	0.16	0.5	0.23	0.29	0.76	0.27	0.42	0.76	0.34	0.17	0.68	0.34	0.16	0.5	0.23	0.29	500
30635	Mustard seed meal. solvent extracted	0.3	89.9	10.1	42.4	1.8	9.1	6.3	30.3	35	16	39.4	2.4	2	19	17	4161	2954	2954	2954	2954			2455	2705	2705	2705	2455	2663	2663	2663	2779	9.1	9.3	9.3	9.2			6.1	6.1	6.1	6.1	6.1	6.1	6.1	6.1	3.22	1.06	1.61	2.67	1.87	0.64	1.57	1.57	0.34	1.95	1.02	1.66	1.14	2.71	10.43	4.24	1.7	2.04	1.36	16.5	21.93	0	7.59	2.5	3.8	6.3	4.41	1.51	3.7	3.7	0.8	4.6	2.41	2.69	24.6	10	4.01	4.81	3.21	2.9	0.95	1.45	2.4	1.68	0.58	1.41	1.41	0.31	1.75	0.92	1.49	1.03	0.27	1	4.28	15.87	0.5	0	50	0.49	0	0	0	0.41	0.49	0.39	0.44	0.01	1	0.74	0.4	0.3	0.65	9.21	370	0.21	6.08	0.06	0	0.5	1.62	47.33	8.1	3.97	2.61	8.05	0	71	300	0	147.55	0.05	1500	487	0.19	0	0	0	0	65	90	85	71	40	85	80	85	59	65	59	64	85	95	70	85	90	90	90	90	0	30	0	30	58.4	38.2	1.5	2954	15.76	2.04	1.92	2.04	90	90	90	90	90	90	90	90	90	90	90	90	0.87	0.3	2.44	0.46	0.2	0	0	0	0	0.29	0.85	0.66	0.23	0.51	0.03	0	15	25.31	11.3	0	0	0	15.94	47	36.62	23	0	57	646	0	13000	1.8	128	13485	12000	1140	0	0	0	0	0	65	90	90	90	90	90	90	90	90	90	90	90	90	90	65	90	90	90	90	90	90	90	90	90	90	90	90	90	2.9	0.95	1.45	2.4	1.68	0.58	1.41	1.41	0.31	1.75	0.92	1.03	2.9	0.95	1.45	2.4	1.68	0.58	1.41	1.41	0.31	1.75	0.92	1.03	500
30636	Mustard seed meal. expeller	0.3	92	8	34.9	8.9	8.1	9.2	30.9	39	28	39	0	0	11	18	4383	3025	3025	3025	3025			2499	2630	2630	2630	2499	2630	2630	2630	2880	9.8	9.8	9.8	9.8			7	6.7	6.7	6.7	7	6.7	6.7	6.7	2.23	0.93	1.52	2.47	2.22	0.76	1.43	1.57	0.48	1.9	0.93	1.69	0.94	2.37	8.59	3.49	1.4	1.68	1.12	15.51	18.15	0	6.39	2.67	4.36	7.08	6.36	2.18	4.1	4.5	1.38	5.44	2.67	2.69	24.61	10	4.01	4.81	3.21	2.01	0.84	1.37	2.22	2	0.68	1.29	1.41	0.43	1.71	0.84	1.52	0.85	0.09	1.11	1	12.06	0.55	0	50	0.55	0	0	0	0.46	0.55	0.44	0.49	0.01	1	1	0.4	0.3	0.65	9.21	370	0.21	6.08	0.05	0	0.5	1.62	47.33	8.1	3.97	2.61	8.05	0	71	300	0	147.55	0.05	1500	541	0.19	0	0	0	0	62	90	85	69	35	85	80	85	57	60	57	60	85	95	70	85	90	90	90	90	0	30	0	30	57	31.4	7.6	3025	13.65	0	0	0	90	90	90	90	90	90	90	90	90	90	90	90	0.87	0.3	2.44	2.25	1.01	0	0	0	0	1.42	4.18	3.26	1.12	2.5	0.15	0	5696	25.31	11.3	0	0	0	15.94	47	36.62	23	0	57	646	0	13000	2	128	6440	7608.7	0	0	0	0	0	0	62	90	90	90	90	90	90	90	90	90	90	90	90	90	62	90	90	90	90	90	90	90	90	90	90	90	90	90	2.01	0.84	1.37	2.22	2	0.68	1.29	1.41	0.43	1.71	0.84	0.85	2.01	0.84	1.37	2.22	2	0.68	1.29	1.41	0.43	1.71	0.84	0.85	500
30705	Oat. groats. dehulled	0.15	90.4	9.6	15.3	6.1	2.7	2.2	64.1	11.3	3.8	66.8	54.1	1.4	7.5	17	4147	3276	3276	3276	3276			3152	3442	3442	3442	2820	3234	3234	3234	3216	8.6	11.2	11.2	8.9			6.4	8.8	8.8	8.8	5.9	8.3	8.3	8.3	0.9	0.25	0.5	1	0.45	0.2	0.65	0.5	0.18	0.65	0.26	0.46	0.55	1.2	2.94	1.22	0.73	0.73	0.7	5.28	7.13	0	5.88	1.63	3.27	6.54	2.94	1.31	4.25	3.27	1.18	4.25	1.7	3.6	19.22	7.97	4.77	4.77	4.58	0.76	0.21	0.43	0.85	0.38	0.17	0.55	0.43	0.15	0.55	0.22	0.39	0.47	0.07	0.44	3.22	20.27	0.2	0	45	0.24	0	0	0	0.2	0.23	0.19	0.21	0.03	0.07	0.37	0.13	0.22	4	70	40	0.24	30	0.06	0	0.15	0.51	14.3	10	1	1.3	6.49	0	0	900	0	14.89	0.2	1200	193	0.1	0	0	0	0	78	85	85	79	76	85	80	85	76	83	68	78	85	95	70	85	90	90	90	90	0	30	0	30	70.5	13	5.2	3276	50.79	46.01	43.3	46.01	85	85	85	85	85	85	85	85	85	85	85	85	1.18	0.06	2.17	2.23	0.12	0	0	0	0	1.25	2.22	2.59	0.13	2.47	0.18	0	491	36.5	1.9	0	0	0	20.5	36.4	42.4	23	250	57	646	0	0	0.7	0	0	0	0	0	0	0	0	0	78	85	86	82	83	83	79	86	84	80	82	81	85	84	78	85	86	82	83	83	79	86	84	80	82	81	85	84	0.77	0.21	0.42	0.83	0.36	0.17	0.55	0.4	0.15	0.53	0.22	0.46	0.77	0.21	0.42	0.83	0.36	0.17	0.55	0.4	0.15	0.53	0.22	0.46	1190
30706	Oat. grain	0.15	89.7	10.3	10.7	4.5	10.7	3.6	60.2	35.5	16.2	70.9	33.8	1.6	19.3	16	3903	2537	2537	2537	2537			2069	2420	2420	2420	1873	2303	2303	2303	2498	5.7	7.4	7.4	5.9			4.3	6.3	6.3	6.3	4	5.9	5.9	5.9	0.7	0.17	0.44	0.8	0.39	0.17	0.52	0.31	0.15	0.55	0.19	0.36	0.46	0.98	2.08	0.87	0.54	0.51	0.51	4.2	5.16	0	6.54	1.59	4.11	7.48	3.65	1.59	4.86	2.9	1.4	5.14	1.78	4.3	19.44	8.13	5.05	4.77	4.77	0.56	0.14	0.35	0.64	0.31	0.14	0.42	0.25	0.12	0.44	0.15	0.29	0.37	0.26	0.4	7.21	11	0.18	0	45	0.21	0	0	0	0.18	0.21	0.17	0.19	0.04	0.08	0.45	0.76	0.18	5	80	44	0.23	26	0.06	0	0.18	0.4	14	7.8	2.5	1.5	6.3	0	0	1000	0	11.17	0.2	992	145	0.1	0	0	0	0	62	80	85	65	59	85	80	85	53	62	48	59	85	95	70	85	90	90	90	90	0	30	0	30	55.6	8.6	3.8	2537	41.83	28.73	27.04	28.73	80	80	80	80	80	80	80	80	80	80	80	80	0.84	0.04	1.54	1.75	0.07	0	0	0	0	0.95	1.74	1.73	0.08	1.94	0.13	0	400	38.9	1.5	0	0	0	21	38.7	38.4	10	250	300	778	0	0	0.5	0	0	0	0	0	0	0	0	0	63	80	89	85	80	83	76	84	86	71	78	79	75	82	63	80	88	82	81	82	75	91	85	74	81	80	74	78	0.62	0.14	0.35	0.66	0.3	0.14	0.45	0.22	0.12	0.43	0.14	0.38	0.62	0.14	0.36	0.66	0.29	0.15	0.44	0.23	0.12	0.44	0.14	0.36	878
30707	Oat. hulls	0.15	92.7	7.3	4.3	1	30.7	6.5	50.2	78	44	80.9	1.7	1.2	34	15	3621	1448	1448	1448	1448			362	797	797	797	362	760	760	760	1434	1.2	1.3	1.3	1.2			0.9	2	2	2	0.9	1.9	1.9	1.9	0.17	0.06	0.15	0.28	0.17	0.08	0.23	0.14	0.09	0.21	0.06	0.14	0.12	0.35	0.85	0.33	0.2	0.18	0.18	1.58	1.92	0	3.95	1.4	3.49	6.51	3.95	1.86	5.35	3.26	2.09	4.88	1.4	2.79	19.77	7.67	4.65	4.19	4.19	0.13	0.04	0.11	0.21	0.13	0.06	0.17	0.11	0.07	0.16	0.04	0.1	0.09	0.34	0.56	5.23	8.56	0.25	0	45	0.3	0	0	0	0.25	0.29	0.24	0.26	0.06	0.1	0.54	0.8	0.2	4	102	58	0.24	27	0.05	0	0.25	0.96	9.2	3.1	2.19	1.5	7	0	0	900	0	7.87	0.2	260	79	0.1	0	0	0	0	39	75	85	40	36	85	80	85	10	22	10	21	85	95	70	85	90	90	90	90	0	30	0	30	36.1	3.2	0.9	1448	29.11	1.4	1.32	1.4	75	75	75	75	75	75	75	75	75	75	75	75	0.87	0.3	2.44	0.39	0.02	0	0	0	0	0.21	0.39	0.38	0.02	0.43	0.03	0	300	38.9	1.5	0	0	0	21	38.7	38.4	10	100	57	646	0	0	0.3	0	0	0	0	0	0	0	0	0	40	75	75	75	75	75	75	75	75	75	75	75	75	75	40	75	75	75	75	75	75	75	75	75	75	75	75	75	0.13	0.04	0.11	0.21	0.13	0.06	0.17	0.11	0.07	0.16	0.04	0.09	0.13	0.04	0.11	0.21	0.13	0.06	0.17	0.11	0.07	0.16	0.04	0.09	397
30805	Palm kernel meal. expeller. SE Asia	0.12	94.7	5.3	15.9	11.8	17.5	5	44.5	62	44.5	62	0	0	17.5	19	4515	2483	2483	2483	2483			1625	1806	1806	1806	1625	1806	1806	1806	2428	6.5	6.5	6.5	6.5			5.1	5.4	5.4	5.4	5.1	5.4	5.4	5.4	1.88	0.4	0.38	0.91	0.5	1	0.58	0.5	0.98	0.68	0.72	1.71	0.18	0.76	2.99	1.42	0.72	0.68	0.64	7.81	7.35	0	11.84	2.52	2.4	5.7	3.15	6.26	3.66	3.15	6.16	4.29	4.53	1.15	18.81	8.93	4.53	4.28	4.03	1.41	0.3	0.29	0.68	0.38	0.75	0.44	0.38	0.74	0.51	0.54	1.29	0.14	0.61	0.56	12.2	11.2	0.28	0	50	0.28	0	0	0	0.24	0.28	0.22	0.25	0.02	0.16	0.67	0.25	0.19	22	351	344	0.1	43	0.05	0	0.2	0.5	40	10	10	5	0.5	0	0	1667	0	14.89	0.05	500	273	0.1	0	0	0	0	49	75	85	55	35	85	80	85	36	40	36	40	85	95	70	85	90	90	90	90	0	30	0	30	46.4	11.9	10	2483	21.7	0	0	0	75	75	75	75	75	75	75	75	75	75	75	75	1	0.3	2.44	1.07	0.02	0	0	0	0	6.09	4.37	1.12	0.03	1.19	0.23	0	78	9.1	0.2	0	0	0	51.6	37	9.5	10	0	57	646	0	0	1	0	0	4500	0	0	0	0	0	0	48	75	75	75	75	75	75	75	75	75	75	75	75	75	48	75	75	75	75	75	75	75	75	75	75	75	75	75	1.41	0.3	0.29	0.68	0.38	0.75	0.44	0.38	0.74	0.51	0.54	0.14	1.41	0.3	0.29	0.68	0.38	0.75	0.44	0.38	0.74	0.51	0.54	0.14	754
30806	Palm kernel meal. expeller	0.12	93	7	16.3	8.9	16.9	4.1	46.8	63	44.5	63.7	0.7	0	18.5	18	4338	2299	2299	2299	2299			1432	1648	1648	1648	1432	1648	1648	1648	2243	5.7	5.7	5.7	5.7			4.3	4.7	4.7	4.7	4.3	4.7	4.7	4.7	1.85	0.4	0.4	0.92	0.51	1.01	0.61	0.51	0.98	0.77	0.72	1.73	0.23	0.84	3.06	1.45	0.73	0.7	0.65	7.97	7.54	0	11.36	2.48	2.45	5.64	3.1	6.21	3.73	3.15	6.01	4.73	4.42	1.44	18.77	8.9	4.48	4.29	3.99	1.39	0.3	0.3	0.69	0.38	0.76	0.46	0.39	0.73	0.58	0.54	1.3	0.18	0.28	0.6	6.82	14.63	0.3	0	50	0.29	0	0	0	0.24	0.29	0.23	0.26	0.02	0.16	0.67	0.31	0.3	28	589	210	0.1	45	0.05	0	0.2	0.5	40	10	10	5	0.5	0	0	1667	0	14.89	0.05	500	292	0.1	0	0	0	0	47	75	85	53	35	85	80	85	33	38	33	38	85	95	70	85	90	90	90	90	0	30	0	30	43.7	12.2	7.6	2299	22.3	0.6	0.56	0.6	75	75	75	75	75	75	75	75	75	75	75	75	0.55	0.14	1.21	0.81	0.02	0	0	0	0	4.59	3.29	0.85	0.02	0.9	0.17	0	59	9.1	0.2	0	0	0	51.6	37	9.5	10	0	57	646	0	0	1.1	0	0	4500	0	0	0	0	0	0	48	75	75	75	75	75	75	75	75	75	75	75	75	75	48	75	75	75	75	75	75	75	75	75	75	75	75	75	1.39	0.3	0.3	0.69	0.38	0.76	0.46	0.39	0.73	0.58	0.54	0.18	1.39	0.3	0.3	0.69	0.38	0.76	0.46	0.39	0.73	0.58	0.54	0.18	754
30807	Palm kernel meal. solvent extracted	0.12	92	8	17.5	1.4	19.6	3.9	49.6	65	45	69.2	1.2	3	20	16	3929	1925	1925	1925	1925			1022	1257	1257	1257	982	1257	1257	1257	1865	3.5	3.7	3.7	3.6			2.5	3	3	3	2.5	3	3	3	2.01	0.5	0.64	1.19	0.54	1.12	0.79	0.61	1.03	0.82	0.81	1.92	0.23	1.02	3.29	1.56	0.82	0.77	0.74	9.25	8.22	0	11.49	2.83	3.66	6.8	3.09	6.39	4.51	3.49	5.9	4.69	4.6	1.31	18.8	8.91	4.69	4.4	4.23	1.51	0.37	0.48	0.89	0.41	0.84	0.59	0.46	0.77	0.62	0.6	1.44	0.17	0.27	0.66	6.92	16.92	0.33	0	50	0.32	0	0	0	0.27	0.32	0.26	0.29	0.03	0.16	0.67	0.34	0.3	31	410	249	0.1	52	0.05	0	0.2	0.5	40	10	10	5	0.5	0	0	1667	0	14.89	0.05	500	322	0.1	0	0	0	0	46	75	85	49	38	85	80	85	26	32	25	32	85	95	70	85	90	90	90	90	0	30	0	30	42.3	13.1	1.2	1925	26.3	1.02	0.96	1.02	75	75	75	75	75	75	75	75	75	75	75	75	0.09	0.02	0.21	0.13	0	0	0	0	0	0.72	0.52	0.13	0	0.14	0.02	0	9	9.1	0.2	0	0	0	51.6	37	9.5	10	0	57	646	0	0	1.2	0	0	100	0	0	0	0	0	0	46	75	75	75	75	75	75	75	75	75	75	75	75	75	46	75	75	75	75	75	75	75	75	75	75	75	75	75	1.51	0.37	0.48	0.89	0.41	0.84	0.59	0.46	0.77	0.62	0.6	0.17	1.51	0.37	0.48	0.89	0.41	0.84	0.59	0.46	0.77	0.62	0.6	0.17	300
30825	Passion fruit. pulp. dried	6	90.7	9.3	12.4	6	34.9	1.1	36.3	65	42.5	71.1	3.1	3	22.5	17	4152	2117	2117	2117	2117			1204	1495	1495	1495	1204	1495	1495	1495	2075	4.4	4.7	4.7	4.5			3.4	4.1	4.1	4.1	3.3	4.1	4.1	4.1	1.5	0.25	0.31	0.65	0.26	0.3	0.85	0.33	0	0.43	0.5	0.8	0	0.85	2.33	1.1	0.58	0.55	0.52	4.88	5.58	0	12.1	2.02	2.5	5.24	2.1	2.42	6.86	2.66	0	3.47	4.03	0	18.79	8.87	4.68	4.43	4.19	1.13	0.19	0.23	0.49	0.2	0.22	0.64	0.25	0	0.32	0.37	0.6	0	0.07	0.15	6	13	0.07	0	50	0.08	0	0	0	0.07	0.08	0.06	0.07	0.03	0.05	0.6	0.1	0.1	11	413	91	0.1	45	0.06	0	0.1	0.4	40	20	10	5	1	0	50	0	0	3.72	0.5	500	141	5	0	0	0	0	47	75	85	51	39	85	80	85	29	36	29	36	85	95	70	85	90	90	90	90	0	30	0	30	42.6	9.3	5.1	2117	27.73	2.64	2.49	2.64	75	75	75	75	75	75	75	75	75	75	75	75	0.87	0.3	2.44	3.76	0.34	0	0	0	0	0.54	1.2	4.13	0.38	4.18	1.74	0	40	62.3	5.6	0	0	0	8.9	19.9	68.3	10	0	57	646	0	0	0.5	0	0	0	0	0	0	0	0	0	47	75	75	75	75	75	75	75	75	75	75	75	75	75	47	75	94	80	78	82	72	90	92	59	75	76	75	84	1.13	0.19	0.23	0.49	0.2	0.22	0.64	0.25	0	0.32	0.37	0	1.41	0.2	0.24	0.53	0.19	0.27	0.78	0.19	0	0.33	0.37	0	500
30835	Pea protein concentrate	1.8	90.2	9.8	54.4	1.7	0	7.3	26.9	10	5	26.9	13.9	3	5	18	4316	3755	3755	3755	3755			3626	3755	3755	3755	3539	3712	3712	3712	3518	12.8	13.6	13.6	13			8.6	8.4	8.4	8.4	8.5	8.3	8.3	8.3	3.68	1.25	3.26	5.58	4.85	0.75	2.58	2.03	0.54	2.69	0.62	1.37	1.86	4.44	8.7	6.31	2.39	3.38	2.45	27.22	25.71	0	6.77	2.3	6	10.26	8.91	1.38	4.75	3.74	1	4.94	1.14	3.42	16	11.6	4.39	6.21	4.5	3.5	1.19	3.1	5.3	4.6	0.71	2.45	1.93	0.52	2.55	0.59	1.3	1.77	0.16	0.84	2.24	11.58	0.42	0	50	0.41	0	0	0	0.34	0.41	0.33	0.37	0.1	0.25	1.1	0.2	0.3	8	85	10	0.08	40	0.06	0	0.35	0.4	50	20	2	1	6	0	50	0	0	14	0.5	700	409	0.1	0	0	0	0	83	95	85	87	66	85	80	85	84	87	82	86	85	95	70	85	90	90	90	90	0	30	0	30	74.9	51.7	1.4	3755	17.72	11.77	11.08	11.77	95	95	95	95	95	95	95	95	95	95	95	95	0.14	0.03	0.27	0.59	0.12	0	0	0	0	0.61	0.37	0.68	0.14	0.66	0.48	0	1500	35.2	7.3	0	0	0	35.8	21.7	40.5	10	100	57	646	2000	0	1.5	0	0	60	2484	0	0	0	5.4	0	83	95	95	95	95	95	95	95	95	95	95	95	95	95	83	95	95	95	95	95	95	95	95	95	95	95	95	95	3.5	1.19	3.1	5.3	4.6	0.71	2.45	1.93	0.52	2.55	0.59	1.77	3.5	1.19	3.1	5.3	4.6	0.71	2.45	1.93	0.52	2.55	0.59	1.77	2632
30836	Pea protein concentrate. 85% CP	1.8	93.9	6.1	84	4.7	0.3	3	1.9	2	0	2.2	0.2	0	2	22	5265	4897	4897	4897	4897			4897	4897	4897	4897	4897	4897	4897	4897	4531	18.9	18.9	18.9	18.9			12.5	11	11	11	12.5	11	11	11	7.06	2.1	5.21	5.96	6.05	0.84	4.79	3.19	0.84	4.2	1.18	2.02	2.6	7.39	13.44	9.74	3.7	5.63	3.78	40.24	40.07	0	8.4	2.5	6.2	7.1	7.2	1	5.7	3.8	1	5	1.41	3.1	16	11.6	4.41	6.7	4.5	6.71	2	4.95	5.66	5.75	0.8	4.55	3.03	0.8	3.99	1.12	1.92	2.47	0.09	0.84	3	28	0.42	0	50	0.42	0	0	0	0.35	0.42	0.34	0.37	0.08	0.2	0.99	0.17	0.2	8	107	10	0.08	37	0.05	0	0.2	0.4	32	18.7	1.5	1.8	4.6	0	50	0	0	17	0.5	800	409	0.1	0	0	0	0	92	95	85	93	39	85	80	85	93	93	93	93	85	95	70	85	90	90	90	90	0	30	0	30	86.4	79.8	4	4897	0.87	0.19	0.18	0.19	95	95	95	95	95	95	95	95	95	95	95	95	0.35	0.08	1.1	1.65	0.34	0	0	0	0	1.68	1.02	1.9	0.38	1.84	1.35	0	2420	35.2	7.3	0	0	0	35.8	21.7	40.5	10	100	57	646	2000	0	1.5	0	0	60	1600	0	0	0	7	0	92	95	95	95	95	95	95	95	95	95	95	95	95	95	92	95	95	95	95	95	95	95	95	95	95	95	95	95	6.71	2	4.95	5.66	5.75	0.8	4.55	3.03	0.8	3.99	1.12	2.47	6.71	2	4.95	5.66	5.75	0.8	4.55	3.03	0.8	3.99	1.12	2.47	2632
30837	Pea. seed. shelled and extruded	0.15	89.9	10.1	24.3	1.2	6.5	3.2	54.8	14	8.7	61.3	42.4	4.9	5.3	17	3972	3138	3138	3138	3138			2979	3218	3218	3218	2701	3019	3019	3019	3038	8.2	10.5	10.5	8.6			5.8	7.6	7.6	7.6	5.5	7.2	7.2	7.2	1.87	0.58	0.98	1.63	1.4	0.22	1.09	0.87	0.2	1.09	0.27	0.49	3.81	4.9	4.13	2.82	1.07	1.14	1.09	9.93	14.33	0	7.7	2.39	4.03	6.71	5.76	0.91	4.49	3.58	0.82	4.49	1.11	15.68	17	11.61	4.4	4.69	4.49	1.68	0.52	0.88	1.47	1.26	0.2	0.98	0.78	0.18	0.98	0.24	0.44	3.43	0.11	0.42	3.45	13.2	0.21	0	50	0.2	0	0	0	0.17	0.2	0.16	0.18	0.04	0.12	0.99	0.12	0.18	9	95	13	0.38	45	0.06	0	0.35	0.2	31	27.7	1.96	1.8	4.6	0	50	267	0	7.5	0.5	547	205	1	0	0	0	0	77	90	85	79	73	85	80	85	75	81	68	76	85	95	70	85	90	90	90	90	0	30	0	30	69.3	21.9	1	3138	44.72	36.01	33.89	36.01	90	90	90	90	90	90	90	90	90	90	90	90	0.13	0.03	0.27	0.42	0.09	0	0	0	0	0.43	0.26	0.49	0.1	0.47	0.34	0	1000	35.2	7.3	0	0	0	35.8	21.7	40.5	10	100	57	646	3170	0	0.7	0	0	5000	1600	0	0	0	1.8	0	77	90	92	88	83	85	88	80	86	78	75	80	73	85	77	90	92	88	83	85	88	80	86	78	75	80	73	85	1.72	0.51	0.81	1.39	1.23	0.18	0.94	0.68	0.15	0.87	0.2	3.24	1.72	0.51	0.81	1.39	1.23	0.18	0.94	0.68	0.15	0.87	0.2	3.24	1094
30838	Pea protein concentrate. Lysamine GPS. Roquette	0.15	93	7	76	4	0.4	3	9.6	2	0	10	0.5	0.1	9.4	21	5067	4459	4459	4459	4459			4408	4510	4510	4510	4408	4510	4510	4510	4128	17	17.1	17.1	17			11.3	10.2	10.2	10.2	11.3	10.2	10.2	10.2	6.38	1.9	3.19	7.68	5.47	0.76	4.33	2.89	0.76	3.65	1.06	1.82	2.36	6.69	12.16	8.82	3.34	5.09	3.42	37.01	36.25	0	8.4	2.5	4.2	10.11	7.2	1	5.7	3.8	1	4.8	1.4	3.11	16	11.61	4.39	6.7	4.5	6.06	1.81	3.03	7.3	5.2	0.72	4.11	2.75	0.72	3.47	1.01	1.73	2.24	0.1	0.84	3.33	28	0.42	0	50	0.42	0	0	0	0.35	0.42	0.34	0.37	0.01	0.06	0.99	0.17	0.3	8	107	10	0.08	37	0.05	0	0.2	0.4	32	18.7	1.5	1.8	4.6	0	50	267	0	3.35	0.5	1000	409	0.1	0	0	0	0	84	95	85	88	12	85	80	85	87	89	87	89	85	95	70	85	90	90	90	90	0	30	0	30	78.1	72.2	3.4	4459	1.2	0.43	0.4	0.43	95	95	95	95	95	95	95	95	95	95	95	95	0.87	0.3	2.44	1.6	0.34	0	0	0	0	0.7	1	2.2	0.38	1.78	1.15	0	1500	40	8.5	0	0	0	17.5	25	55	10	100	57	646	2000	0	1.5	0	0	5000	1600	0	0	0	0	0	95	95	95	95	95	95	95	95	95	95	95	95	95	95	95	95	95	95	95	95	95	95	95	95	95	95	95	95	6.06	1.81	3.03	7.3	5.2	0.72	4.11	2.75	0.72	3.47	1.01	2.24	6.06	1.81	3.03	7.3	5.2	0.72	4.11	2.75	0.72	3.47	1.01	2.24	2632
30839	Pea flour. United Pulse Trading	0.15	93.6	6.4	16.2	2.2	5	3	67.2	15	8	72.2	40	4	20.2	17	4054	2716	2716	2716	2716			2513	2919	2919	2919	2270	2756	2756	2756	2649	7	8.9	8.9	7.1			4.9	7.2	7.2	7.2	4.6	6.8	6.8	6.8	1.13	0.36	0.54	0.98	1	0.1	0.66	0.48	0.2	0.63	0.2	0.3	0.29	0.95	2.54	1.73	0.61	0.66	0.6	6.08	6.63	0	6.98	2.22	3.33	6.05	6.17	0.62	4.07	2.96	1.24	3.89	1.24	1.79	15.68	10.68	3.77	4.07	3.7	1.11	0.33	0.53	0.95	0.99	0.1	0.61	0.48	0.19	0.62	0.18	0.28	0.28	0.1	0.26	3.33	8.66	0.13	0	50	0.12	0	0	0	0.1	0.12	0.1	0.11	0	0.1	0.99	0.1	0.08	8	70	13	0	19.7	0.1	0	0.17	0.2	31	27.7	1.96	1.8	4.6	0	50	267	0	7.5	0.5	630	202	1	0	0	0	0	65	90	85	67	59	85	85	85	62	72	56	68	85	95	70	85	90	90	90	90	0	30	0	30	60.8	14.6	1.9	2716	42.6	34	34	34	98	93	98	97	99	99	93	99	95	98	90	98	0.87	0.3	2.44	0.88	0.19	0	0	0	0	0.39	0.55	1.21	0.21	0.98	0.63	0	1500	40	8.5	0	0	0	17.5	25	55	10	100	57	646	2000	0	0.5	0	0	4000	1600	0	0	0	0	0	95	95	95	95	95	95	95	95	95	95	95	95	95	95	95	95	95	95	95	95	95	95	95	95	95	95	95	95	1.07	0.34	0.51	0.93	0.95	0.09	0.63	0.46	0.19	0.6	0.19	0.28	1.07	0.34	0.51	0.93	0.95	0.09	0.63	0.46	0.19	0.6	0.19	0.28	900
30840	Pea seed. temperature treated	0.15	88.1	11.9	20.6	1.4	6	2.8	57.3	12.1	7.4	63.3	42.5	3.5	9.9	16	3865	2899	2899	2899	2899			2744	3053	3053	3053	2512	2860	2860	2860	2813	7.5	9.7	9.7	7.8			5.4	7.3	7.3	7.3	5	6.9	6.9	6.9	1.75	0.58	0.85	1.63	1.47	0.21	1.09	0.78	0.19	0.97	0.28	0.49	0.82	1.91	3.21	2.41	1.87	1.14	1.1	9.52	10.84	0	8.49	2.82	4.13	7.91	7.14	1.02	5.29	3.79	0.92	4.71	1.36	4	15.6	11.69	9.08	5.53	5.34	1.66	0.55	0.81	1.55	1.4	0.2	1.04	0.74	0.18	0.92	0.27	0.47	0.78	0.08	0.4	2.85	14.28	0.2	0	50	0.19	0	0	0	0.16	0.19	0.15	0.17	0.02	0.07	0.99	0.12	0.18	9	95	13	0.04	45	0.06	0	0.17	0.2	31	27.7	1.96	1.8	4.6	0	50	267	0	7.5	0.5	630	202	1	0	0	0	0	73	90	85	75	68	85	80	85	71	79	65	74	85	95	70	85	90	90	90	90	0	30	0	30	64.3	18.5	1.2	2899	43.04	36.13	34	36.13	95	95	95	95	95	95	95	95	95	95	95	95	0.13	0.03	0.27	0.56	0.12	0	0	0	0	0.25	0.35	0.77	0.13	0.62	0.4	0	2500	40	8.5	0	0	0	17.5	25	55	10	100	57	646	2000	0	0.7	0	0	5000	1600	0	0	0	0	0	95	95	95	95	95	95	95	95	95	95	95	95	95	95	95	95	95	95	95	95	95	95	95	95	95	95	95	95	1.66	0.55	0.81	1.55	1.4	0.2	1.04	0.74	0.18	0.92	0.27	0.78	1.66	0.55	0.81	1.55	1.4	0.2	1.04	0.74	0.18	0.92	0.27	0.78	1034
30841	Cowpea seed	0.7	89.1	10.9	22.4	1.4	4.7	3.9	56.7	12.9	5.6	61.4	42.2	4.2	9.4	16	3889	2955	2955	2955	2955			2761	3072	3072	3072	2528	2878	2878	2878	2868	7.6	9.8	9.8	7.9			5.4	7.3	7.3	7.3	5	6.9	6.9	6.9	1.51	0.74	0.89	1.67	1.46	0.33	1.23	0.86	0.25	1.05	0.25	0.58	0.68	1.91	3.54	2.34	0.88	1.09	0.93	9.99	9.71	0	6.74	3.3	3.97	7.46	6.52	1.47	5.49	3.84	1.12	4.69	1.12	3.04	15.8	10.45	3.93	4.87	4.15	1.28	0.63	0.76	1.42	1.24	0.28	1.05	0.73	0.21	0.89	0.21	0.49	0.58	0.11	0.33	2.82	8.46	0.24	0	72.72	0.09	0	0	0	0.08	0.11	0.07	0.09	0.01	0.02	1.34	0.21	0.27	8	379	18	0.09	34	0.06	0.3	0.09	0	95.5	14.1	4.3	1.8	8.4	0	15.3	500	0	4	0.05	965	268	0	0	0	0	0	74	85	70	76	71	85	80	85	71	79	65	74	85	95	70	85	90	90	90	90	0	30	0	30	65.9	19	1	2955	43.59	35.87	33.76	35.87	85	85	85	85	85	85	85	85	85	85	85	85	0.27	0.07	0.11	0.34	0.21	0	0	0	0	0.43	0.12	0.55	0.23	0.38	0.38	0	34	24.28	15	0	0	0	30.85	8.64	39.28	23	50	57	646	3050	0	0.9	0	0	3000	2000	0	0	0	113	0	76	95	95	95	95	95	95	95	95	95	95	95	95	95	76	92	95	95	95	95	95	95	95	95	95	95	95	95	1.43	0.7	0.85	1.59	1.39	0.31	1.17	0.82	0.24	1	0.24	0.65	1.43	0.7	0.85	1.59	1.39	0.31	1.17	0.82	0.24	1	0.24	0.65	550
30845	Peanut meal. expeller. with hulls	0.3	90.5	9.5	45.5	6.2	8.2	5.4	25.1	14	8.7	33.4	14.4	5	5.3	19	4500	3465	3465	3465	3465			3285	3375	3375	3375	3195	3330	3330	3330	3294	11.4	12.3	12.3	11.6			8	8.2	8.2	8.2	7.9	8.1	8.1	8.1	4.79	1	1.56	2.99	1.46	0.43	2.25	1.23	0.45	1.99	0.6	1.03	1.49	3.74	9.51	5.73	2.78	2.32	1.91	18.15	24.34	0	10.53	2.2	3.43	6.57	3.21	0.95	4.95	2.7	0.99	4.37	1.32	3.28	20.9	12.59	6.11	5.1	4.2	3.93	0.82	1.28	2.45	1.2	0.35	1.85	1.01	0.37	1.63	0.49	0.85	1.22	0.25	0.53	4.6	9.76	0.26	0	50	0.26	0	0	0	0.22	0.26	0.21	0.23	0.04	0.03	1.22	0.33	0.3	23.7	347	36.7	0.06	52.5	0.06	0	0.33	0.4	166	47	10	5.2	7.1	0	0	1667	0	1.79	0.05	1655	258	0	0	0	0	0	74	82	85	77	64	85	80	85	73	75	71	74	85	95	70	85	90	90	90	90	0	30	0	30	67	37.3	5.3	3465	21.36	12.21	11.5	12.21	82	82	82	82	82	82	82	82	82	82	82	82	0.09	0.03	0.49	0.26	0.01	0	0	0	0	1.1	2.86	1.98	0.01	0.29	0.62	0	97	4.2	0.1	0	0	0	17.8	46.2	32	10	0	2682	249	0	0	0.9	0	0	0	0	0	0	0	50	0	74	82	82	82	82	82	82	82	82	82	82	82	82	82	74	82	93	83	84	85	75	81	90	78	80	83	78	92	3.93	0.82	1.28	2.45	1.2	0.35	1.84	1.01	0.37	1.63	0.49	1.22	4.45	0.83	1.31	2.54	1.1	0.35	2.02	0.96	0.36	1.65	0.47	1.37	550
30846	Peanut meal. solvent extracted. dehulled	0.3	90.7	9.3	47.5	1.3	8.9	5.7	27.3	22.4	9.8	36.2	8.8	5	12.6	18	4271	3289	3289	3289	3289			2990	3161	3161	3161	2904	3118	3118	3118	3095	10.4	11.1	11.1	10.6			7	7.1	7.1	7.1	6.9	7	7	7	4.25	1.32	1.44	2.65	1.91	1.31	2.85	1.61	1.33	2.39	1.08	2.39	3.65	6.5	7.89	4.7	2.38	1.9	1.66	21.06	23.26	0	8.95	2.78	3.03	5.58	4.02	2.76	6	3.39	2.8	5.03	2.27	7.68	16.61	9.9	5.01	4	3.5	3.79	1.18	1.28	2.36	1.7	1.17	2.54	1.44	1.19	2.13	0.96	2.13	3.26	0.2	0.64	3.49	11.16	0.32	0	50	0.31	0	0	0	0.26	0.31	0.25	0.28	0.08	0.78	1.22	0.31	0.35	93.03	200.33	27.55	0.16	29.73	0.06	0	0.53	0.25	104.5	45.25	7.11	6.9	3.3	0	0	1667	0	3.13	0.05	1279	312	0	0	0	0	0	73	89	85	77	54	85	80	85	70	74	68	73	85	95	70	85	90	90	90	90	0	30	0	30	66.2	42.3	1.1	3289	19.54	7.47	7.03	7.47	89	89	89	89	89	89	89	89	89	89	89	89	0.08	0.03	0.44	0.26	0	0	0	0	0	0.23	0.6	0.42	0	0.29	0.13	0	20	20	0.1	0	0	0	17.8	46.2	32	10	0	2682	249	0	0	1.1	0	0	0	0	0	0	0	50	0	73	89	89	89	89	89	89	89	89	89	89	89	89	89	73	89	93	83	84	85	75	81	90	78	80	83	78	92	3.78	1.17	1.28	2.36	1.7	1.17	2.54	1.43	1.18	2.13	0.96	3.25	3.95	1.1	1.21	2.25	1.43	1.06	2.57	1.26	1.06	1.98	0.84	3.36	550
30847	Peanut meal 50% CP	0.3	90	10	55.4	5.8	5.3	5.1	18.4	16	7	23.7	15.2	2	0	19	4630	3518	3518	3518	3518			3333	3380	3380	3380	3241	3333	3333	3333	3328	11.7	12.5	12.5	11.8			8.1	8	8	8	7.9	7.8	7.8	7.8	5.52	1.03	1.69	3.2	1.68	0.7	2.41	1.14	0.2	2.09	0.89	1.59	1.51	3.92	9.36	5.47	2.91	1.48	2.05	19.66	23.67	0	9.96	1.86	3.05	5.78	3.03	1.26	4.35	2.06	0.36	3.77	1.61	2.73	16.9	9.87	5.25	2.67	3.7	4.69	0.88	1.44	2.72	1.43	0.6	2.05	0.97	0.17	1.78	0.76	1.35	1.28	0.4	0.7	7.84	13.72	0.35	0	50	0.34	0	0	0	0.29	0.34	0.27	0.3	0.02	0.03	1.22	0.35	0.31	18	220	42	0.16	55	0.06	0	0.39	0.4	166	47	10	7	7	0	0	1667	0	2	0.05	1900	258	0	0	0	0	0	76	75	70	76	85	85	80	85	72	73	70	72	85	95	70	85	90	90	90	90	0	30	0	30	68.4	41.6	4.1	3518	20.15	12.92	12.16	12.92	85	85	85	85	85	85	85	85	85	85	85	85	0.09	0.03	0.49	0	0	0	0	0	0	0.86	3.27	1.36	0	0	1.39	0	91	0	0	0	0	0	14.8	56.3	23.43	10	0	2682	249	0	0	1.2	0	0	0	0	0	0	0	0	0	85	85	85	85	85	85	85	85	85	85	85	85	85	85	80	85	93	83	84	85	75	81	90	78	80	83	78	92	4.69	0.88	1.44	2.72	1.43	0.6	2.05	0.97	0.17	1.78	0.76	1.28	5.13	0.85	1.42	2.72	1.26	0.57	2.17	0.89	0.16	1.73	0.69	1.39	550
30855	Potato protein concentrate. 74% CP	1	92.5	7.5	74.3	2.1	1	2.2	12.8	1	0.2	13.9	7.9	5	0.8	21	4950	4356	4356	4356	4356			4356	4405	4405	4405	4306	4356	4356	4356	4052	15.8	16.4	16.4	16			10.5	9.8	9.8	9.8	10.5	9.7	9.7	9.7	3.86	1.59	4.66	7.77	6.05	1.94	5.1	4.41	0.95	4.92	1.34	3.28	4.68	9.78	7.73	6.99	4.98	2.6	2.67	41.25	30.99	0	5.2	2.14	6.27	10.46	8.14	2.61	6.86	5.94	1.28	6.62	1.8	6.3	10.41	9.41	6.7	3.5	3.59	3.67	1.51	4.43	7.38	5.75	1.84	4.84	4.19	0.9	4.67	1.27	3.12	4.45	0.15	0.45	6.81	20.45	0.22	0	50	0.22	0	0	0	0.18	0.22	0.18	0.2	0.05	0.29	0.54	0.1	0.4	14	190	13	0.1	24	0.05	0	0.1	1	12	5	2	0.5	1.1	0	170	0	0	0.45	0.01	1500	219	0	0	0	0	0	87	89	85	88	81	85	80	85	88	89	87	88	85	95	70	85	90	90	90	90	0	30	0	30	80.4	66.1	1.8	4356	11.22	6.72	6.32	6.72	95	95	95	95	95	95	95	95	95	95	95	95	0.27	0.07	0.02	1.16	0.36	0	0	0	0	0.46	0.04	1.51	0.4	1.28	0.21	0	100	55	17	0	0	0	22	2	72	10	300	57	646	0	0	0.8	0	0	0	0	0	0	0	0	0	92	95	95	95	95	95	95	95	95	95	95	95	95	95	92	95	95	95	95	95	95	95	95	95	95	95	95	95	3.67	1.51	4.43	7.38	5.75	1.84	4.84	4.19	0.9	4.67	1.27	4.45	3.67	1.51	4.43	7.38	5.75	1.84	4.84	4.19	0.9	4.67	1.27	4.45	1000
30856	Potato protein concentrate. 78% CP	1	91.5	8.5	78.1	0.4	0.1	1.3	11.6	0	0	11.7	1.2	0.5	10	21	4919	4328	4328	4328	4328			4033	4132	4132	4132	3984	4132	4132	4132	4010	15.3	15.4	15.4	15.3			9.9	8.9	8.9	8.9	9.9	8.9	8.9	8.9	4.52	2.83	3.09	5.61	6.04	2.01	2.97	3.28	0.89	3.72	0.7	2.71	2.44	5.41	9.9	6.85	4.76	3.03	4.74	34.96	32.42	0	5.79	3.62	3.96	7.18	7.73	2.57	3.8	4.2	1.14	4.76	0.9	3.12	12.68	8.77	6.1	3.88	6.07	3.84	2.41	2.63	4.77	5.13	1.71	2.52	2.79	0.76	3.16	0.59	2.3	2.07	0.12	0.3	9.38	23.07	0.15	0	50	0.14	0	0	0	0.12	0.14	0.11	0.13	0.02	0	0.4	0.05	0.31	20	190	5	0	25	1	0	0.1	1	12	5	2	0.5	1.1	0	170	0	0	0.5	0.01	1500	77	0	0	0	0	0	87	89	85	88	80	85	80	85	82	84	81	84	85	95	70	85	90	90	90	90	0	30	0	30	79.6	69.5	0.3	4328	9.36	1.02	0.96	1.02	85	85	85	85	85	85	85	85	85	85	85	85	0.27	0.07	0.02	0	0	0	0	0	0	0.09	0.01	0.29	0	0	0.09	0	100	0	0	0	0	0	23.3	1.9	72.4	0	0	0	0	0	0	0.5	0	0	0	0	0	0	0	0	0	85	85	85	85	85	85	85	85	85	85	85	85	85	85	80	85	85	85	85	85	85	85	85	85	85	85	85	85	3.84	2.41	2.63	4.77	5.13	1.71	2.52	2.79	0.76	3.16	0.59	2.07	3.84	2.41	2.63	4.77	5.13	1.71	2.52	2.79	0.76	3.16	0.59	2.07	1000
30857	Potato protein concentrate 87% CP. Protastart. AVEBE	1	93.3	6.7	87	2.9	0.1	1.2	2.1	0	0	2.2	0.2	0.7	1.3	22	5268	4478	4478	4478	4478			4425	4425	4425	4425	4425	4425	4425	4425	4138	17	17.1	17.1	17.1			11.2	9.8	9.8	9.8	11.2	9.8	9.8	9.8	4.32	1.91	4.96	8.52	6.53	1.9	5.57	4.96	0.2	5.72	1.37	3.27	4.89	10.46	9.25	9.95	4.05	4.96	4.05	44.59	38.52	0	4.97	2.19	5.7	9.79	7.51	2.18	6.4	5.7	0.23	6.58	1.58	5.62	10.63	11.44	4.66	5.7	4.66	3.9	1.61	4.33	7.59	5.9	1.67	4.87	4.16	0.17	4.96	0.91	2.58	4.17	0.1	0.3	8	25	0.15	0	50	0.15	0	0	0	0.13	0.15	0.12	0.13	0.03	0	0.34	0.05	0.31	20	190	5	0	25	0.05	0	0.1	1	12	5	2	0.5	1.1	0	170	0	0	0.5	0.01	1500	77	0	0	0	0	0	85	85	85	85	85	85	85	85	84	84	84	84	85	95	70	85	90	90	90	90	0	30	0	30	79.3	74	2.5	4478	1.87	0.17	0.17	0.17	90	84	87	89	90	88	88	84	85	87	66	85	0.27	0.07	0.02	0	0	0	0	0	0	0.68	0.06	2.1	0	0	0.69	0	100	0	0	0	0	0	23.3	1.9	72.4	0	0	0	0	0	0	0.5	0	0	0	0	0	0	0	0	0	85	85	85	85	85	85	85	85	85	85	85	85	85	85	80	85	85	85	85	85	85	85	85	85	85	85	85	85	3.67	1.62	4.22	7.24	5.55	1.62	4.73	4.22	0.17	4.86	1.16	4.16	3.67	1.62	4.22	7.24	5.55	1.62	4.73	4.22	0.17	4.86	1.16	4.16	1000
30858	Potato starch	0.2	84	16	0.1	0	3.6	0.6	79.7	0	0	83.3	82.8	0.9	0	14	3389	2711	2711	2711	2711			2881	3220	3220	3220	2406	2881	2881	2881	2711	5.7	9.7	9.7	6.1			4.3	8	8	8	3.5	7.1	7.1	7.1	0	0	0	0	0	0	0	0	0	0	0	0	0	0	0	0	0	0	0	0	0	0	0	0	0	0	0	0	0	0	0	0	0	0	0	0	0	0	0	0	0	0	0	0	0	0	0	0	0	0	0	0	0.09	0.19	15	31	0.09	0	50	0.1	0	0	0	0.08	0.1	0.08	0.09	0.01	0	0.09	0.05	0.05	0	0.01	0	0	0	7.96	0	0	0	0	0	0	0	0	0	0	0	0	0	0	0	0	0	0	0	0	0	80	80	85	80	80	85	80	85	85	95	71	85	85	95	70	85	90	90	90	90	0	30	0	30	67.2	0.1	0	2711	66.64	70.38	66.24	70.38	0	0	0	0	0	0	0	0	0	0	0	0	0	0	0	0	0	0	0	0	0	0	0	0	0	0	0	0	0	0	0	0	0	0	23.3	1.9	72.4	0	0	0	0	0	0	0	0	0	0	0	0	0	0	0	0	85	85	85	85	85	85	85	85	85	85	85	85	85	85	80	85	85	85	85	85	85	85	85	85	85	85	85	85	0	0	0	0	0	0	0	0	0	0	0	0	0	0	0	0	0	0	0	0	0	0	0	0	938
30905	Rapeseed meal. solvent extracted. 37% CP	0.26	90	10	37	2	12.7	7.4	30.9	26.3	19.4	43.6	5.1	8.7	10.3	17	4046	2873	2873	2873	2873			2509	2671	2671	2671	2468	2630	2630	2630	2722	8.6	9.2	9.2	8.8			5.9	6.1	6.1	6.1	5.9	6.1	6.1	6.1	1.88	0.93	1.45	3.59	1.51	0.89	1.91	1.55	0.53	1.88	0.75	1.64	2.11	4.02	7.11	2.21	1	1.5	1.6	16.12	16.28	0	5.08	2.51	3.92	9.7	4.08	2.4	5.16	4.19	1.43	5.08	2.03	5.7	19.22	5.97	2.7	4.05	4.32	1.67	0.83	1.29	3.2	1.34	0.79	1.7	1.38	0.47	1.67	0.67	1.46	1.88	0.35	0.66	4.71	8.89	0.34	0	52	0.31	0	0	0	0.26	0.31	0.25	0.28	0.09	0.06	1.26	0.51	0.6	7.1	65.3	82.2	0.16	67.5	0.07	0	0.98	0.95	160	9.5	7.2	3.7	5.2	0	0	1667	0	40.2	0	6700	334	0.1	0	0	0	0	66	89	85	71	48	85	80	85	62	66	61	65	85	95	70	85	90	90	90	90	0	30	0	30	59.4	32.9	1.7	2873	20.91	4.34	4.08	4.34	89	89	89	89	89	89	89	89	89	89	89	89	0.1	0.04	1	0.41	0.24	0	0	0	0	0.15	1.19	0.65	0.27	0.46	0.03	0	131	20.3	12	0	0	0	7.4	59	32.2	10	100	57	646	0	0	1.2	20	8000	7332.8	0	0	0	0	0	0	69	89	89	89	89	89	89	89	89	89	89	89	89	89	69	89	85	83	78	81	76	86	82	75	76	76	78	77	1.67	0.83	1.29	3.2	1.34	0.79	1.7	1.38	0.47	1.67	0.67	1.88	1.6	0.77	1.13	2.91	1.15	0.77	1.57	1.16	0.4	1.43	0.58	1.62	497
30906	Rapeseed meal. expeller. 35% CP	0.26	89.9	10.2	35.2	7.5	11.9	7	28.4	33.3	26	40.2	1	6	7.3	18	4316	2978	2978	2978	2978			2547	2633	2633	2633	2504	2633	2633	2633	2841	9.3	9.6	9.6	9.5			6.7	6.6	6.6	6.6	6.7	6.6	6.6	6.6	1.89	0.87	1.32	2.33	1.5	0.64	1.38	1.46	0.44	1.7	0.57	1.21	0.89	2.27	5.77	2.71	1.87	1.62	1.58	13.53	15.01	0	5.37	2.47	3.75	6.62	4.26	1.82	3.92	4.15	1.25	4.83	1.62	2.53	16.39	7.7	5.31	4.6	4.49	1.61	0.74	1.12	1.98	1.27	0.54	1.17	1.24	0.37	1.45	0.48	1.03	0.76	0.82	1.15	11.79	16.54	0.6	0	52	0.55	0	0	0	0.46	0.56	0.44	0.49	0.05	0.06	1.26	0.5	0.62	7.2	73	78.1	0.29	59.2	0.07	0	1	1	160	9.5	7.2	5	1.6	0	0	1667	0	9.68	0.05	6700	583	0.1	0	0	0	0	63	85	85	69	43	85	80	85	59	61	58	61	85	95	70	85	90	90	90	90	0	30	0	30	56.6	29.9	6.3	2978	17.31	0.81	0.76	0.81	85	85	85	85	85	85	85	85	85	85	85	85	0.33	0.13	3.68	1.51	0.89	0	0	0	0	0.55	4.4	2.4	0.99	1.68	0.12	0	483	20.3	12	0	0	0	7.4	59	32.2	10	100	57	646	0	0	2.1	22.4	6289.5	7790.8	0	0	0	0	0	0	64	85	85	85	85	85	85	85	85	85	85	85	85	85	64	85	85	83	78	81	76	86	82	75	76	76	78	77	1.61	0.74	1.12	1.98	1.27	0.54	1.17	1.24	0.37	1.45	0.48	0.76	1.61	0.72	1.03	1.89	1.14	0.55	1.13	1.1	0.33	1.29	0.44	0.69	651
30907	Rapeseed/Canola meal. solvent extracted. 39% CP	0.26	91.6	8.4	39.1	3.5	11.4	6.4	31.3	22.8	10.5	42.7	5.1	6.7	20.4	18	4264	2814	2814	2814	2814			2516	2814	2814	2814	2516	2772	2772	2772	2665	8.8	9.4	9.4	9.1			6.2	6.6	6.6	6.6	6.1	6.6	6.6	6.6	2.27	1.06	1.52	2.75	1.91	0.71	1.45	1.55	0.42	1.87	0.95	1.66	1.23	2.68	5.15	2.05	1.96	1.68	1.67	15.51	14.69	0	5.81	2.71	3.89	7.04	4.89	1.82	3.71	3.97	1.08	4.79	2.43	3.15	13.19	5.25	5.02	4.3	4.28	1.88	0.88	1.26	2.28	1.59	0.59	1.2	1.29	0.35	1.55	0.79	1.38	1.02	0.63	1.24	9.9	19.49	0.64	0	52	0.59	0	0	0	0.5	0.6	0.47	0.53	0.05	0.11	1.26	0.53	0.93	5.89	191	55.5	1.1	67.5	0.07	0	0.98	0.83	160	9.5	7.2	5.8	5.2	0	0	1667	0	9.98	0.05	6700	628	0.1	0	0	0	0	62	83	85	66	42	85	80	85	59	66	59	65	85	95	70	85	90	90	90	90	0	30	0	30	56.8	32.4	3	2814	17.94	4.34	4.08	4.34	83	83	83	83	83	83	83	83	83	83	83	83	0.1	0.04	1	0.71	0.42	0	0	0	0	0.26	2.06	1.12	0.47	0.79	0.05	0	226	20.3	12	0	0	0	7.4	59	32.2	10	100	57	646	0	0	2.3	22.4	6414.1	7639.4	0	0	0	0	0	0	69	83	83	83	83	83	83	83	83	83	83	83	83	83	69	83	85	83	78	81	76	86	82	75	76	76	78	77	1.88	0.88	1.26	2.28	1.59	0.59	1.2	1.29	0.35	1.55	0.79	1.02	1.93	0.88	1.19	2.23	1.45	0.61	1.19	1.16	0.32	1.42	0.74	0.95	497
30908	Rapeseed/Canola meal. high protein. 39% CP	0.26	92.3	7.7	39.3	1.1	11	7.1	33.8	23	10	44.8	5.1	6.7	23	17	4140	3146	3146	3146	3146			2360	2649	2649	2649	2318	2608	2608	2608	2996	8.1	8.6	8.6	8.3			5.5	6	6	6	5.5	6	6	6	2.4	1.2	1.7	3.3	2.3	0.72	1.9	2	0.53	2.2	0.95	1.67	1.23	3.13	5.15	2.05	1.96	1.68	1.67	18.25	14.69	0	6.11	3.05	4.33	8.4	5.85	1.83	4.84	5.09	1.35	5.6	2.42	3.13	13.1	5.22	4.99	4.28	4.25	2.4	1.2	1.7	3.23	2.3	0.6	1.88	2	0.44	2.18	0.79	1.39	1.02	0.63	1.3	8.87	18.3	0.68	0	52	0.62	0	0	0	0.52	0.63	0.5	0.55	0.05	0.1	1.26	0.53	0.93	5.89	191	55.5	1.1	67.5	0.05	0	0.98	0.83	160	9.5	7.2	5.8	5.2	0	0	1667	0	9.98	0.05	6700	659	0.1	0	0	0	0	73	83	85	76	68	85	80	85	57	64	56	63	85	95	70	85	90	90	90	90	0	30	0	30	67.4	32.6	0.9	3146	30.46	4.34	4.08	4.34	100	100	100	98	100	83	99	100	83	99	83	83	0.1	0.04	1	0.22	0.13	0	0	0	0	0.08	0.65	0.35	0.15	0.25	0.01	0	71	20.3	12	0	0	0	7.4	59	32.2	10	100	57	646	0	0	2.4	15	6461	5417.1	0	0	0	0	0	0	69	83	83	83	83	83	83	83	83	83	83	83	83	83	69	83	85	83	78	81	76	86	82	75	76	76	78	77	1.99	1	1.41	2.74	1.91	0.6	1.58	1.66	0.44	1.83	0.79	1.02	2.04	1	1.33	2.67	1.75	0.62	1.56	1.5	0.4	1.67	0.74	0.95	497
30909	Rapeseed/Canola meal.  low erucic acid. 32% CP	0.26	89	11	32.9	3.2	12	6.8	34.1	26	17	46.1	5.1	6.7	17.3	17	4027	2618	2618	2618	2618			2255	2497	2497	2497	2215	2457	2457	2457	2489	7.8	8.3	8.3	8			5.5	5.9	5.9	5.9	5.4	5.8	5.8	5.8	2.01	0.86	1.32	2.2	1.81	0.69	1.28	1.45	0.43	1.68	0.76	1.45	1.02	2.3	5.4	2.34	1.65	1.45	1.45	13.73	14.07	0	6.11	2.61	4.01	6.69	5.5	2.1	3.89	4.41	1.31	5.11	2.31	3.1	16.41	7.11	5.01	4.41	4.41	1.71	0.73	1.12	1.87	1.54	0.59	1.09	1.23	0.37	1.43	0.65	1.23	0.87	0.66	0.88	9.7	12.94	0.46	0	52	0.42	0	0	0	0.35	0.43	0.34	0.38	0.05	0.08	1.15	0.52	0.62	10	131	65	0.2	80	0.08	0	0.95	0.9	160	9	7	5	5.2	0	0	1667	0	9.98	0.05	6500	446	0.1	0	0	0	0	60	85	85	65	41	85	80	85	56	62	55	61	85	95	70	85	90	90	90	90	0	30	0	30	53.4	28	2.7	2618	18.9	4.34	4.08	4.34	85	85	85	85	85	85	85	85	85	85	85	85	0.1	0.04	1	0.65	0.38	0	0	0	0	0.24	1.89	1.03	0.43	0.72	0.05	0	208	20.3	12	0	0	0	7.4	59	32.2	10	100	57	646	0	0	1.6	15	6230	5618	0	0	0	0	0	0	68	85	85	85	85	85	85	85	85	85	85	85	85	85	68	85	85	83	78	81	76	86	82	75	76	76	78	77	1.71	0.73	1.12	1.87	1.54	0.59	1.09	1.23	0.37	1.43	0.65	0.87	1.71	0.71	1.03	1.78	1.38	0.59	1.05	1.09	0.33	1.28	0.59	0.79	497
30910	Rapeseed/Canola meal. low glucosinolate. 35% CP	0.26	89	11	35.2	2	12	7	32.8	23.7	17	44.8	5.1	6.7	16	17	3991	2555	2555	2555	2555			2275	2475	2475	2475	2235	2475	2475	2475	2417	7.8	8.4	8.4	8			5.4	5.7	5.7	5.7	5.3	5.7	5.7	5.7	2.15	0.92	1.41	2.36	1.94	0.74	1.37	1.55	0.46	1.8	0.81	1.55	1.09	2.46	5.77	2.5	1.76	1.55	1.55	14.7	15.03	0	6.11	2.61	4.01	6.71	5.51	2.1	3.89	4.4	1.31	5.11	2.3	3.1	16.39	7.1	5	4.4	4.4	1.83	0.78	1.2	2.01	1.65	0.63	1.16	1.32	0.39	1.53	0.69	1.32	0.93	0.86	1.27	12.28	18.14	0.66	0	52	0.6	0	0	0	0.5	0.61	0.48	0.54	0.05	0.06	1.26	0.5	0.62	4	204	52	0.3	54	0.08	0	0.95	0.9	160	9	7	5	5.2	0	0	1667	0	9.98	0.05	6500	644	0.1	0	0	0	0	60	85	85	64	40	85	80	85	57	62	56	62	85	95	70	85	90	90	90	90	0	30	0	30	53.4	29.9	1.7	2554	17.92	4.34	4.08	4.34	85	85	85	85	85	85	85	85	85	85	85	85	0.1	0.04	1	0.41	0.24	0	0	0	0	0.15	1.18	0.64	0.27	0.45	0.03	0	130	20.3	12	0	0	0	7.4	59	32.2	10	100	57	646	0	0	2.4	7.4	6230	7865.2	0	0	0	0	0	0	69	85	85	85	85	85	85	85	85	85	85	85	85	85	69	85	85	83	78	81	76	86	82	75	76	76	78	77	1.83	0.78	1.2	2.01	1.65	0.63	1.16	1.32	0.39	1.53	0.69	0.93	1.83	0.76	1.1	1.91	1.47	0.64	1.12	1.16	0.35	1.37	0.63	0.84	497
30911	Rapeseed/Canola protein concentrate. 63% CP	0.3	92.2	7.8	63.5	8	4.7	5.9	10.1	13	10	14.8	0.8	1	3	21	4928	4238	4238	4238	4238			4041	4090	4090	4090	4041	4090	4090	4090	3973	15.7	15.8	15.8	15.8			10.9	9.9	9.9	9.9	10.9	9.9	9.9	9.9	3.81	1.2	2.41	1.71	0.92	2.78	1.57	1.31	1.87	1.14	1.17	3.95	4.34	5.91	10.41	4.51	3.17	2.79	2.79	18.72	29.18	0	6	1.89	3.8	2.69	1.45	4.38	2.47	2.06	2.95	1.8	1.84	6.84	16.4	7.11	4.99	4.39	4.39	3.45	1.09	2.18	1.55	0.83	2.52	1.42	1.19	1.69	1.03	1.06	3.57	3.93	0.62	0.54	10.5	9.15	0.28	0	52	0.25	0	0	0	0.21	0.25	0.2	0.22	0.05	0.1	1.2	0.5	0.62	4	200	60	0.3	54	0.07	0	0.5	0.9	170	9	3	6	5.2	0	0	1667	0	9.98	0.05	6500	274	0.1	0	0	0	0	81	91	99	86	41	85	80	85	82	83	82	83	85	95	70	85	90	90	90	90	0	30	0	30	74.7	57.8	7.9	4238	6.08	0.7	0.66	0.7	91	91	91	91	91	91	91	91	91	91	91	91	0.33	0.13	3.68	1.62	0.96	0	0	0	0	0.59	4.72	2.58	1.07	1.8	0.13	0	519	20.3	12	0	0	0	7.4	59	32.2	10	100	57	646	0	0	1	1.3	6454	7592.2	0	0	0	0	0	0	81	91	91	91	91	91	91	91	91	91	91	91	91	91	81	91	85	83	78	81	76	86	82	75	76	76	78	77	3.47	1.09	2.2	1.56	0.84	2.53	1.43	1.19	1.7	1.04	1.06	3.95	3.24	1	1.88	1.39	0.7	2.39	1.29	0.98	1.42	0.87	0.91	3.34	1117
30912	Rapeseed/Canola meal. solvent extracted. 35% CP	0.26	90	10	35	2.5	12	7.4	33.1	23.7	17	45.1	5.1	6.7	16.3	17	4039	3029	3029	3029	3029			2504	2706	2706	2706	2464	2706	2706	2706	2877	8.7	9.2	9.2	8.9			6	6.3	6.3	6.3	6	6.2	6.2	6.2	2.14	1	1.3	2.5	2.1	0.71	1.5	1.6	0.46	1.7	0.81	1.52	1.09	2.59	5.74	2.49	1.75	1.54	1.54	15.01	14.96	0	6.11	2.86	3.71	7.14	6	2.03	4.29	4.57	1.31	4.86	2.31	3.11	16.4	7.11	5	4.4	4.4	2.14	1	1.3	2.48	2.08	0.65	1.49	1.6	0.42	1.67	0.73	1.38	0.99	0.86	1.1	11.62	14.86	0.57	0	52	0.52	0	0	0	0.44	0.53	0.42	0.47	0.1	0.08	1.26	0.6	1.25	4	204	52	0.97	54	0.06	0	0.98	0.83	147	8	7.2	5.8	1.6	0	0	1667	0	9.98	0.05	6700	557	0.1	0	0	0	0	70	95	85	75	53	85	80	85	62	67	61	67	85	95	70	85	90	90	90	90	0	30	0	30	63	33.3	2.1	3029	23.9	4.34	4.08	4.34	100	100	100	99	99	91	99	100	91	98	91	91	0.1	0.04	1	0.51	0.3	0	0	0	0	0.19	1.48	0.81	0.33	0.56	0.04	0	162	20.3	12	0	0	0	7.4	59	32.2	10	100	57	646	0	0	2	7.4	6300	7777.8	0	0	0	0	0	0	81	91	91	91	91	91	91	91	91	91	91	91	91	91	81	91	85	83	78	81	76	86	82	75	76	76	78	77	1.95	0.91	1.18	2.28	1.91	0.65	1.37	1.46	0.42	1.55	0.74	0.99	1.82	0.83	1.01	2.03	1.6	0.61	1.23	1.2	0.35	1.29	0.63	0.84	497
30913	Rapeseed/Canola protein concentrate. 60% CP	0.3	95.9	4.1	60.6	3.7	4	5	22.6	23	10	26.6	2.6	1	13	20	4842	3874	3874	3874	3874			3535	3729	3729	3729	3535	3680	3680	3680	3623	13.5	13.6	13.6	13.5			9.1	8.5	8.5	8.5	9	8.5	8.5	8.5	4.45	1.61	2.76	5.15	2.67	1.22	3.04	3.13	0.48	3.9	1.27	2.49	3.13	6.17	9.94	4.3	3.03	2.67	2.67	28.42	27.01	0	7.34	2.66	4.55	8.5	4.41	2.01	5.02	5.16	0.8	6.44	2.1	5.16	16.4	7.1	5	4.41	4.41	3.61	1.31	2.24	4.18	2.16	0.99	2.47	2.54	0.39	3.16	1.03	2.02	2.54	0.73	0.98	14.6	19.6	0.51	0	52	0.47	0	0	0	0.39	0.48	0.38	0.42	0.06	0.1	1.2	0.51	0.78	14	250	78	0.3	54	0.07	0	0.5	0.9	170	9	3	6	5.2	0	0	1667	0	9.98	0.05	6500	497	0.1	0	0	0	0	75	90	99	80	41	85	80	85	73	77	73	76	85	95	70	85	90	90	90	90	0	30	0	30	71.9	54.5	3.7	3874	10.89	2.18	2.05	2.18	81	81	81	81	81	81	81	81	81	81	81	81	0.08	0.04	1	0.75	0.44	0	0	0	0	0.27	2.18	1.19	0.49	0.83	0.06	0	239	20.3	12	0	0	0	7.4	59	32.2	10	100	57	646	0	0	1.8	1.3	6710.2	5841.8	0	0	0	0	0	0	69	81	81	81	81	81	81	81	81	81	81	81	81	81	69	81	85	83	78	81	76	86	82	75	76	76	78	77	3.6	1.3	2.24	4.17	2.16	0.99	2.46	2.54	0.39	3.16	1.03	2.54	3.78	1.34	2.15	4.17	2.03	1.05	2.49	2.35	0.37	2.96	0.99	2.41	1117
30914	Rapeseed/Canola protein concentrate. 65% CP	0.3	92.6	7.5	65.5	2	3.5	8.8	12.8	15	10	16.3	0.3	1	5	19	4541	3769	3769	3769	3769			3542	3633	3633	3633	3542	3633	3633	3633	3499	13.6	13.7	13.7	13.6			9	8	8	8	9	8	8	8	4.2	1.67	2.68	4.88	3.4	1.3	2.69	2.6	0.52	3.25	1.33	2.63	0.92	3.61	10.73	4.65	3.27	2.88	2.88	27.19	26.66	0	6.42	2.55	4.1	7.46	5.2	1.99	4.11	3.97	0.79	4.97	2.03	1.41	16.39	7.11	5	4.4	4.4	3.78	1.5	2.41	4.39	3.06	1.17	2.42	2.34	0.47	2.93	1.2	2.37	0.83	0.65	0.88	7.38	10	0.46	0	52	0.42	0	0	0	0.35	0.43	0.34	0.38	0.01	0.1	1.2	0.5	0.62	4	200	60	0.3	54	0.07	0	0.5	0.9	170	9	3	6	5.2	0	0	1667	0	9.98	0.05	6500	446	0.1	0	0	0	0	77	90	99	83	38	85	80	85	78	80	78	80	85	95	70	85	90	90	90	90	0	30	0	30	71.3	58.9	2	3769	6.19	0.26	0.24	0.26	90	90	90	90	90	90	90	90	90	90	90	90	0.08	0.04	1	0.41	0.24	0	0	0	0	0.15	1.18	0.64	0.27	0.45	0.03	0	130	20.3	12	0	0	0	7.4	59	32.2	10	100	57	646	0	0	1.6	1.3	6478.5	7563.5	0	0	0	0	0	0	77	90	90	90	90	90	90	90	90	90	90	90	90	90	77	90	85	83	78	81	76	86	82	75	76	76	78	77	3.78	1.5	2.41	4.39	3.06	1.17	2.42	2.34	0.47	2.93	1.2	0.83	3.57	1.39	2.09	3.95	2.58	1.12	2.21	1.95	0.39	2.47	1.04	0.71	1117
30915	Rapeseed/Canola meal. double low. 36% CP	0.26	94.4	5.6	36.2	3.8	6.1	7.5	40.8	35	20	46.9	5.1	6.7	15.1	18	4304	2841	2841	2841	2841			2367	2583	2583	2583	2324	2540	2540	2540	2708	8.2	8.8	8.8	8.4			5.8	6.1	6.1	6.1	5.7	6.1	6.1	6.1	2.32	0.64	1.09	2.89	0.65	0.5	1.39	0.98	0.1	1.5	0.46	0.96	0.99	2.38	5.94	2.57	1.81	1.59	1.59	12.06	14.95	0	6.41	1.77	3.01	7.98	1.8	1.38	3.84	2.71	0.28	4.14	1.27	2.74	16.41	7.1	5	4.39	4.39	1.86	0.51	0.87	2.31	0.52	0.4	1.11	0.78	0.08	1.2	0.37	0.77	0.79	0.67	0.98	8.93	13.06	0.51	0	52	0.47	0	0	0	0.39	0.48	0.38	0.42	0.03	0.06	1.26	0.5	0.62	4	204	52	0.3	54	0.07	0	1	0.9	146.8	8	7.25	5.8	1.59	0	0	1667	0	13.43	0.05	6633	497	0.1	0	0	0	0	61	80	85	66	47	85	80	85	55	60	54	59	85	95	70	85	90	90	90	90	0	30	0	30	57.6	29	3.2	2841	22.04	4.34	4.08	4.34	80	80	80	80	80	80	80	80	80	80	80	80	0.1	0.04	1	0.78	0.46	0	0	0	0	0.28	2.25	1.23	0.51	0.86	0.06	0	248	20.3	12	0	0	0	7.4	59	32.2	10	100	57	646	0	0	1.8	7.4	6609.4	7413.7	0	0	0	0	0	0	62	80	80	80	80	80	80	80	80	80	80	80	80	80	62	80	85	83	78	81	76	86	82	75	76	76	78	77	1.86	0.51	0.87	2.31	0.52	0.4	1.11	0.78	0.08	1.2	0.37	0.79	1.97	0.53	0.85	2.34	0.49	0.43	1.14	0.73	0.08	1.14	0.36	0.76	675
30916	Rapeseed. seed	0.26	92	8	20	43.8	5.2	4	19.1	17	14.4	24.3	1.8	5.5	2.6	26	6193	4830	4830	4830	4830			4644	4644	4644	4644	4644	4644	4644	4644	4757	18.3	18.7	18.7	18.5			15.3	15.3	15.3	15.3	15.3	15.3	15.3	15.3	1.04	0.79	0.47	1.6	0.55	1.05	1.1	0.82	1.09	1.01	0.65	1.7	1.1	2.2	3.28	1.42	1	0.88	0.88	9.52	9.21	0	5.2	3.95	2.35	8	2.75	5.25	5.5	4.1	5.45	5.05	3.25	5.5	16.4	7.1	5	4.4	4.4	0.83	0.63	0.38	1.28	0.44	0.84	0.88	0.66	0.87	0.81	0.52	1.36	0.88	0.7	1.35	17.54	33.83	0.7	0	52	0.64	0	0	0	0.54	0.65	0.51	0.57	0.01	0.06	1.26	0.26	0.3	3	120	42	0.3	45	0.07	0	0.6	0.8	130	10	7	5	6	0	0	1667	0	18.61	0.05	4200	684	0.1	0	0	0	0	73	80	85	78	49	85	80	85	75	75	75	75	85	95	70	85	90	90	90	90	0	30	0	30	67.2	16	37.2	4830	11.89	1.5	1.41	1.5	80	80	80	80	80	80	80	80	80	80	80	80	1.93	0.77	21.65	8.88	5.25	0	0	0	0	3.24	25.81	14.09	5.83	9.87	0.74	0	2837	20.3	12	0	0	0	7.4	59	32.2	10	380	57	646	0	0	2.5	15	6440	4300	0	0	0.1	0	0	0	73	80	80	80	80	80	80	80	80	80	80	80	80	80	73	80	80	80	80	80	80	80	80	80	80	80	80	80	0.83	0.63	0.38	1.28	0.44	0.84	0.88	0.66	0.87	0.81	0.52	0.88	0.83	0.63	0.38	1.28	0.44	0.84	0.88	0.66	0.87	0.81	0.52	0.88	1158
30917	Rapeseed/Canola meal. 36% CP	0.26	89.4	10.6	36.1	3.4	14.5	6.5	28.9	23	17	43.3	5.1	1	20.2	17	4113	2427	2427	2427	2427			2098	2386	2386	2386	2098	2345	2345	2345	2294	7.8	8.1	8.1	7.8			5.3	5.6	5.6	5.6	5.3	5.6	5.6	5.6	2.32	0.64	1.09	2.89	0.65	0.5	1.39	0.98	0.1	1.5	0.46	0.96	1.99	3.38	5.94	2.57	1.81	1.59	1.59	12.06	15.95	1	6.43	1.77	3.02	8.01	1.8	1.39	3.85	2.72	0.28	4.16	1.27	5.51	16.45	7.12	5.01	4.4	4.4	1.86	0.51	0.87	2.31	0.52	0.4	1.11	0.78	0.08	1.2	0.37	0.77	1.59	0.67	0.98	10.24	14.98	0.51	0	52	0.47	0	0	0	0.39	0.48	0.38	0.42	0.03	0.06	1.26	0.5	0.62	4	204	52	0.3	54	0.07	0	1	0.9	146.8	8	7.25	5.8	1.59	0	0	1667	0	13.43	0.05	6633	497	0.1	0	0	0	0	54	80	85	59	30	85	80	85	51	58	51	57	85	95	70	85	90	90	90	90	0	30	0	30	48.3	28.9	2.9	2427	13	4.34	4.08	4.34	80	80	80	80	80	80	80	80	80	80	80	80	0.1	0.04	1	0.69	0.41	0	0	0	0	0.25	1.99	1.09	0.45	0.76	0.05	0	219	20.3	12	0	0	0	7.4	59	32.2	10	100	57	646	0	0	1.8	8.4	6255.2	7833.5	0	0	0	0	0	0	62	80	80	80	80	80	80	80	80	80	80	80	80	80	62	80	85	83	78	81	76	86	82	75	76	76	78	77	1.86	0.51	0.87	2.31	0.52	0.4	1.11	0.78	0.08	1.2	0.37	1.59	1.97	0.53	0.85	2.34	0.49	0.43	1.14	0.74	0.08	1.14	0.36	1.53	497
30935	Rice bran. raw. parboiled	0.3	92	8	13.5	24.5	16.5	11	26.5	34	20	43	22	4.5	0	20	4792	3930	3930	3930	3930			3450	3546	3546	3546	3307	3450	3450	3450	3882	12.1	13.3	13.3	12.3			9.9	10.8	10.8	10.8	9.7	10.6	10.6	10.6	0.95	0.47	0.39	1.2	0.5	0.17	0.41	0.4	0.1	0.6	0.1	0.27	0.59	1	1.71	1.26	0.7	0.54	0.78	5.19	5.68	0	7	3.5	2.89	8.89	3.7	1.26	3.04	2.96	0.74	4.44	0.74	4.37	12.67	9.33	5.19	4	5.78	0.73	0.36	0.3	0.92	0.39	0.13	0.32	0.31	0.08	0.46	0.08	0.21	0.45	0.18	1.45	1.63	13.2	1.02	0	70	0.43	0	0	0	0.36	0.52	0.34	0.41	0.02	0.07	1.2	0.65	1.58	9	200	138	0.4	55	0.05	0	0.43	2.2	300	22.8	16.21	2.6	22.4	0.01	0.07	1667	0	40.2	0.06	1243	682	0.02	0	0	0	0	77	77	85	82	80	85	80	85	72	74	69	72	85	95	70	85	90	90	90	90	0	30	0	30	70.8	10.4	20.8	3929	34.4	18.7	17.6	18.7	77	77	77	77	77	77	77	77	77	77	77	77	0.87	0.3	2.44	6.64	0.69	0	0	0	0	5.86	8.53	7.79	0.76	7.38	1.88	0	2585	27.1	2.8	0	0	0	23.9	34.8	31.8	1.1	0	31.3	26.6	0	0	2.5	0	0	0	0	0	0	0	0	0	61	77	77	77	77	77	77	77	77	77	77	77	77	77	61	77	86	83	72	72	75	74	73	74	72	73	71	81	0.73	0.36	0.3	0.92	0.39	0.13	0.32	0.31	0.08	0.46	0.08	0.45	0.81	0.39	0.28	0.86	0.38	0.13	0.3	0.3	0.07	0.44	0.07	0.48	420
30936	Rice bran. SE Asia	0.3	89.6	10.4	11.6	9.7	13	5.1	50.2	20.5	10.3	63.2	39.9	2.8	10.2	17	4125	3011	3011	3011	3011			2764	3053	3053	3053	2516	2888	2888	2888	2970	8	10	10	8.3			6.2	8.2	8.2	8.2	5.9	7.8	7.8	7.8	1	0.4	0.5	1	0.5	0.1	0.7	0.4	0.13	0.7	0.26	0.36	0.5	1.2	1.47	1.08	0.6	0.46	0.67	5.43	5.04	0	8.62	3.45	4.31	8.62	4.31	0.86	6.03	3.45	1.12	6.03	2.24	4.31	12.67	9.31	5.17	3.97	5.78	0.71	0.28	0.36	0.71	0.36	0.07	0.5	0.28	0.09	0.5	0.19	0.26	0.36	0.1	1.02	1.96	20	0.71	0	70	0.3	0	0	0	0.25	0.36	0.24	0.29	0.02	0.07	1.2	0.62	1.3	9	80	96	0.34	43	0.06	0	0.39	1.1	334.33	42.27	23.66	2.47	15.53	0.04	0.07	1667	0	40.2	0.06	1243	696	0.02	0	0	0	0	70	77	85	73	68	85	80	85	67	74	61	70	85	95	70	85	90	90	90	90	0	30	0	30	62.7	8.9	8.2	3011	42.98	33.92	31.92	33.92	71	71	71	71	71	71	71	71	71	71	71	71	0.87	0.3	2.44	0.31	0.18	0	0	0	0	1.84	4.13	3.61	0.2	0.34	0.74	0	1023	3.2	1.86	0	0	0	18.97	42.6	37.2	1.1	0	31.3	26.6	0	0	2.6	0	0	0	0	0	0	0	0	0	66	71	71	71	71	71	71	71	71	71	71	71	71	71	66	71	86	83	72	72	75	74	73	74	72	73	71	81	0.71	0.28	0.35	0.71	0.35	0.07	0.5	0.28	0.09	0.5	0.18	0.35	0.86	0.33	0.36	0.72	0.37	0.07	0.51	0.3	0.09	0.51	0.18	0.4	470
30937	Rice bran	0.3	89.5	10.5	12.5	11.5	12.7	13.2	39.8	20.5	10.3	52.4	29.1	2.8	10.2	16	3903	2810	2810	2810	2810			2498	2771	2771	2771	2342	2654	2654	2654	2769	7.8	9.3	9.3	8			6.2	7.7	7.7	7.7	5.9	7.4	7.4	7.4	1.13	0.31	0.47	0.85	0.55	0.22	0.65	0.44	0.13	0.68	0.26	0.48	0.5	1.15	1.66	0.62	0.74	0.67	0.83	5.43	5.28	0	9.04	2.48	3.76	6.8	4.4	1.76	5.2	3.52	1.04	5.44	2.08	4	13.28	4.96	5.92	5.36	6.64	0.8	0.22	0.33	0.61	0.39	0.16	0.46	0.31	0.09	0.48	0.19	0.34	0.36	0.94	1.4	7.14	10.63	0.98	0	70	0.41	0	0	0	0.34	0.5	0.33	0.39	0.03	0.07	1.2	0.65	1.58	29.92	240.5	160.06	0.34	66.58	0.06	0	0.39	1.1	334.33	42.27	23.66	2.47	15.53	0.04	0.07	1334	0	26.43	0.06	1243	955	0.01	0	0	0	0	66	71	85	72	65	85	80	85	64	71	60	68	85	95	70	85	90	90	90	90	0	30	0	30	59.1	8.9	9.7	2810	34.08	24.76	23.3	24.76	71	71	71	71	71	71	71	71	71	71	71	71	0.87	0.3	2.44	3.1	0.32	0	0	0	0	2.74	3.98	3.64	0.36	3.45	0.88	0	1208	27.1	2.8	0	0	0	23.9	34.8	31.8	1.1	0	31.3	26.6	0	0	3.5	0	0	0	0	0	0	0	0	0	66	71	71	71	71	71	71	71	71	71	71	71	71	71	66	71	86	83	72	72	75	74	73	74	72	73	71	81	0.8	0.22	0.33	0.6	0.39	0.16	0.46	0.31	0.09	0.48	0.18	0.36	0.97	0.26	0.34	0.61	0.41	0.16	0.47	0.33	0.09	0.5	0.18	0.41	470
30938	Rice bran. defatted	0.3	89.4	10.6	15.7	2.4	10.2	10.3	50.8	26.6	12.5	61	31.7	2.7	14.1	15	3587	2439	2439	2439	2439			2081	2368	2368	2368	1865	2224	2224	2224	2384	5.7	7.3	7.3	5.9			4.2	5.8	5.8	5.8	3.9	5.5	5.5	5.5	1.18	0.4	0.56	1.14	0.72	0.32	0.69	0.61	0.2	0.87	0.46	0.78	0.69	1.38	2.43	1.37	0.8	0.75	0.94	6.69	7.44	0	7.52	2.55	3.57	7.26	4.59	2.04	4.39	3.89	1.27	5.54	2.93	4.39	15.48	8.73	5.1	4.78	5.99	0.91	0.31	0.43	0.88	0.56	0.25	0.53	0.47	0.15	0.67	0.36	0.6	0.53	0.83	1.5	8	14.53	1.05	0	70	0.44	0	0	0	0.37	0.53	0.35	0.42	0.03	0.07	1.2	0.81	1.43	14	168	170.3	0.44	47.7	0.06	0	0.4	1.1	340	40	20	2.5	21	0.04	0.07	0	0	26.43	0.06	1050	1023	0.01	0	0	0	0	65	77	85	68	63	85	80	85	58	66	52	62	85	95	70	85	90	90	90	90	0	30	0	30	58.1	12.1	2	2439	38.42	26.94	25.35	26.94	77	77	77	77	77	77	77	77	77	77	77	77	0.38	0.04	0.9	0.87	0.04	0	0	0	0	0.58	0.84	0.77	0.05	0.97	0.18	0	254	36.1	1.8	0	0	0	23.9	34.8	31.8	1.1	0	31.3	26.6	0	0	3.7	0	0	0	0	0	0	0	0	0	65	77	77	77	77	77	77	77	77	77	77	77	77	77	65	77	84	79	74	73	73	74	72	74	74	74	68	86	0.91	0.31	0.43	0.88	0.55	0.25	0.53	0.47	0.15	0.67	0.35	0.53	0.99	0.32	0.41	0.83	0.53	0.24	0.5	0.45	0.15	0.64	0.31	0.59	470
30939	Rice bran. unextracted	0.3	91	9	13	5.9	13	11	48.1	34	20	61.1	24.3	2.8	14	16	3767	2448	2448	2448	2448			1959	2260	2260	2260	1808	2147	2147	2147	2402	5.9	7.2	7.2	6.1			4.5	5.9	5.9	5.9	4.3	5.6	5.6	5.6	0.98	0.25	0.39	1.2	0.5	0.17	0.41	0.4	0.1	0.6	0.1	0.27	0.57	0.98	1.65	1.21	0.68	0.52	0.75	5	5.48	0	7.52	1.92	3	9.23	3.85	1.31	3.15	3.08	0.77	4.62	0.77	4.39	12.69	9.31	5.23	4	5.77	0.75	0.19	0.3	0.92	0.38	0.13	0.32	0.31	0.08	0.46	0.08	0.21	0.44	0.79	1.65	7.2	15	1.16	0	70	0.48	0	0	0	0.4	0.58	0.38	0.46	0.02	0.07	1.2	0.65	1.58	9	190	138	0.4	55	0.05	0	0.42	1.6	305.9	25	16.21	2.6	21.94	0.01	0.07	0	0	63.5	0.06	1243	293	0.01	0	0	0	0	61	77	85	65	57	85	80	85	52	60	48	57	85	95	70	85	90	90	90	90	0	30	0	30	55.5	10	5	2448	34.83	20.66	19.44	20.66	77	77	77	77	77	77	77	77	77	77	77	77	0.95	0.11	2.34	1.6	0.17	0	0	0	0	1.41	2.05	1.88	0.18	1.78	0.45	0	622	27.1	2.8	0	0	0	23.9	34.8	31.8	1.1	0	31.3	26.6	0	0	1.1	0	0	0	0	0	0	0	0	0	61	77	77	77	77	77	77	77	77	77	77	77	77	77	61	77	86	83	72	72	75	74	73	74	72	73	71	81	0.75	0.19	0.3	0.92	0.38	0.13	0.32	0.31	0.08	0.46	0.08	0.44	0.84	0.21	0.28	0.86	0.37	0.13	0.3	0.3	0.07	0.44	0.07	0.46	470
30940	Rice bran. solvent extracted	0.3	89.2	10.8	14.4	1.9	11.9	12.7	48.2	32.6	18	60.1	24.5	3	14.6	14	3435	2164	2164	2164	2164			1752	2026	2026	2026	1580	1923	1923	1923	2113	4.9	6.2	6.2	5.1			3.5	4.9	4.9	4.9	3.3	4.7	4.7	4.7	1.07	0.38	0.65	1.16	0.63	0.25	0.69	0.51	0.19	0.86	0.26	0.51	0.55	1.24	1.81	1.27	0.72	0.65	0.82	6.39	6.08	0	7.43	2.64	4.51	8.06	4.38	1.74	4.79	3.54	1.32	5.97	1.81	3.82	12.57	8.82	5	4.51	5.69	0.82	0.29	0.5	0.89	0.49	0.19	0.53	0.39	0.15	0.66	0.2	0.39	0.42	0.8	1.56	6.32	12.3	1.09	0	70	0.46	0	0	0	0.39	0.56	0.37	0.44	0.04	0.07	1.2	0.68	1.58	13	256	228.4	0.1	80	0.06	0	0.43	1.5	324.2	22.5	33	2.7	29.2	0.01	0.07	0	0	40.2	0.06	1230	614	0.01	0	0	0	0	60	77	85	63	57	85	80	85	51	59	46	56	85	95	70	85	90	90	90	90	0	30	0	30	53.5	11.1	1.6	2164	34.28	20.86	19.63	20.86	77	77	77	77	77	77	77	77	77	77	77	77	0.38	0.04	0.9	0.52	0.05	0	0	0	0	0.46	0.67	0.61	0.06	0.58	0.14	0	204	27.1	2.8	0	0	0	23.9	34.8	31.8	1.1	0	31.3	26.6	0	0	2.2	0	0	0	0	0	0	0	0	0	60	77	77	77	77	77	77	77	77	77	77	77	77	77	60	77	84	79	74	73	73	74	72	74	74	74	68	86	0.82	0.29	0.5	0.89	0.49	0.19	0.53	0.39	0.15	0.66	0.2	0.42	0.9	0.3	0.48	0.85	0.46	0.18	0.5	0.38	0.14	0.64	0.18	0.47	470
30941	Rice polishings	0.3	90	10	12.9	13	4.5	8.6	51.1	15.6	1.4	55.6	34.9	5	14.2	18	4197	3190	3190	3190	3190			3022	3316	3316	3316	2812	3190	3190	3190	3141	9.2	11.1	11.1	9.5			7.3	9.2	9.2	9.2	7	8.9	8.9	8.9	1.01	0.28	0.57	0.99	0.46	0.31	0.65	0.45	0.25	0.74	0.21	0.52	0.57	1.22	2.23	1.14	0.58	0.63	0.72	5.71	6.08	0	7.83	2.17	4.42	7.67	3.57	2.4	5.04	3.49	1.94	5.74	1.63	4.42	17.29	8.84	4.5	4.88	5.58	0.83	0.23	0.47	0.81	0.38	0.25	0.53	0.37	0.21	0.61	0.17	0.43	0.47	0.8	1.64	9.34	19.21	1.15	0	70	0.49	0	0	0	0.41	0.59	0.39	0.47	0.1	0.07	1.2	0.95	0.18	13	187	232.2	0.27	30	0.06	0	0.37	2.2	284	23	29.12	2.9	22.6	0.01	0.07	334	0	45.19	0.06	1128	614	0.01	0	0	0	0	72	82	85	76	70	85	80	85	72	79	67	76	85	95	70	85	90	90	90	90	0	30	0	30	64.8	10.6	11.1	3190	38.89	29.71	27.96	29.71	82	82	82	82	82	82	82	82	82	82	82	82	0.95	0.11	2.34	4.81	0.33	0	0	0	0	2.67	5.07	5.14	0.36	5.34	1	0	1372	37	2.5	0	0	0	20.5	39	39.5	0	0	7	10.4	0	0	2.2	0	0	0	0	0	0	0	0	0	73	82	82	82	82	82	82	82	82	82	82	82	82	82	73	82	93	88	88	89	85	87	88	82	82	86	73	87	0.83	0.23	0.47	0.81	0.38	0.25	0.53	0.37	0.21	0.61	0.17	0.47	0.94	0.25	0.5	0.88	0.39	0.27	0.57	0.37	0.21	0.64	0.15	0.5	1660
30942	Rice protein concentrate	0.45	93	7	73.6	10.2	2.7	3.9	2.6	3	1	5.3	1.3	1	2	22	5318	4839	4839	4839	4839			4786	4839	4839	4839	4786	4839	4839	4839	4529	18.6	18.7	18.7	18.6			12.9	11.7	11.7	11.7	12.9	11.7	11.7	11.7	5.74	1.62	3.24	5.67	2.65	1.77	3.68	2.58	1.4	4.2	1.18	2.95	3.24	6.92	12.73	6.48	3.31	3.61	4.12	32.55	34.67	0	7.8	2.2	4.4	7.7	3.6	2.4	5	3.51	1.9	5.71	1.6	4.4	17.3	8.8	4.5	4.91	5.6	5.25	1.48	2.96	5.19	2.43	1.62	3.37	2.36	1.28	3.84	1.08	2.7	2.96	0.45	0.77	11.53	19.74	0.54	0	70	0.23	0	0	0	0.19	0.28	0.18	0.22	0.04	0.07	1.2	0.01	1.1	16.91	120	5.7	0.1	98	0.05	0	0.02	0.15	15	4	11.6	8.4	8	0.01	0.07	2167	0	10	0.06	1100	525	0.01	0	0	0	0	89	92	95	91	56	85	80	85	90	91	90	91	85	95	70	85	90	90	90	90	0	30	0	30	82.8	67.7	9.7	4839	2.97	1.11	1.04	1.11	92	92	92	92	92	92	92	92	92	92	92	92	0.95	0.11	2.34	3.77	0.26	0	0	0	0	2.09	3.98	4.03	0.28	4.19	0.78	0	1076	37	2.5	0	0	0	20.5	39	39.5	0	0	7	10.4	0	0	1.9	0	0	0	0	0	0	0	0	0	88	92	92	92	92	92	92	92	92	92	92	92	92	92	88	92	92	92	92	92	92	92	92	92	92	92	92	92	5.28	1.49	2.98	5.22	2.44	1.63	3.39	2.37	1.29	3.86	1.09	2.98	5.28	1.49	2.98	5.22	2.44	1.63	3.39	2.37	1.29	3.86	1.09	2.98	7241
30943	Rice protein meal	0.45	91.8	8.2	50	7.1	1.5	4.6	28.6	8	1	30.1	21.1	1	7	20	4711	4098	4098	4098	4098			4004	4146	4146	4146	3863	4098	4098	4098	3887	14.1	15.2	15.2	14.2			9.9	10.1	10.1	10.1	9.7	9.9	9.9	9.9	3.9	1.1	2.2	3.85	1.8	1.2	2.5	1.75	0.95	2.85	0.8	2	2.2	4.7	8.65	4.4	2.25	2.45	2.8	22.1	23.55	0	7.8	2.2	4.4	7.7	3.6	2.4	5	3.5	1.9	5.7	1.6	4.4	17.3	8.8	4.5	4.9	5.6	3.59	1.01	2.02	3.54	1.66	1.1	2.3	1.61	0.87	2.62	0.74	1.84	2.02	0.16	1.42	3.5	31	0.99	0	70	0.43	0	0	0	0.36	0.51	0.34	0.41	0.1	0.7	1	0.05	1	15	50	20	0.1	80	0.05	0	0.08	1	250	10	15	4	1	0.01	0.07	334	0	10	0.06	1100	341	0.01	0	0	0	0	83	92	95	87	71	85	80	85	85	88	82	87	85	95	70	85	90	90	90	90	0	30	0	30	76.2	46	6.8	4098	21.39	17.96	16.9	17.96	92	92	92	92	92	92	92	92	92	92	92	92	0.95	0.11	2.34	2.64	0.18	0	0	0	0	1.46	2.78	2.82	0.2	2.94	0.54	0	753	37	2.5	0	0	0	20.5	39	39.5	0	0	7	10.4	0	0	1.2	0	0	0	0	0	0	0	0	0	83	92	92	92	92	92	92	92	92	92	92	92	92	92	83	92	92	92	92	92	92	92	92	92	92	92	92	92	3.59	1.01	2.02	3.54	1.66	1.1	2.3	1.61	0.87	2.62	0.74	2.02	3.59	1.01	2.02	3.54	1.66	1.1	2.3	1.61	0.87	2.62	0.74	2.02	7241
30944	Rice. broken	0.3	89.6	10.5	8.9	1.4	0.8	1.1	77.5	2.8	1	78.2	70.5	5	1.8	16	3810	3200	3200	3200	3200			3200	3505	3505	3505	2743	3200	3200	3200	3163	7.3	10.8	10.8	7.7			5.4	8.6	8.6	8.6	4.8	7.9	7.9	7.9	0.69	0.2	0.39	0.69	0.32	0.21	0.45	0.31	0.17	0.51	0.14	0.35	0.39	0.84	1.54	0.78	0.4	0.44	0.5	3.94	4.19	0	7.75	2.25	4.38	7.75	3.6	2.36	5.06	3.48	1.91	5.73	1.57	4.38	17.3	8.76	4.49	4.94	5.62	0.63	0.18	0.36	0.63	0.29	0.19	0.41	0.29	0.16	0.47	0.13	0.32	0.36	0.04	0.1	3.8	9.52	0.07	0	70	0.02	0	0	0	0.02	0.03	0.02	0.02	0.03	0.02	0.5	0.08	0.2	3	19	12	0.19	21	0.06	0	0.05	0.2	30	8	28	0.7	1.4	0.01	0.07	0	0	4	0.06	400	68	0.01	0	0	0	0	84	92	85	84	83	85	80	85	84	92	72	84	85	95	70	85	90	90	90	90	0	30	0	30	75.2	8.2	1.2	3200	64.91	59.89	56.37	59.89	92	92	92	92	92	92	92	92	92	92	92	92	0.38	0.04	0.9	0.51	0.03	0	0	0	0	0.28	0.54	0.55	0.04	0.57	0.1	0	147	37	2.5	0	0	0	20.5	39	39.5	0	0	7	10.4	0	0	0.2	0	0	0	0	0	0	0	0	0	84	92	92	92	92	92	92	92	92	92	92	92	92	92	84	92	93	88	88	89	85	87	88	82	82	86	73	87	0.63	0.18	0.36	0.63	0.29	0.19	0.41	0.29	0.16	0.47	0.13	0.36	0.64	0.18	0.34	0.61	0.27	0.18	0.4	0.25	0.14	0.44	0.1	0.34	1660
30945	Rice. grain. rough	0.3	87.9	12.1	8.2	1.7	11	5.9	61.1	21.5	13.3	72.1	45.6	5	8.2	15	3549	2626	2626	2626	2626			2307	2591	2591	2591	2023	2413	2413	2413	2592	5.5	7.9	7.9	5.9			4.1	6.4	6.4	6.4	3.7	6	6	6	0.64	0.18	0.36	0.63	0.3	0.2	0.41	0.29	0.16	0.47	0.13	0.33	0.36	0.77	1.42	0.72	0.37	0.4	0.46	3.64	3.86	0	7.81	2.19	4.39	7.68	3.66	2.44	5	3.54	1.95	5.73	1.59	4.39	17.32	8.78	4.51	4.88	5.61	0.59	0.17	0.33	0.58	0.28	0.18	0.38	0.27	0.15	0.43	0.12	0.3	0.33	0.27	1.18	4.5	20	0.83	0	70	0.35	0	0	0	0.29	0.42	0.28	0.34	0.04	0.06	1.2	0.8	1	3.3	78	21	0.07	10	0.06	0	0.08	0.4	30	11	0.04	1.1	2.8	0.01	0.07	0	0	10.05	0.06	1014	136	0.01	0	0	0	0	71	92	85	74	70	85	80	85	65	73	57	68	85	95	70	85	90	90	90	90	0	30	0	30	62.4	7.5	1.4	2626	50.45	38.73	36.46	38.73	92	92	92	92	92	92	92	92	92	92	92	92	0.38	0.04	0.9	0.63	0.04	0	0	0	0	0.35	0.66	0.67	0.05	0.69	0.13	0	178	37	2.5	0	0	0	20.5	39	39.5	0	0	7	10.4	0	0	0.5	0	0	0	0	0	0	0	0	0	71	92	92	92	92	92	92	92	92	92	92	92	92	92	71	92	93	88	88	89	85	87	88	82	82	86	73	87	0.59	0.17	0.33	0.58	0.28	0.18	0.38	0.27	0.15	0.43	0.12	0.33	0.6	0.16	0.32	0.56	0.26	0.17	0.36	0.24	0.13	0.4	0.09	0.31	1434
30946	Rice. hulls	0.3	91.8	8.3	3	0.6	41.7	21.4	25.1	63	51.7	66.8	0.8	3	11.3	12	2937	1175	1175	1175	1175			294	441	441	441	294	441	441	441	1164	0.9	1	1	1			0.7	1.1	1.1	1.1	0.7	1.1	1.1	1.1	0.23	0.07	0.13	0.23	0.11	0.07	0.15	0.11	0.06	0.17	0.05	0.12	0.13	0.28	0.52	0.26	0.14	0.15	0.17	1.33	1.42	0	7.67	2.33	4.33	7.67	3.67	2.33	5	3.67	2	5.67	1.67	4.33	17.33	8.67	4.67	5	5.67	0.18	0.05	0.1	0.18	0.08	0.05	0.12	0.08	0.05	0.13	0.04	0.09	0.1	1.2	1.74	5.6	8.11	1.21	0	70	0.53	0	0	0	0.45	0.63	0.42	0.51	0.15	0.8	1.95	1.1	1.6	2	56	442	0.1	43	0.05	0	0.4	0.5	28.1	7.9	0.07	0.5	2.21	0.01	0.07	0	0	5.58	0.06	902	204	0.01	0	0	0	0	42	77	75	40	37	85	80	85	10	15	10	15	85	95	70	85	90	90	90	90	0	30	0	30	38.5	2.3	0.5	1175	24.7	0.64	0.6	0.64	77	77	77	77	77	77	77	77	77	77	77	77	0.19	0.02	0.36	0.22	0.02	0	0	0	0	0.12	0.23	0.24	0.02	0.25	0.04	0	63	37	2.5	0	0	0	20.5	39	39.5	0	0	7	10.4	0	0	0.7	0	0	0	0	0	0	0	0	0	42	77	77	77	77	77	77	77	77	77	77	77	77	77	42	77	77	77	77	77	77	77	77	77	77	77	77	77	0.18	0.05	0.1	0.18	0.08	0.05	0.12	0.08	0.05	0.13	0.04	0.1	0.18	0.05	0.1	0.18	0.08	0.05	0.12	0.08	0.05	0.13	0.04	0.1	110
30947	Rice. meal	0.3	84.8	15.3	6.8	2	10	5	61	15	6	71	51	5	9	14	3454	2590	2590	2590	2590			2418	2728	2728	2728	2107	2521	2521	2521	2565	5.6	8.2	8.2	5.9			4.2	6.8	6.8	6.8	3.8	6.3	6.3	6.3	0.53	0.15	0.3	0.52	0.24	0.16	0.34	0.24	0.13	0.39	0.11	0.27	0.3	0.64	1.18	0.6	0.31	0.33	0.38	3	3.21	0	7.79	2.21	4.41	7.65	3.53	2.35	5	3.53	1.91	5.74	1.62	4.41	17.35	8.82	4.56	4.85	5.59	0.43	0.12	0.25	0.43	0.2	0.13	0.28	0.2	0.11	0.32	0.09	0.22	0.25	0.5	0.4	10	8	0.28	0	70	0.12	0	0	0	0.1	0.14	0.1	0.11	0.04	0.6	1.2	0.8	1	0	50	20	0.1	8	0.06	0	0.08	0.4	66.5	10	3.8	0.5	3.9	0.01	0.07	0	0	10	0.06	900	273	0.01	0	0	0	0	73	82	85	75	74	85	80	85	70	79	61	73	85	95	70	85	90	90	90	90	0	30	0	30	61.9	5.6	1.7	2590	52.5	43.31	40.76	43.31	82	82	82	82	82	82	82	82	82	82	82	82	0.38	0.04	0.9	0.74	0.05	0	0	0	0	0.41	0.78	0.79	0.06	0.82	0.15	0	211	37	2.5	0	0	0	20.5	39	39.5	0	0	7	10.4	0	0	1	0	0	0	0	0	0	0	0	0	74	82	82	82	82	82	82	82	82	82	82	82	82	82	74	82	93	88	88	89	85	87	88	82	82	86	73	87	0.43	0.12	0.25	0.43	0.2	0.13	0.28	0.2	0.11	0.32	0.09	0.25	0.49	0.13	0.26	0.46	0.2	0.14	0.3	0.2	0.11	0.34	0.08	0.26	240
30948	Rice. paddy	0.3	87	13	8.2	1.8	9.1	4.3	63.6	21.5	13.3	72.7	46.7	4.5	8.2	15	3585	2581	2581	2581	2581			2294	2581	2581	2581	2008	2402	2402	2402	2550	5.4	7.8	7.8	5.7			4.1	6.4	6.4	6.4	3.6	5.9	5.9	5.9	0.64	0.18	0.36	0.63	0.3	0.2	0.41	0.29	0.16	0.47	0.13	0.33	0.36	0.77	1.42	0.72	0.37	0.4	0.46	3.64	3.86	0	7.81	2.19	4.39	7.68	3.66	2.44	5	3.54	1.95	5.73	1.59	4.39	17.32	8.78	4.51	4.88	5.61	0.52	0.15	0.3	0.52	0.25	0.16	0.34	0.24	0.13	0.39	0.11	0.27	0.3	0.03	0.36	0.69	8.37	0.25	0	70	0.1	0	0	0	0.08	0.12	0.08	0.1	0.03	0.02	1.2	0.8	1	3.5	40	20	0.04	8	0.06	0	0.08	0.45	34	3.7	28	1.2	3.1	0.01	0.07	0	0	11.91	0.06	900	246	0.01	0	0	0	0	70	82	80	72	70	85	80	85	64	72	56	67	85	95	70	85	90	90	90	90	0	30	0	30	60.9	6.7	1.4	2581	50.89	39.7	37.36	39.7	82	82	82	82	82	82	82	82	82	82	82	82	0.38	0.04	0.9	0.67	0.05	0	0	0	0	0.37	0.7	0.71	0.05	0.74	0.13	0	190	37	2.5	0	0	0	20.5	39	39.5	5	150	57	300	0	0	0.9	0	0	0	0	0	0	0	0	0	71	82	82	82	82	82	82	82	82	82	82	82	82	82	71	82	93	88	88	89	85	87	88	82	82	86	73	87	0.52	0.15	0.3	0.52	0.25	0.16	0.34	0.24	0.13	0.39	0.11	0.3	0.6	0.16	0.32	0.56	0.26	0.17	0.36	0.24	0.13	0.4	0.09	0.31	2210
30949	Rice bran. defatted. Vietnam	0.3	91	9	15.4	2.9	9	10	53.7	26.6	12.5	62.7	33.3	2.8	14.1	15	3683	2504	2504	2504	2504			2136	2468	2468	2468	1952	2320	2320	2320	2450	5.9	7.6	7.6	6.2			4.3	6.1	6.1	6.1	4	5.8	5.8	5.8	1.18	0.4	0.56	1.14	0.72	0.32	0.69	0.61	0.2	0.87	0.46	0.78	0.69	1.38	2.43	1.37	0.8	0.75	0.94	6.69	7.44	0	7.68	2.6	3.64	7.42	4.68	2.08	4.49	3.97	1.3	5.66	2.99	4.49	15.81	8.91	5.21	4.88	6.12	0.91	0.31	0.43	0.88	0.56	0.25	0.53	0.47	0.15	0.67	0.36	0.6	0.53	0.13	1.5	1.29	14.98	1.05	0	70	0.44	0	0	0	0.37	0.53	0.35	0.42	0.1	0.07	1.2	0.81	1	14	168	170.3	0.44	47.7	0.06	0	0.4	1.1	340	40	20	2.5	21	0.04	0.07	0	0	26.43	0.06	1050	1023	0.01	0	0	0	0	65	77	85	68	63	85	80	85	58	67	53	63	85	95	70	85	90	90	90	90	0	30	0	30	59.1	11.8	2.5	2504	39.48	28.28	26.62	28.28	77	77	77	77	77	77	77	77	77	77	77	77	0.38	0.04	0.9	1.05	0.05	0	0	0	0	0.69	1.01	0.92	0.06	1.16	0.22	0	306	36.1	1.8	0	0	0	23.9	34.8	31.8	1.1	0	31.3	26.6	0	0	3.7	0	0	0	0	0	0	0	0	0	65	77	77	77	77	77	77	77	77	77	77	77	77	77	65	77	84	79	74	73	73	74	72	74	74	74	68	86	0.91	0.31	0.43	0.88	0.55	0.25	0.53	0.47	0.15	0.67	0.35	0.53	0.99	0.32	0.41	0.83	0.53	0.24	0.5	0.45	0.15	0.64	0.31	0.59	470
30950	Rice protein meal. 45% CP. I-PRO. I-Soch	0.45	90	10	45	3.5	6	3.9	31.6	3	1	37.6	1.3	1	2	18	4393	3514	3514	3514	3514			2724	2768	2768	2768	2724	2768	2768	2768	3324	10.4	10.5	10.5	10.4			7.1	6.4	6.4	6.4	7	6.4	6.4	6.4	3.5	1.46	2.28	3.38	2.59	2.55	3.11	2.02	0.86	1.84	1.62	4.16	1.75	4.86	8.37	5.44	1.91	1.54	3.23	23.58	23.85	0	7.77	3.24	5.07	7.5	5.76	5.66	6.92	4.48	1.9	4.1	3.59	3.89	18.6	12.08	4.24	3.42	7.18	3.2	1.33	2.09	3.09	2.37	2.33	2.85	1.84	0.78	1.69	1.48	3.81	1.6	0.45	0.77	11.53	19.74	0.54	0	70	0.23	0	0	0	0.19	0.28	0.18	0.22	0.04	0.07	1.2	0.01	1.1	16.91	120	5.7	0.1	98	0.05	0	0.02	0.15	15	4	11.6	8.4	8	0.01	0.07	2167	0	10	0.06	1100	525	0.01	0	0	0	0	75	92	95	80	56	85	80	85	62	63	62	63	85	95	70	85	90	90	90	90	0	30	0	30	67.5	41.4	3.3	3514	21.06	1.11	1.04	1.11	92	92	92	92	92	92	92	92	92	92	92	92	0.95	0.11	2.34	1.3	0.09	0	0	0	0	0.72	1.37	1.38	0.1	1.44	0.78	0	1076	37	2.5	0	0	0	20.5	39	39.5	0	0	7	10.4	0	0	1.9	0	0	0	0	0	0	0	0	0	88	92	92	92	92	92	92	92	92	92	92	92	92	92	88	92	92	92	92	92	92	92	92	92	92	92	92	92	3.22	1.34	2.1	3.11	2.38	2.34	2.86	1.85	0.79	1.7	1.49	1.61	3.22	1.34	2.1	3.11	2.38	2.34	2.86	1.85	0.79	1.7	1.49	1.61	7241
30951	Rice protein meal. 50% CP. I-PRO. I-Soch	0.45	90	10	50	4.5	6	3.9	25.6	3	1	31.6	1.3	1	2	19	4524	3710	3710	3710	3710			3077	3122	3122	3122	3077	3077	3077	3077	3499	11.8	11.9	11.9	11.8			8	7.3	7.3	7.3	8	7.2	7.2	7.2	3.89	1.48	2.46	4.38	2.64	2.6	3.21	2.17	0.95	2.35	1.67	4.27	2.75	5.96	8.4	6.49	2.41	2.39	3.43	26.12	27.54	0	7.77	2.96	4.92	8.75	5.28	5.21	6.42	4.33	1.9	4.71	3.34	5.49	16.8	12.98	4.82	4.78	6.87	3.55	1.35	2.25	4	2.42	2.38	2.94	1.98	0.87	2.15	1.53	3.91	2.51	0.45	0.77	11.53	19.74	0.54	0	70	0.23	0	0	0	0.19	0.28	0.18	0.22	0.04	0.07	1.2	0.01	1.1	16.91	120	5.7	0.1	98	0.05	0	0.02	0.15	15	4	11.6	8.4	8	0.01	0.07	2167	0	10	0.06	1100	525	0.01	0	0	0	0	78	92	95	82	56	85	80	85	68	69	68	68	85	95	70	85	90	90	90	90	0	30	0	30	70.2	46	4.3	3710	17.7	1.11	1.04	1.11	92	92	92	92	92	92	92	92	92	92	92	92	0.95	0.11	2.34	1.67	0.11	0	0	0	0	0.92	1.76	1.78	0.13	1.85	0.78	0	1076	37	2.5	0	0	0	20.5	39	39.5	0	0	7	10.4	0	0	1.9	0	0	0	0	0	0	0	0	0	88	92	92	92	92	92	92	92	92	92	92	92	92	92	88	92	92	92	92	92	92	92	92	92	92	92	92	92	3.57	1.36	2.26	4.03	2.43	2.39	2.95	1.99	0.87	2.17	1.54	2.53	3.57	1.36	2.26	4.03	2.43	2.39	2.95	1.99	0.87	2.17	1.54	2.53	7241
30952	Rice protein meal. 60% CP. HI-PRO. I-Soch	0.45	90	10	60	3.5	6	3.9	16.6	3	1	22.6	1.3	1	2	19	4630	3935	3935	3935	3935			3518	3518	3518	3518	3518	3518	3518	3518	3682	13.4	13.5	13.5	13.4			9	8	8	8	9	8	8	8	4.66	1.75	2.98	4.78	3.19	3.15	3.81	2.42	1	2.85	1.74	4.89	2.75	6.56	9.47	6.74	2.91	2.54	3.83	30.6	29.97	0	7.77	2.92	4.97	7.97	5.32	5.25	6.35	4.03	1.67	4.75	2.9	4.58	15.78	11.23	4.85	4.23	6.38	4.27	1.6	2.73	4.38	2.92	2.88	3.49	2.21	0.92	2.61	1.59	4.47	2.51	0.45	0.77	11.53	19.74	0.54	0	70	0.23	0	0	0	0.19	0.28	0.18	0.22	0.04	0.07	1.2	0.01	1.1	16.91	120	5.7	0.1	98	0.05	0	0.02	0.15	15	4	11.6	8.4	8	0.01	0.07	2167	0	10	0.06	1100	525	0.01	0	0	0	0	81	92	95	85	56	85	80	85	76	76	76	76	85	95	70	85	90	90	90	90	0	30	0	30	72.9	55.2	3.3	3935	12.66	1.11	1.04	1.11	92	92	92	92	92	92	92	92	92	92	92	92	0.95	0.11	2.34	1.3	0.09	0	0	0	0	0.72	1.37	1.38	0.1	1.44	0.78	0	1076	37	2.5	0	0	0	20.5	39	39.5	0	0	7	10.4	0	0	1.9	0	0	0	0	0	0	0	0	0	88	92	92	92	92	92	92	92	92	92	92	92	92	92	88	92	92	92	92	92	92	92	92	92	92	92	92	92	4.29	1.61	2.74	4.4	2.94	2.9	3.51	2.22	0.92	2.62	1.6	2.53	4.29	1.61	2.74	4.4	2.94	2.9	3.51	2.22	0.92	2.62	1.6	2.53	7241
30965	Rye. grain	0.2	88.3	11.8	11.1	1.7	2.5	1.6	71.3	21.5	13.3	73.9	47.4	5	8.2	16	3783	2762	2762	2762	2762			2459	2762	2762	2762	2194	2573	2573	2573	2720	6	8.5	8.5	6.4			4.5	6.8	6.8	6.8	4.1	6.3	6.3	6.3	0.87	0.24	0.49	0.85	0.4	0.27	0.56	0.39	0.21	0.63	0.18	0.45	0.49	1.05	1.92	0.98	0.5	0.54	0.62	4.91	5.23	0	7.84	2.16	4.41	7.66	3.6	2.43	5.05	3.51	1.89	5.68	1.62	4.41	17.3	8.83	4.51	4.87	5.59	0.71	0.2	0.4	0.7	0.33	0.22	0.46	0.32	0.17	0.52	0.15	0.37	0.4	0.05	0.3	3.1	18.63	0.24	0	80	0.05	0	0	0	0.04	0.08	0.04	0.05	0.01	0.04	0.45	0.12	0.1	5	60	25	0.4	25	0.06	0	0.09	0.6	16	8	2.6	1.5	3.6	0	0	0	0	15	0.06	440	234	0	0	0	0	0	72	82	90	73	70	85	80	85	65	73	58	68	85	95	70	85	90	90	90	90	0	30	0	30	63.5	9.1	1.5	2762	51.7	40.25	37.88	40.25	82	82	82	82	82	82	82	82	82	82	82	82	0.23	0	0.19	0.69	0.1	0	0	0	0	0.29	0.24	1.15	0.11	0.77	0.11	0	822	41	6	0	0	0	17	14	68	5	45.6	9.8	300	0	0	0.9	0	0	0	0	0	0	0	0	0	72	82	79	78	77	79	73	81	82	73	75	75	83	76	72	82	80	82	77	79	72	82	83	71	70	76	71	78	0.69	0.19	0.38	0.67	0.29	0.22	0.46	0.28	0.16	0.47	0.15	0.37	0.7	0.2	0.38	0.67	0.29	0.22	0.46	0.28	0.15	0.48	0.13	0.38	696
31105	Safflower meal. expeller. with hulls. 20% CP	0.15	91.1	8.9	20.3	6.4	33	4	27.4	59	41	60.4	1.4	0	18	18	4195	2349	2349	2349	2349			1510	1762	1762	1762	1510	1762	1762	1762	2270	6	6	6	6			4.3	4.6	4.6	4.6	4.3	4.6	4.6	4.6	1.25	0.47	0.35	1.13	0.69	1.6	1.04	0.49	0.3	1.02	0.58	2.18	0.28	1.32	1.62	1.42	0.85	0.87	0.71	8.34	6.33	0	6.16	2.32	1.72	5.57	3.4	7.88	5.12	2.41	1.48	5.03	2.86	1.38	7.98	7	4.19	4.29	3.5	1.06	0.4	0.3	0.96	0.59	1.36	0.88	0.42	0.26	0.87	0.49	1.85	0.24	0.25	0.6	6.2	14.88	0.31	0	52	0.28	0	0	0	0.24	0.28	0.22	0.25	0.07	0.08	0.72	0.11	0.04	10	471	18	0.27	17	0.05	0	1.42	0.5	61.9	33.9	12	2.3	4.6	0	0	0	0	0.6	0.05	820	304	0.1	0	0	0	0	51	85	85	56	36	85	80	85	36	42	36	42	85	95	70	85	90	90	90	90	0	30	0	30	46.5	17.3	5.4	2349	21.73	1.16	1.1	1.16	85	85	85	85	85	85	85	85	85	85	85	85	0.87	0.3	2.44	4.74	0.03	0	0	0	0	0.61	0.77	4.77	0.03	5.27	0.64	0	69	74.1	0.4	0	0	0	9.5	12.1	74.5	5	150	57	200	9452.8	0	1.1	0	0	9400	0	0	0	0	0	0	51	85	85	85	85	85	85	85	85	85	85	85	85	85	51	85	85	85	85	85	85	85	85	85	85	85	85	85	1.06	0.4	0.3	0.96	0.59	1.36	0.88	0.42	0.26	0.87	0.49	0.24	1.06	0.4	0.3	0.96	0.59	1.36	0.88	0.42	0.26	0.87	0.49	0.24	615
31106	Safflower meal. expeller. without hulls. 43% CP	0.15	91.1	8.9	43.1	6.6	12	7.3	22.1	30	13.3	34.1	4.1	0	16.7	19	4431	3190	3190	3190	3190			2747	2969	2969	2969	2747	2969	2969	2969	3022	10.5	10.7	10.7	10.6			7.4	7.3	7.3	7.3	7.3	7.3	7.3	7.3	3.36	0.86	1.64	2.37	1.25	0.6	2.24	1.25	0.52	2.11	0.78	1.38	0.6	2.84	3.45	3.02	1.81	1.85	1.51	16.2	13.02	0	7.8	2	3.81	5.5	2.9	1.39	5.2	2.9	1.21	4.9	1.81	1.39	8.01	7.01	4.2	4.29	3.5	2.86	0.73	1.39	2.01	1.06	0.51	1.9	1.06	0.44	1.79	0.66	1.17	0.51	0.35	1.1	4.79	15.06	0.57	0	52	0.52	0	0	0	0.44	0.53	0.42	0.47	0.05	0.16	1.2	0.28	0.2	9	422	18	0.27	64	0.05	0	1.67	1.6	22	39.1	11.3	2.4	4.5	0	0	0	0	0.67	0.05	3248	557	0.1	0	0	0	0	66	85	90	72	41	85	80	85	62	67	62	67	85	95	70	85	90	90	90	90	0	30	0	30	60.1	36.6	5.9	3190	13.98	3.49	3.28	3.49	85	85	85	85	85	85	85	85	85	85	85	85	0.87	0.3	2.44	4.89	0.03	0	0	0	0	0.63	0.8	4.92	0.03	5.43	0.66	0	71	74.1	0.4	0	0	0	9.5	12.1	74.5	5	150	57	200	12000	0	2	0	0	7700	0	0	0	0	0	0	66	85	85	85	85	85	85	85	85	85	85	85	85	85	66	85	85	85	85	85	85	85	85	85	85	85	85	85	2.86	0.73	1.39	2.01	1.06	0.51	1.9	1.06	0.44	1.79	0.66	0.51	2.86	0.73	1.39	2.01	1.06	0.51	1.9	1.06	0.44	1.79	0.66	0.51	615
31107	Safflower meal. with hulls.solvent extracted. 22% CP	0.15	91	9	22.3	1.1	34.2	5	28.4	59	41	62.6	3.6	0	18	16	3903	2108	2108	2108	2108			1288	1522	1522	1522	1249	1522	1522	1522	2021	4.7	4.9	4.9	4.8			3.2	3.5	3.5	3.5	3.1	3.5	3.5	3.5	1.9	0.5	0.27	1.2	0.7	0.33	1	0.5	0.26	1	0.35	0.68	0.31	1.31	1.78	1.56	0.94	0.96	0.78	7.66	6.68	0	8.52	2.24	1.21	5.38	3.14	1.48	4.48	2.24	1.17	4.48	1.57	1.39	7.98	7	4.22	4.31	3.5	1.61	0.42	0.23	1.02	0.59	0.28	0.85	0.42	0.22	0.85	0.3	0.58	0.26	0.34	0.75	6.8	15	0.39	0	52	0.36	0	0	0	0.3	0.36	0.29	0.32	0.05	0.08	1.72	0.35	0.13	10	495	18	0.27	41	0.05	0	1.43	0.5	11	33.9	12	2.3	4	0	0	0	0	0.67	0.05	820	380	0.1	0	0	0	0	50	85	90	54	37	85	80	85	33	39	32	39	85	95	70	85	90	90	90	90	0	30	0	30	45.5	19	1	2108	23.17	3.09	2.9	3.09	85	85	85	85	85	85	85	85	85	85	85	85	0.87	0.3	2.44	0.79	0	0	0	0	0	0.1	0.13	0.8	0	0.88	0.1	0	12	74.1	0.4	0	0	0	9.5	12.1	74.5	5	150	57	200	9452.8	0	1.4	0	0	8000	0	0	0	0	0	0	51	85	85	85	85	85	85	85	85	85	85	85	85	85	51	85	85	85	85	85	85	85	85	85	85	85	85	85	1.61	0.42	0.23	1.02	0.59	0.28	0.85	0.42	0.22	0.85	0.3	0.26	1.61	0.42	0.23	1.02	0.59	0.28	0.85	0.42	0.22	0.85	0.3	0.26	615
31108	Safflower meal. solvent extr.. without hulls. 42% CP	0.15	91.1	9	42.4	1.4	14.1	7.5	25.8	30	12	39.8	9.9	0	18	17	4137	2896	2896	2896	2896			2482	2731	2731	2731	2441	2689	2689	2689	2731	9	9.4	9.4	9			6	6.2	6.2	6.2	5.9	6.1	6.1	6.1	3.7	1	1.7	2.5	1.3	0.69	1.85	1.35	0.6	2.3	0.7	1.39	0.59	2.44	3.39	2.97	1.78	1.82	1.48	16.99	12.73	0	8.73	2.36	4.01	5.9	3.07	1.63	4.36	3.18	1.42	5.43	1.65	1.39	8	7.01	4.2	4.29	3.49	3.14	0.85	1.44	2.12	1.1	0.59	1.57	1.15	0.51	1.96	0.6	1.18	0.5	0.35	0.5	4.69	6.71	0.26	0	52	0.23	0	0	0	0.19	0.23	0.18	0.21	0.05	0.16	1.2	1.02	0.13	9	484	39	0.27	33	0.05	0	1.7	1.61	22.2	39.4	11.83	2.5	4.62	0	0	0	0	0.52	0.05	3246	253	0.1	0	0	0	0	66	85	90	70	47	85	80	85	60	66	59	65	85	95	70	85	90	90	90	90	0	30	0	30	60.1	36	1.2	2896	18.73	8.37	7.88	8.37	85	85	85	85	85	85	85	85	85	85	85	85	0.87	0.3	2.44	1	0.01	0	0	0	0	0.13	0.16	1.01	0.01	1.11	0.13	0	15	74.1	0.4	0	0	0	9.5	12.1	74.5	5	150	57	200	12000	0	0.9	0	0	4220	0	0	0	0	0	0	66	85	85	85	85	85	85	85	85	85	85	85	85	85	66	85	85	85	85	85	85	85	85	85	85	85	85	85	3.14	0.85	1.44	2.12	1.1	0.59	1.57	1.15	0.51	1.96	0.6	0.5	3.14	0.85	1.44	2.12	1.1	0.59	1.57	1.15	0.51	1.96	0.6	0.5	615
31135	Sesame meal. expeller. 42% CP	0.4	92.6	7.4	42.2	8.8	6.8	11.7	23.2	21.3	10.2	30	4.4	4.3	11.1	18	4417	3357	3357	3357	3357			3048	3224	3224	3224	3048	3224	3224	3224	3192	11.4	11.8	11.8	11.5			8.2	8.1	8.1	8.1	8.1	8.1	8.1	8.1	3.54	0.98	1.58	2.51	1.01	1.15	1.81	1.36	0.72	1.94	0.64	1.79	1.39	3.2	7.6	3.38	2.03	1.86	1.94	16.6	18.84	0	8.39	2.32	3.74	5.95	2.39	2.73	4.29	3.22	1.71	4.6	1.52	3.29	18.01	8.01	4.81	4.41	4.6	3.01	0.83	1.34	2.13	0.86	0.98	1.54	1.16	0.61	1.65	0.54	1.52	1.18	1.98	0.46	16.96	3.94	0.24	0	52	0.22	0	0	0	0.18	0.22	0.18	0.2	0.04	0.2	1.06	0.65	0.4	50.4	93.75	40	0.4	46	0.05	0	0.24	0.3	30	6	12.5	3.6	2.8	0	0	67	0	0.67	0.05	1535	233	0.2	0	0	0	0	69	85	90	76	49	85	80	85	69	73	69	73	85	95	70	85	90	90	90	90	0	30	0	30	63.9	35.9	7.9	3357	14.69	3.72	3.5	3.72	85	85	85	85	85	85	85	85	85	85	85	85	0.87	0.3	2.44	3.62	0.01	0	0	0	0	1.3	3.46	3.62	0.01	4.02	0.09	0	442	41.3	0.1	0	0	0	14.8	39.5	41.3	5	150	57	300	150	0	0.9	0	0	178	0	0	0	0	0	0	70	85	85	85	85	85	85	85	85	85	85	85	85	85	70	85	85	85	85	85	85	85	85	85	85	85	85	85	3.01	0.83	1.34	2.13	0.86	0.98	1.54	1.16	0.61	1.65	0.54	1.18	3.01	0.83	1.34	2.13	0.86	0.98	1.54	1.16	0.61	1.65	0.54	1.18	2098
31136	Sesame meal. solvent extract. 48% CP	0.4	93.7	6.3	48.5	2.6	10.1	12.6	19.9	26	18.4	30	0	4	7.6	18	4197	3064	3064	3064	3064			2686	2770	2770	2770	2686	2770	2770	2770	2875	10	10.2	10.2	10.2			6.8	6.3	6.3	6.3	6.8	6.3	6.3	6.3	4.51	1.02	1.5	2.91	0.97	1.21	1.99	1.26	0.73	1.89	0.73	1.94	1.41	3.4	8.25	3.25	2.18	1.5	1.99	17.99	19.31	0	9.3	2.1	3.09	6	2	2.5	4.1	2.6	1.51	3.9	1.51	2.91	17.01	6.7	4.5	3.09	4.1	3.83	0.87	1.28	2.47	0.82	1.03	1.69	1.07	0.62	1.61	0.62	1.65	1.2	2.02	0.46	16	3.65	0.24	0	52	0.22	0	0	0	0.18	0.22	0.18	0.2	0.05	0.15	1.2	0.87	0.33	26	93	48	0.2	60	0.05	0	0.1	0.1	19	6	8.3	2.28	6.27	0	0	667	0	0.22	0.05	275	233	0.2	0	0	0	0	66	85	90	73	41	85	80	85	64	66	64	66	85	95	70	85	90	90	90	90	0	30	0	30	61.8	41.2	2.3	3064	12.3	0	0	0	85	85	85	85	85	85	85	85	85	85	85	85	0.87	0.3	2.44	1.07	0	0	0	0	0	0.38	1.03	1.07	0	1.19	0.02	0	131	41.3	0.1	0	0	0	14.8	39.5	41.3	5	150	57	300	150	0	0.9	0	0	170	1.5	0	0	0	0	0	67	85	85	85	85	85	85	85	85	85	85	85	85	85	67	85	85	85	85	85	85	85	85	85	85	85	85	85	3.83	0.87	1.28	2.47	0.82	1.03	1.69	1.07	0.62	1.61	0.62	1.2	3.83	0.87	1.28	2.47	0.82	1.03	1.69	1.07	0.62	1.61	0.62	1.2	1991
31145	Sorghum. gluten feed. 24% CP	0.25	88	12	24	3.2	9	8	43.8	14	6	52.8	37.8	1	8	16	3798	2924	2924	2924	2924			2734	3000	3000	3000	2507	2848	2848	2848	2831	8.1	10	10	8.3			5.8	7.3	7.3	7.3	5.4	6.9	6.9	6.9	0.8	0.8	1	2.5	0.9	0.4	1	0.8	0.2	1.3	0.45	0.85	0.58	1.58	3	2.42	0.7	1.9	1.8	9.7	10.85	0	3.33	3.33	4.17	10.42	3.75	1.67	4.17	3.33	0.83	5.42	1.88	2.42	12.5	10.08	2.92	7.92	7.5	0.68	0.68	0.85	2.13	0.77	0.34	0.85	0.68	0.17	1.11	0.38	0.72	0.49	0.56	0.51	7	6.4	0.26	0	50	0.25	0	0	0	0.21	0.25	0.2	0.22	0.05	0.2	0.6	0.34	0.4	5	80	25.4	0.05	18	0.06	0	0.2	0.1	30	12	7	1	3	0	0	16334	0	8.93	0.05	600	170	9.8	2	0	0	0	73	85	85	77	71	85	80	85	72	79	66	75	85	95	70	85	90	90	90	90	0	30	0	30	64.2	20.4	2.7	2924	37.49	32.13	30.24	32.13	85	85	85	85	85	85	85	85	85	85	85	85	0.46	0	0.84	1.44	0.09	0	0	0	0	0.52	0.99	1.65	0.1	1.6	0.34	0	25	45	2.7	0	0	0	16.1	31	51.7	5	150	57	300	0	0	0.6	0	0	0	0	0	0	0	0	0	74	85	85	85	85	85	85	85	85	85	85	85	85	85	74	85	85	85	85	85	85	85	85	85	85	85	85	85	0.68	0.68	0.85	2.13	0.77	0.34	0.85	0.68	0.17	1.11	0.38	0.49	0.68	0.68	0.85	2.13	0.77	0.34	0.85	0.68	0.17	1.11	0.38	0.49	1235
31146	Sorghum. gluten meal. 42% CP	0.25	90	10	42	4.3	3.5	1.8	38.4	15	6	41.9	25.9	1	9	19	4472	3488	3488	3488	3488			3264	3488	3488	3488	3130	3399	3399	3399	3324	11	12.3	12.3	11.1			7.6	8.4	8.4	8.4	7.4	8.1	8.1	8.1	1.4	1.4	2.3	7.4	0.8	0.75	2.6	1.4	0.4	2.5	0.8	1.55	1.51	4.11	5.25	4.24	0.92	3.32	3.15	20.95	19.19	0	3.33	3.33	5.48	17.62	1.91	1.79	6.19	3.33	0.95	5.95	1.91	3.6	12.5	10.1	2.19	7.91	7.5	1.19	1.19	1.95	6.29	0.68	0.64	2.21	1.19	0.34	2.12	0.68	1.32	1.28	0.01	0.17	0.55	9.44	0.08	0	50	0.08	0	0	0	0.07	0.08	0.06	0.07	0.02	0.05	0.6	0.24	0.1	5	72	25.5	0.05	30	0.06	0	0.2	0.2	28.3	12.5	5.9	1.38	0	0	0	16334	0	8.93	0.05	700	83	9.8	2	0	0	0	76	85	85	78	67	85	80	85	73	78	70	76	85	95	70	85	90	90	90	90	0	30	0	30	68.4	35.7	3.7	3488	28.07	22.02	20.72	22.02	85	85	85	85	85	85	85	85	85	85	85	85	0.48	0	0.86	1.94	0.12	0	0	0	0	0.69	1.33	2.22	0.13	2.15	0.46	0	34	45	2.7	0	0	0	16.1	31	51.7	5	150	57	300	0	0	0.3	0	0	0	0	0	0	0	0	0	76	85	85	85	85	85	85	85	85	85	85	85	85	85	76	85	85	85	85	85	85	85	85	85	85	85	85	85	1.19	1.19	1.95	6.29	0.68	0.64	2.21	1.19	0.34	2.12	0.68	1.28	1.19	1.19	1.95	6.29	0.68	0.64	2.21	1.19	0.34	2.12	0.68	1.28	1235
31147	Sorghum. grain	0.25	88.1	11.9	10	2.9	2.1	1.8	71.4	11	4.3	73.5	61.1	1.4	6.7	16	3819	2903	2903	2903	2903			2788	3094	3094	3094	2406	2864	2864	2864	2866	6.7	9.6	9.6	7			4.9	7.7	7.7	7.7	4.4	7.1	7.1	7.1	0.59	0.57	0.6	1.23	0.47	0.66	1.27	0.69	0.13	0.43	0.64	1.3	0.32	1.59	0.83	0.7	0.39	0.46	0.96	6.64	4.3	0	5.9	5.7	6	12.3	4.7	6.6	12.7	6.9	1.3	4.3	6.4	3.19	8.3	7	3.9	4.6	9.6	0.47	0.45	0.47	0.97	0.37	0.52	1	0.55	0.1	0.34	0.51	1.03	0.25	0.03	0.43	1.69	24.29	0.21	0	50	0.21	0	0	0	0.18	0.21	0.17	0.19	0.02	0.09	0.6	0.26	0.13	5	52	12	0.05	24	0.06	0	0.26	0.2	41	12.4	5.2	1.3	3	0	0	16334	0	5.21	0.05	668	210	9.8	2	0	0	0	76	79	65	76	77	85	80	85	73	81	63	75	85	95	70	85	90	90	90	90	0	30	0	30	67	7.9	1.9	2903	56.57	51.91	48.86	51.91	79	79	79	79	79	79	79	79	79	79	79	79	0.46	0	0.84	1.3	0.08	0	0	0	0	0.47	0.9	1.49	0.09	1.45	0.3	0	23	45	2.7	0	0	0	16.1	31	51.7	5	150	57	300	0	0	0.8	0	0	10000	0	0	0	0	70	0	77	79	79	79	79	79	79	79	79	79	79	79	79	79	77	79	79	79	79	79	79	79	79	79	79	79	79	79	0.47	0.45	0.47	0.97	0.37	0.52	1	0.55	0.1	0.34	0.51	0.25	0.47	0.45	0.47	0.97	0.37	0.52	1	0.55	0.1	0.34	0.51	0.25	748
31148	Sorghum. grain. low tannin	0.25	87.9	12.1	9	3	2.3	1.4	72.2	9.6	4.2	74.5	63.9	1	5.4	16	3812	2973	2973	2973	2973			2859	3164	3164	3164	2440	2897	2897	2897	2939	6.8	9.9	9.9	7.1			5	7.9	7.9	7.9	4.4	7.2	7.2	7.2	0.35	0.2	0.36	1.19	0.2	0.15	0.47	0.29	0.1	0.45	0.3	0.45	0.34	0.81	1.83	0.59	0.3	0.39	0.77	3.76	4.52	0	3.89	2.22	4	13.22	2.22	1.67	5.22	3.22	1.11	5	3.33	3.78	20.33	6.56	3.33	4.33	8.56	0.26	0.15	0.27	0.89	0.15	0.11	0.35	0.22	0.07	0.34	0.22	0.34	0.26	0.02	0.28	1.41	19.85	0.14	0	50	0.13	0	0	0	0.11	0.13	0.1	0.12	0.04	0.05	0.6	0.2	0.13	3	52	15	0.25	17	0.06	0	0.26	0.22	46.6	10.2	5.4	1.2	4.52	0	0	16334	0	5.21	0.05	692	136	9.8	2	0	0	0	78	83	65	78	78	85	80	85	75	83	64	76	85	95	70	85	90	90	90	90	0	30	0	30	68.6	7.5	1.9	2973	58.13	54.34	51.14	54.34	75	75	75	75	75	75	75	75	75	75	75	75	0.46	0	0.84	1.33	0.08	0	0	0	0	0.48	0.92	1.53	0.09	1.48	0.31	0	23	45	2.7	0	0	0	16.1	31	51.7	5	150	57	300	0	0	0.5	0	0	1592.7	0	0	0	0	70	0	78	75	75	75	75	75	75	75	75	75	75	75	75	75	78	75	90	85	89	89	81	90	92	84	80	90	87	93	0.26	0.15	0.27	0.89	0.15	0.11	0.35	0.22	0.07	0.34	0.22	0.26	0.32	0.17	0.32	1.06	0.16	0.14	0.43	0.24	0.08	0.41	0.26	0.32	748
31149	Sorghum. grain. high tannin	0.25	89	11	10.1	2.8	2.1	1.8	72.2	12.2	6.4	74.3	61	1.1	5.8	16	3853	2928	2928	2928	2928			2774	3082	3082	3082	2389	2851	2851	2851	2892	6.7	9.6	9.6	6.9			4.9	7.7	7.7	7.7	4.4	7	7	7	0.39	0.27	0.46	1.35	0.25	0.12	0.45	0.28	0.09	0.51	0.19	0.31	0.3	0.75	2.13	0.7	0.32	0.46	0.88	4.17	4.98	0	3.86	2.67	4.55	13.37	2.48	1.19	4.46	2.77	0.89	5.05	1.88	2.97	21.09	6.93	3.17	4.55	8.71	0.31	0.21	0.36	1.07	0.2	0.09	0.36	0.22	0.07	0.4	0.15	0.24	0.24	0.05	0.34	2.84	19.31	0.17	0	50	0.16	0	0	0	0.13	0.16	0.13	0.14	0.05	0.09	0.6	0.34	0.13	9.9	49.7	18.2	0.25	41	0.06	0	1.43	0.4	11	37.3	5	2	4	0	0	16334	0	6.7	0.05	816	166	9.8	2	0	0	0	75	79	65	76	76	85	80	85	72	80	62	74	85	95	70	85	90	90	90	90	0	30	0	30	66.8	8	1.8	2928	56.48	51.86	48.81	51.86	79	79	79	79	79	79	79	79	79	79	79	79	0.46	0	0.84	1.27	0.08	0	0	0	0	0.46	0.88	1.46	0.08	1.42	0.3	0	22	45	2.7	0	0	0	16.1	31	51.7	5	150	57	300	0	0	0.6	0	0	11236	0	0	0	0	70	0	77	79	79	79	79	79	79	79	79	79	79	79	79	79	77	79	68	82	81	85	73	81	83	76	78	79	64	85	0.31	0.21	0.36	1.07	0.2	0.09	0.36	0.22	0.07	0.4	0.15	0.24	0.27	0.22	0.37	1.15	0.18	0.1	0.37	0.21	0.07	0.4	0.12	0.25	748
31150	Sorghum. milo. mill feed	0.25	89	11	11	6.4	6.9	2.6	62.1	42.9	11.5	69	24.4	1.7	31.4	17	4020	2452	2452	2452	2452			1889	2372	2372	2372	1729	2251	2251	2251	2409	5.6	6.9	6.9	5.8			4.3	6.2	6.2	6.2	4.1	5.9	5.9	5.9	0.57	0.15	0.4	0.55	0.34	0.19	1.37	0.37	0.09	0.57	0.22	0.41	0.26	1.63	1.38	1.11	0.32	0.87	0.83	4.6	4.99	0	5.18	1.36	3.64	5	3.09	1.73	12.46	3.36	0.82	5.18	2	2.36	12.55	10.09	2.91	7.91	7.55	0.48	0.13	0.34	0.47	0.29	0.16	1.16	0.31	0.08	0.48	0.19	0.35	0.22	0.09	0.49	3.46	18.84	0.24	0	50	0.24	0	0	0	0.2	0.24	0.19	0.21	0.01	0.09	0.6	0.24	0.1	9	75	35	0.05	40	0.11	0	0.18	0.2	42.7	11	5	1.2	3.9	0	0	16334	0	5.02	0.05	800	239	9.8	2	0	0	0	58	85	75	61	53	85	80	85	47	59	43	56	85	95	70	85	90	90	90	90	0	30	0	30	51.6	9.4	4.8	2452	36.57	20.74	19.52	20.74	85	85	85	85	85	85	85	85	85	85	85	85	0.52	0	0.9	2.88	0.17	0	0	0	0	1.03	1.98	3.31	0.19	3.2	0.68	0	50	45	2.7	0	0	0	16.1	31	51.7	5	150	57	300	0	0	0.9	0	0	1040	0	0	0	0	0	0	60	85	87	81	87	90	81	89	88	84	83	87	83	87	60	85	87	81	87	90	81	89	88	84	83	87	83	87	0.5	0.12	0.35	0.5	0.28	0.17	1.21	0.31	0.07	0.5	0.18	0.23	0.5	0.12	0.35	0.5	0.28	0.17	1.21	0.31	0.07	0.5	0.18	0.23	748
31151	Sorghum. grain. milo. ADM	0.25	89	11	9.4	2.9	2	1.8	72.9	7	5	74.9	61	1.4	7.5	16	3843	2844	2844	2844	2844			2767	3075	3075	3075	2383	2844	2844	2844	2810	6.6	9.5	9.5	6.9			4.9	7.7	7.7	7.7	4.3	7.1	7.1	7.1	0.38	0.57	0.37	1.23	0.22	0.17	1.27	0.31	0.1	0.46	0.17	0.34	0.83	2.1	0.83	0.7	0.4	0.46	0.96	5.08	4.35	0	4.04	6.06	3.94	13.09	2.34	1.81	13.51	3.3	1.06	4.89	1.81	8.83	8.83	7.45	4.26	4.89	10.21	0.3	0.45	0.29	0.97	0.17	0.13	1	0.24	0.08	0.36	0.13	0.27	0.66	0.03	0.29	1.66	16.11	0.14	0	50	0.14	0	0	0	0.12	0.14	0.11	0.12	0.02	0.09	0.6	0.2	0.09	5	45	15	0.05	15	0.06	0	0.26	0.2	41	12.4	5.2	1.3	3	0	0	16334	0	5.21	0.05	668	141	9.8	2	0	0	0	74	79	65	74	74	85	80	85	72	80	62	74	85	95	70	85	90	90	90	90	0	30	0	30	65.9	7.4	1.9	2844	55.43	51.85	48.8	51.85	79	79	79	79	79	79	79	79	79	79	79	79	0.48	0	0.84	1.48	0.2	0	0	0	0	0.44	0.67	1.68	0.22	1.64	0.31	0	0	51	6.8	0	0	0	15.1	23.2	57.8	5	150	57	0	0	0	0.5	0	0	4000	100	0	0	0	0	0	79	79	79	79	79	79	79	79	79	79	79	79	79	79	79	79	79	79	79	79	79	79	79	79	79	79	79	79	0.3	0.45	0.29	0.97	0.17	0.13	1	0.24	0.08	0.36	0.13	0.66	0.3	0.45	0.29	0.97	0.17	0.13	1	0.24	0.08	0.36	0.13	0.66	422
31214	Soy protein concentrate. fermented. ME-PRO. Houdek	0.9	95.5	4.5	70	1	5.4	1.3	17.8	7	5	23.2	1	1	16.2	21	4983	3937	3937	3937	3937			3688	3887	3887	3887	3688	3887	3887	3887	3648	14.1	14.2	14.2	14.2			9.2	8.5	8.5	8.5	9.2	8.5	8.5	8.5	6.04	2.1	3.72	6.84	4.9	0.97	4.35	3.16	0.87	3.92	1.01	1.98	3.11	7.46	14.02	5	3.28	4.28	3.43	36.87	34.13	0	8.63	3	5.31	9.77	7	1.39	6.21	4.51	1.24	5.6	1.44	4.44	20.03	7.14	4.69	6.11	4.9	5.74	1.89	3.53	6.5	4.51	0.92	3.7	2.75	0.85	3.65	0.99	1.91	3.05	0.17	0.4	13.07	30.76	0.25	0	63	0.14	0	0	0	0.12	0.16	0.11	0.13	0.02	0.01	0.1	0.04	0.4	22	170	38	0.28	17	0.05	0	0.26	0.6	28	16.3	6	2.9	6	0	0	0	0	2.4	0.05	2500	430	2	2	0	0	0	75	90	90	79	30	85	80	85	74	78	74	78	85	95	70	85	90	90	90	90	0	30	0	30	71.6	63	0.9	3937	6.96	0.85	0.8	0.85	95	90	95	95	92	95	85	87	98	93	98	98	0.11	0.03	0.4	0.62	0.05	0	0	0	0	0.14	0.2	0.65	0.06	0.69	0.22	0	25	62	5	0	0	0	14	20	65	1.3	50	36	100	2500	0	0.9	0	0	90	0	0	0	0	0	314.1	99	99	99	99	99	99	99	99	99	99	99	86	99	99	99	99	99	99	99	99	99	99	99	99	99	86	99	99	5.98	2.08	3.68	6.77	4.85	0.96	4.31	3.13	0.86	3.37	1	3.08	5.98	2.08	3.68	6.77	4.85	0.96	4.31	3.13	0.86	3.37	1	3.08	4493
31215	Soy protein concentrate. 55% CP	0.9	91.3	8.7	55.5	1.2	3.8	5.7	25.1	14	10	28.9	2.5	5	11.4	18	4414	3443	3443	3443	3443			3267	3399	3399	3399	3223	3399	3399	3399	3209	11.9	12.3	12.3	12.1			7.9	7.5	7.5	7.5	7.9	7.5	7.5	7.5	2.2	1.16	1.28	2.34	1.59	1.18	2.27	1.58	1.74	2.64	1.02	2.2	3.55	5.82	5.79	3.88	2.49	3.37	2.61	17.98	22.71	0	3.96	2.09	2.31	4.22	2.87	2.13	4.09	2.85	3.14	4.76	1.84	6.4	10.43	6.99	4.49	6.07	4.7	2.02	1.07	1.18	2.15	1.46	1.09	2.09	1.45	1.6	2.43	0.94	2.02	3.27	0.25	0.8	4.37	13.98	0.5	0	63	0.29	0	0	0	0.24	0.32	0.23	0.27	0.02	0.01	2.03	0.33	0.4	53.62	139.91	38.92	12.05	32.46	0.11	0	0.32	0.5	30	17	7	2.5	6	0	0	0	0	1.79	0.05	2400	491	2	2	0	0	0	73	92	95	78	39	85	80	85	74	77	73	77	85	95	70	85	90	90	90	90	0	30	0	30	66.6	51.1	1.1	3443	11.27	2.13	2	2.13	92	92	92	92	92	92	92	92	92	92	92	92	0.15	0.03	0.27	0.6	0.08	0	0	0	0	0.18	0.27	0.68	0.09	0.66	0.32	0	29	51	6.8	0	0	0	15.1	23.2	57.8	1.3	150	36	100	2500	0	1.8	0	0	90	0	0	0	0	0	328.6	80	92	92	92	92	92	92	92	92	92	92	92	92	92	80	92	98	90	94	95	90	90	93	86	87	90	88	86	2.02	1.07	1.18	2.15	1.46	1.09	2.09	1.45	1.6	2.43	0.94	3.27	2.16	1.04	1.2	2.22	1.43	1.06	2.11	1.36	1.51	2.38	0.9	3.05	4493
31216	Soy protein concentrate. 59% CP	0.9	93.7	6.3	59.2	0.3	3	6.9	24.3	13.8	8.1	27.3	2.5	6.3	10.4	19	4477	3537	3537	3537	3537			3357	3492	3492	3492	3313	3492	3492	3492	3292	12.1	12.5	12.5	12.3			8	7.6	7.6	7.6	8	7.6	7.6	7.6	3.6	1.5	2.6	4.4	3	0.5	3.3	1.8	0.77	2.7	0.73	1.23	2	5.3	10.27	6.69	2.55	2.9	2.55	24.17	27.69	0	6.08	2.53	4.39	7.43	5.07	0.85	5.57	3.04	1.3	4.56	1.23	3.38	17.35	11.3	4.31	4.9	4.31	3.24	1.35	2.34	3.96	2.7	0.45	2.97	1.62	0.69	2.43	0.66	1.11	1.8	0.37	0.72	5.36	10.43	0.45	0	63	0.26	0	0	0	0.22	0.29	0.21	0.24	0.02	0.01	2.03	0.34	0.43	20	194	0	0.01	55	0.1	0	0.24	0.75	22	15	10.8	2.6	11	0	0	500	0	13.47	0	2300	442	2	2	0	0	0	74	90	90	79	45	85	80	85	75	78	74	78	85	95	70	85	90	90	90	90	0	30	0	30	69.3	53.3	0.3	3536	12.29	2.13	2	2.13	90	90	90	90	90	90	90	90	90	90	90	90	0.08	0.03	0.27	0.15	0.02	0	0	0	0	0.05	0.07	0.17	0.02	0.17	0.08	0	7	51	6.8	0	0	0	15.1	23.2	57.8	1.3	0	36	100	1229.6	0	1.6	0	0	5763.1	100	0	0	0	0	320.2	78	90	96	91	90	90	91	92	90	87	89	89	85	90	78	83	96	91	90	90	91	92	90	87	89	89	85	90	3.46	1.37	2.34	3.96	2.73	0.46	2.97	1.57	0.69	2.4	0.62	1.8	3.46	1.37	2.34	3.96	2.73	0.46	2.97	1.57	0.69	2.4	0.62	1.8	4493
31217	Soy protein concentrate. 60% CP	0.9	92	8	61.9	1.6	3.9	5.1	19.5	11.6	6.1	23.4	2.5	4	10.9	19	4589	3671	3671	3671	3671			3533	3671	3671	3671	3488	3625	3625	3625	3415	13	13.3	13.3	13.2			8.7	8.1	8.1	8.1	8.6	8.1	8.1	8.1	4.94	1.64	2.83	4.78	3.65	0.8	3.25	2.53	0.82	3.11	0.99	1.79	2.57	5.82	10.99	6.83	2.62	3.31	2.7	28.35	30.01	0	7.98	2.65	4.57	7.72	5.9	1.29	5.25	4.09	1.33	5.02	1.6	4.15	17.75	11.03	4.23	5.35	4.36	4.87	1.62	2.79	4.71	3.6	0.79	3.2	2.49	0.81	3.06	0.97	1.76	2.53	0.34	0.75	6.71	14.82	0.47	0	63	0.27	0	0	0	0.23	0.3	0.22	0.25	0.03	0.01	1.36	0.31	0.48	69.43	126.93	39.13	12.05	26.72	0.11	0	0.32	0.6	28	16.3	6	2.9	6	0	0	0	0	1.79	0.05	2609	461	2	2	0	0	0	75	90	95	80	40	85	80	85	77	80	76	79	85	95	70	85	90	90	90	90	0	30	0	30	69	55.7	1.5	3671	9.37	2.13	2	2.13	99	99	99	99	99	99	99	99	99	99	99	99	0.15	0.03	0.14	0.8	0.11	0	0	0	0	0.24	0.36	0.91	0.12	0.89	0.44	0	39	51	6.8	0	0	0	15.1	23.2	57.8	1.3	50	36	100	3270	0	1.7	0	0	90	0	0	0	0	0	326.2	86	99	99	99	99	99	99	99	99	99	99	99	99	99	86	99	98	90	94	95	90	90	93	86	87	90	88	86	4.89	1.62	2.8	4.73	3.61	0.79	3.22	2.5	0.81	3.08	0.98	2.54	4.84	1.48	2.66	4.54	3.29	0.72	3.02	2.18	0.71	2.8	0.87	2.21	4493
31218	Soy protein concentrate. 65% CP	0.9	92.5	7.5	65.3	0.8	3.8	6.3	16.4	8.1	5.3	20.2	2.5	3	9.4	19	4575	3705	3705	3705	3705			3568	3705	3705	3705	3568	3705	3705	3705	3436	13.3	13.6	13.6	13.4			8.8	8.1	8.1	8.1	8.7	8.1	8.1	8.1	4.98	1.81	3.2	5.17	4.23	0.92	3.4	2.73	0.82	3.4	0.98	1.9	2.34	5.74	12.09	7.76	2.74	3.5	2.74	30.66	32.15	0	7.63	2.77	4.9	7.92	6.48	1.41	5.21	4.18	1.26	5.21	1.5	3.58	18.52	11.88	4.2	5.36	4.2	4.88	1.77	3.14	5.07	4.15	0.9	3.33	2.68	0.8	3.33	0.96	1.86	2.29	0.35	0.8	5.59	12.77	0.5	0	63	0.29	0	0	0	0.24	0.32	0.23	0.27	0.02	0.01	1.36	0.33	0.5	7.26	125	40	8	31.25	0.1	0	0.32	0.5	10	8	5	2	4	0	0	0	0	1.79	0.05	2500	491	2	2	0	0	0	76	90	95	81	37	85	80	85	78	81	78	81	85	95	70	85	90	90	90	90	0	30	0	30	70.3	58.8	0.7	3705	7.46	2.13	2	2.13	98	98	98	98	98	98	98	98	98	98	98	98	0.11	0.03	0.14	0.39	0.05	0	0	0	0	0.12	0.18	0.45	0.06	0.44	0.21	0	19	51	6.8	0	0	0	15.1	23.2	57.8	1.3	50	36	100	2500	0	1.8	0	0	90	0	0	0	0	0	324.3	88	98	99	97	94	95	95	94	97	94	93	93	94	96	88	98	99	97	94	95	95	94	97	94	93	93	94	96	4.93	1.76	3.01	4.91	4.02	0.86	3.3	2.57	0.76	3.16	0.92	2.25	4.93	1.76	3.01	4.91	4.02	0.86	3.3	2.57	0.76	3.16	0.92	2.25	4493
31219	Soy protein concentrate. 70% CP	0.9	95.2	4.8	68.7	0.5	4	6	16	7	4	20	2.5	3	10.5	20	4735	3835	3835	3835	3835			3740	3882	3882	3882	3693	3835	3835	3835	3551	13.9	14.2	14.2	14			9.1	8.4	8.4	8.4	9.1	8.4	8.4	8.4	6.22	1.75	3.22	5.57	3.89	0.98	3.75	3.06	0.96	3.61	1.1	2.08	3.06	6.81	12.99	8.11	3	4.04	3.05	33.01	35.35	0	9.05	2.55	4.69	8.11	5.66	1.43	5.46	4.45	1.4	5.26	1.6	4.45	18.91	11.81	4.37	5.88	4.44	6.1	1.71	3.16	5.46	3.81	0.96	3.68	3	0.94	3.54	1.08	2.04	3	0.39	0.96	6.5	16	0.6	0	63	0.35	0	0	0	0.29	0.39	0.28	0.32	0.15	0.01	1.36	0.34	0.64	53.47	134	52	0.14	21.95	0.1	0	0.32	0.4	5	3.5	2	0.7	0.3	0	0	0	0	1.79	0.05	2500	590	2	2	0	0	0	76	90	95	81	35	85	80	85	79	82	78	81	85	95	70	85	90	90	90	90	0	30	0	30	72.3	61.8	0.5	3835	7	2.13	2	2.13	98	98	98	98	98	98	98	98	98	98	98	98	0.11	0.03	0.14	0.26	0.03	0	0	0	0	0.08	0.12	0.29	0.04	0.28	0.14	0	12	51	6.8	0	0	0	15.1	23.2	57.8	1.3	50	36	100	2500	0	2.2	0	0	90	0	0	0	0	0	314.1	89	98	98	98	98	98	98	98	98	98	98	98	98	98	89	98	98	90	94	95	90	90	93	86	87	90	88	86	6.1	1.71	3.16	5.46	3.81	0.96	3.68	3	0.94	3.54	1.08	3	6.1	1.57	3.03	5.29	3.5	0.88	3.49	2.63	0.83	3.25	0.97	2.63	4493
31220	Soy protein concentrate. Selecta XSOY 600. CJ Selecta	0.9	93	7	60	1	4.5	6	21.5	11.6	6.1	26	0.7	4	15.2	19	4534	3990	3990	3990	3990			3310	3491	3491	3491	3310	3491	3491	3491	3742	12.3	12.5	12.5	12.4			8.1	7.7	7.7	7.7	8.1	7.7	7.7	7.7	4.59	1.67	2.79	4.68	3.87	0.85	3.18	2.47	0.81	3.01	0.92	1.77	2.35	5.53	11.27	7.02	2.6	3.52	2.68	27.92	30.36	0	7.65	2.78	4.65	7.8	6.45	1.42	5.3	4.12	1.35	5.02	1.53	3.92	18.78	11.7	4.33	5.87	4.47	4.55	1.53	2.63	4.49	3.63	0.83	2.73	2.17	0.8	2.8	0.91	1.74	2.31	0.4	0.73	6.66	12.16	0.46	0	63	0.26	0	0	0	0.22	0.29	0.21	0.24	0.02	0.04	2.03	0.29	0.57	32.6	150	38.3	0.28	24	0.05	0	0.26	0.6	28	16.3	6	2.9	6	0	0	0	0	2.4	0.05	2609	448	2	2	0	0	0	85	90	90	88	80	85	80	85	73	77	73	77	85	95	70	85	90	90	90	90	0	30	0	30	79.1	54	0.9	3990	20.8	0.6	0.56	0.6	99	92	94	96	94	98	86	88	99	93	99	98	0.15	0.03	0.4	0.62	0.05	0	0	0	0	0.14	0.2	0.65	0.06	0.69	0.22	0	25	62	5	0	0	0	14	20	65	1.3	50	36	100	3270	0	1.6	0	0	90	0	0	0	0	0	322.6	99	99	99	99	99	99	99	99	99	99	99	86	99	99	99	99	98	90	94	95	90	90	93	86	87	90	88	86	4.54	1.65	2.76	4.63	3.83	0.84	3.15	2.45	0.8	2.59	0.91	2.33	4.5	1.5	2.62	4.45	3.48	0.77	2.96	2.12	0.7	2.71	0.81	2.02	7338
31222	Soy protein concentrate. HP300. Hamlet Protein	0.9	92	8	55	2.5	3.5	7.3	23.7	14	10	27.2	2.5	5	9.7	19	4441	3508	3508	3508	3508			3331	3464	3464	3464	3331	3464	3464	3464	3276	12.3	12.6	12.6	12.5			8.3	7.9	7.9	7.9	8.3	7.8	7.8	7.8	2.03	1.16	2.64	4.29	3.41	0.83	2.75	2.2	0.72	2.86	0.83	1.66	3.55	6.3	5.79	3.88	2.49	3.37	2.61	22.89	22.52	0	3.69	2.11	4.8	7.8	6.2	1.51	5	4	1.31	5.2	1.51	6.46	10.53	7.06	4.53	6.13	4.75	1.87	1.07	2.43	3.95	3.14	0.76	2.53	2.02	0.66	2.63	0.76	1.53	3.27	0.25	0.8	3.42	10.95	0.5	0	63	0.29	0	0	0	0.24	0.32	0.23	0.27	0.02	0.01	2.03	0.33	0.4	53.62	139.91	38.92	12.05	32.46	0.11	0	0.32	0.5	30	17	7	2.5	6	0	0	0	0	1.79	0.05	2400	491	2	2	0	0	0	74	92	95	79	41	85	80	85	75	78	75	78	85	95	70	85	90	90	90	90	0	30	0	30	68.1	50.6	2.4	3508	11.15	2.13	2	2.13	92	92	92	92	92	92	92	92	92	92	92	92	0.15	0.03	0.27	1.55	0.13	0	0	0	0	0.35	0.5	1.63	0.14	1.72	0.56	0	30	62	5	0	0	0	14	20	65	1.3	50	36	100	2500	0	1.8	0	0	5869.6	100	0	0	0	0	326.1	80	92	92	92	92	92	92	92	92	92	92	92	92	92	80	92	98	90	94	95	90	90	93	86	87	90	88	86	1.87	1.07	2.43	3.95	3.14	0.76	2.53	2.02	0.66	2.63	0.76	3.27	1.99	1.04	2.48	4.08	3.07	0.75	2.56	1.89	0.63	2.57	0.73	3.05	4493
31223	Soy protein isolate. Ardex. Archer Daniels Midland	0.9	92	8	82.8	0.6	1	6	1.6	1	0.5	2.6	0.4	1.2	0.5	20	4833	4494	4494	4494	4494			4494	4494	4494	4494	4494	4494	4494	4494	4137	17.2	17.3	17.3	17.2			11.2	9.7	9.7	9.7	11.2	9.7	9.7	9.7	6.87	1.52	4.25	5.23	5.26	1.01	3.23	3.17	1.08	4.21	1.19	2.2	2.58	5.81	14.82	9.44	3.48	3.81	3.56	35.83	38.88	0	8.3	1.84	5.13	6.32	6.35	1.22	3.9	3.83	1.3	5.09	1.44	3.12	17.9	11.4	4.2	4.6	4.3	6.73	1.49	4.17	5.13	5.16	0.99	3.17	3.11	1.06	4.13	1.17	2.16	2.53	0.15	0.65	2.5	10.83	0.41	0	63	0.24	0	0	0	0.2	0.27	0.19	0.22	0.02	0.08	2	0.4	0.71	14	137	5	0.1	34	0.11	0	0.32	0.7	22	14.8	4.9	2.9	3.1	0	0	0	0	2.46	0.05	2753	399	2	2	0	0	0	90	94	95	93	65	85	80	85	93	93	93	93	85	95	70	85	90	90	90	90	0	30	0	30	82.8	77.8	0.6	4494	1.69	0.34	0.32	0.34	98	98	98	98	98	98	98	98	98	98	98	98	0.11	0.03	0.27	0.37	0.03	0	0	0	0	0.08	0.12	0.39	0.03	0.41	0.13	0	15	62	5	0	0	0	14	20	65	1.3	50	36	100	2500	0	1.5	0	0	150	100	0	0	0	4060	326.1	94	98	99	91	90	89	91	92	92	85	88	89	82	91	94	98	99	91	90	89	91	92	92	85	88	89	82	91	6.8	1.38	3.83	4.65	4.79	0.93	2.97	2.69	0.95	3.75	0.98	2.35	6.8	1.38	3.83	4.65	4.79	0.93	2.97	2.69	0.95	3.75	0.98	2.35	4035
31224	Soy protein isolate	0.9	93	7	83.6	0.5	0.1	3.5	5.3	1	0.5	5.4	0.5	2	2.4	21	4981	4582	4582	4582	4582			4582	4582	4582	4582	4582	4582	4582	4582	4222	17.4	17.5	17.5	17.4			11.3	9.9	9.9	9.9	11.3	9.9	9.9	9.9	5.56	1.52	3.68	5.23	4.31	1.08	3.23	3.03	0.96	3.81	0.95	2.03	2.58	5.81	14.96	9.53	3.51	3.85	3.59	32.41	38.97	0	6.65	1.82	4.4	6.26	5.16	1.29	3.86	3.62	1.15	4.56	1.14	3.09	17.9	11.4	4.2	4.61	4.29	5.45	1.49	3.61	5.13	4.22	1.06	3.17	2.97	0.94	3.73	0.93	1.99	2.53	0.11	0.68	3.14	19.42	0.43	0	63	0.25	0	0	0	0.21	0.28	0.2	0.23	0.03	0.1	1.6	0.1	0.5	15.99	145	39	0.1	40	0.1	0	0.32	0.7	22	14.8	4.9	2.9	3.1	0	0	0	0	2.46	0.05	2753	417	2	2	0	0	0	90	94	95	92	45	85	80	85	92	92	92	92	85	95	70	85	90	90	90	90	0	30	0	30	83.7	78.6	0.5	4582	2.43	0.43	0.4	0.43	98	98	98	98	98	98	98	98	98	98	98	98	0.1	0.01	0.07	0.26	0.03	0	0	0	0	0.08	0.12	0.29	0.04	0.28	0.19	0	12	51	6.8	0	0	0	15.1	23.2	57.8	1.3	50	36	100	2500	0	1.5	0	0	150	100	0	0	0	4060	300	94	98	99	91	90	89	91	92	92	85	88	89	82	91	94	98	99	91	90	89	91	92	92	85	88	89	82	91	5.5	1.38	3.31	4.65	3.92	0.99	2.97	2.58	0.84	3.39	0.78	2.35	5.5	1.38	3.31	4.65	3.92	0.99	2.97	2.58	0.84	3.39	0.78	2.35	4035
31225	Soy protein concentrate. Soycomil P. Archer Daniels Midland	0.9	91	9	65	1	4	6	15	11.6	6.1	19	1	4	7.9	19	4532	3942	3942	3942	3942			3580	3671	3671	3671	3580	3671	3671	3671	3674	13.3	13.5	13.5	13.4			8.8	8	8	8	8.8	8	8	8	4.94	1.82	3.19	5.2	4.23	0.91	3.45	2.73	0.78	3.38	0.98	1.89	2.34	5.79	10.99	7	3	3.5	2.7	30.63	30.51	0	7.6	2.8	4.91	8	6.51	1.4	5.31	4.2	1.2	5.2	1.51	3.6	16.91	10.77	4.62	5.39	4.15	4.84	1.78	3.13	5.1	4.15	0.89	3.38	2.68	0.76	3.31	0.96	1.85	2.29	0.35	0.8	5.83	13.33	0.5	0	63	0.29	0	0	0	0.24	0.32	0.23	0.27	0.01	0.1	2.2	0.34	0.4	12	130	38	12.05	35	0.05	0	0.26	0.6	28	16.3	6	2.9	6	0	0	0	0	2.4	0.05	2609	491	2	2	0	0	0	83	90	95	87	70	85	88	85	79	81	79	81	85	95	70	85	90	90	90	90	0	30	0	30	75.5	58.5	1	3942	13.3	0.85	0.88	0.85	98	98	98	98	98	98	98	98	98	98	98	98	0.15	0.03	0.4	0.62	0.05	0	0	0	0	0.14	0.2	0.65	0.06	0.69	0.22	0	30	62	5	0	0	0	14	20	65	1.3	50	36	100	2500	0	1.8	0	0	90	0	0	0	0	0	322.6	99	99	99	97	95	95	95	94	97	94	93	94	94	94	99	99	99	97	95	95	95	94	97	94	93	94	94	94	4.89	1.77	3.03	4.94	4.02	0.86	3.35	2.57	0.73	3.18	0.92	2.2	4.89	1.77	3.03	4.94	4.02	0.86	3.35	2.57	0.73	3.18	0.92	2.2	4493
31226	Soy protein concentrate. Profine E. Solae	0.9	94	6	65.8	0.8	3.8	6	17.6	8.1	5.3	21.4	1	4	11.1	19	4656	4004	4004	4004	4004			3585	3725	3725	3725	3585	3725	3725	3725	3732	13.4	13.6	13.6	13.5			8.8	8.2	8.2	8.2	8.8	8.1	8.1	8.1	4.99	1.76	3.21	5.01	4.24	0.92	3.36	2.76	0.89	3.42	0.99	1.91	2.27	5.63	12.09	7.76	2.74	3.36	2.74	30.56	31.95	0	7.58	2.68	4.88	7.61	6.44	1.4	5.11	4.2	1.35	5.2	1.51	3.45	18.37	11.79	4.16	5.11	4.16	4.89	1.72	3.15	4.91	4.16	0.9	3.29	2.71	0.87	3.35	0.97	1.87	2.22	0.36	0.82	6	13.66	0.52	0	63	0.3	0	0	0	0.25	0.33	0.24	0.28	0.05	0.05	2.74	0.33	0.4	16	100	38	12	25	0.1	0	0.3	0.6	28	16.3	6	2.9	6	0	0	0	0	2.4	0.05	2609	503	2	2	0	0	0	83	90	95	86	70	85	80	85	77	80	77	80	85	95	70	85	90	90	90	90	0	30	0	30	78	59.2	0.8	4004	14.98	0.85	0.8	0.85	98	98	98	98	98	98	98	98	98	98	98	98	0.15	0.03	0.4	0.5	0.04	0	0	0	0	0.11	0.16	0.52	0.04	0.55	0.18	0	30	62	5	0	0	0	14	20	65	1.3	50	36	100	1250	0	1.8	0	0	90	0	0	0	0	0	322.6	98	99	99	99	99	99	99	99	99	99	99	86	99	99	99	99	98	90	94	95	90	90	93	86	87	90	88	86	4.94	1.74	3.18	4.96	4.2	0.91	3.33	2.73	0.88	2.94	0.98	2.25	4.89	1.58	3.02	4.76	3.82	0.83	3.12	2.37	0.77	3.08	0.87	1.95	4493
31227	Soy protein isolate. SUPRO 500E. Solae	0.9	95.5	4.5	88	0.4	0.9	3.8	2.4	1	0.5	3.3	0.4	1	1.4	21	5136	4777	4777	4777	4777			4777	4777	4777	4777	4725	4777	4777	4777	4397	18.2	18.2	18.2	18.2			11.8	10.2	10.2	10.2	11.8	10.2	10.2	10.2	6.7	2.3	4.3	7.2	5.5	1.2	4.6	3	1.2	4.4	1.1	2.3	3.3	7.9	16.8	10.2	3.7	4.6	3.8	40.4	43.5	0	7.61	2.61	4.89	8.18	6.25	1.36	5.23	3.41	1.36	5	1.25	3.75	19.09	11.59	4.21	5.23	4.32	6.57	2.25	4.21	7.06	5.39	1.18	4.51	2.94	1.18	4.31	1.08	2.25	3.23	0.2	0.6	5.26	15.78	0.38	0	63	0.22	0	0	0	0.18	0.24	0.18	0.2	0.12	0.1	0.22	0.01	0.7	12	160	1	0.1	40	0.1	0	0.3	0.2	30	20	4.9	1	2	0	0	0	0	2.46	0.05	2735	380	2	2	0	0	0	91	94	95	93	66	85	80	85	93	93	92	93	85	95	70	85	90	90	90	90	0	30	0	30	86.9	82.7	0.4	4777	2.18	0.34	0.32	0.34	98	98	98	98	98	98	98	98	98	98	98	98	0.11	0.03	0.27	0.25	0.02	0	0	0	0	0.06	0.08	0.26	0.02	0.28	0.15	0	15	62	5	0	0	0	14	20	65	1.3	50	36	100	2500	0	1.3	0	0	150	100	0	0	0	4060	326.1	93	98	99	91	90	89	91	92	92	85	88	89	82	91	94	98	99	91	90	89	91	92	92	85	88	89	82	91	6.63	2.09	3.87	6.41	5.01	1.1	4.23	2.55	1.06	3.92	0.9	3	6.63	2.09	3.87	6.41	5.01	1.1	4.23	2.55	1.06	3.92	0.9	3	4035
31228	Soy protein concentrate. Wilpromil R. Archer Daniels Midland	0.9	93	7	65	1	4.5	6	16.5	11.5	6	21	1	4	11.1	19	4613	3967	3967	3967	3967			3552	3690	3690	3690	3552	3690	3690	3690	3699	13.3	13.5	13.5	13.4			8.8	8.1	8.1	8.1	8.8	8.1	8.1	8.1	4.94	1.82	3.19	5.2	4.23	0.91	3.45	2.73	0.78	3.38	0.98	1.89	2.24	5.69	11.94	7.67	2.71	3.32	2.71	30.63	31.56	0	7.6	2.8	4.91	8	6.51	1.4	5.31	4.2	1.2	5.2	1.51	3.45	18.37	11.79	4.16	5.11	4.16	4.79	1.77	3.03	4.84	4.02	0.85	3.24	2.56	0.73	3.18	0.92	1.77	2.2	0.35	0.8	5.8	13.4	0.51	0	63	0.3	0	0	0	0.25	0.33	0.24	0.28	0.11	0.1	2.2	0.34	0.4	12	150	38	12	35	0.1	0	0.3	0.6	28	16.3	6	2.9	6	0	0	0	0	2.4	0.05	2609	503	2	2	0	0	0	83	90	95	86	70	85	80	85	77	80	77	80	85	95	70	85	90	90	90	90	0	30	0	30	77.2	58.5	1	3967	14.7	0.85	0.8	0.85	97	97	95	93	95	94	94	94	93	94	94	98	0.15	0.03	0.4	0.62	0.05	0	0	0	0	0.14	0.2	0.65	0.06	0.69	0.18	0	30	62	5	0	0	0	14	20	65	1.3	50	36	100	3000	0	1.8	0	0	90	0	0	0	0	0	322.6	98	99	99	99	99	99	99	99	99	99	99	86	99	99	99	99	98	90	94	95	90	90	93	86	87	90	88	86	4.89	1.8	3.16	5.15	4.19	0.9	3.42	2.7	0.77	2.91	0.97	2.22	4.84	1.64	3	4.94	3.81	0.82	3.21	2.35	0.68	3.04	0.86	1.93	4493
31229	Soy protein concentrate. PurePro SOY 70N-AF50	0.9	94.7	5.3	67.6	0.5	3.7	6	16.9	9.4	8.3	20.6	0.7	4	15	20	4696	4039	4039	4039	4039			3663	3851	3851	3851	3663	3851	3851	3851	3760	13.6	13.8	13.8	13.7			8.9	8.3	8.3	8.3	8.9	8.3	8.3	8.3	5.01	1.87	3.38	5.64	4.82	1.12	3.55	2.84	0.98	3.54	1.04	2.16	2.27	5.82	13.04	8.02	3.03	3.52	3.13	32.75	34.05	0	7.41	2.77	5	8.34	7.13	1.66	5.25	4.2	1.45	5.24	1.54	3.36	19.29	11.86	4.48	5.21	4.63	4.76	1.72	3.11	5.25	4.39	1.03	3.2	2.5	0.87	3.19	0.98	2.01	2.23	0.39	0.82	6.5	13.6	0.51	0	63	0.3	0	0	0	0.25	0.33	0.24	0.28	0.01	0.06	2.25	0.34	0.52	12	93	42	0.24	26	0.2	0	0.3	0.6	28	16.3	6	2.9	6	0	0	0	0	2.4	0.05	2609	503	2	2	0	0	0	83	90	95	86	70	85	80	85	78	82	78	82	85	95	70	85	90	90	90	90	0	30	0	30	78.6	60.8	0.5	4039	14.42	0.6	0.56	0.6	95	92	92	93	91	92	90	88	89	90	94	98	0.15	0.03	0.4	0.31	0.03	0	0	0	0	0.07	0.1	0.33	0.03	0.34	0.18	0	30	62	5	0	0	0	14	20	65	1.3	50	36	100	3000	0	1.8	0	0	90	0	0	0	0	0	320	98	99	95	91	91	91	91	92	90	86	88	90	79	93	99	99	98	90	94	95	90	90	93	86	87	90	88	86	4.76	1.7	3.08	5.13	4.39	1.03	3.2	2.44	0.86	3.19	0.82	2.11	4.91	1.68	3.18	5.36	4.34	1.01	3.3	2.44	0.85	3.19	0.92	1.95	4493
31235	Soybean meal. non-dehulled. 40% CP. expeller	0.25	89.6	10.4	41.3	6.2	6.1	5.6	30.4	18.2	14.3	36.5	2.5	9	10.7	18	4393	3295	3295	3295	3295			3031	3163	3163	3163	3031	3163	3163	3163	3126	10.9	11.4	11.4	11.2			7.8	7.8	7.8	7.8	7.8	7.8	7.8	7.8	2.97	1.09	2.15	3.07	2.57	0.58	2.03	1.4	0.61	2	0.82	1.4	1.54	3.57	7.39	4.79	1.73	1.82	1.78	18.47	19.87	0	7.19	2.64	5.21	7.43	6.22	1.4	4.92	3.39	1.48	4.84	1.99	3.73	17.89	11.6	4.19	4.41	4.31	2.64	0.97	1.94	2.76	2.29	0.52	1.71	1.18	0.54	1.84	0.73	1.25	1.37	0.46	0.72	8.18	12.81	0.45	0	63	0.26	0	0	0	0.22	0.29	0.21	0.24	0.02	0.02	2.02	0.32	0.44	19.8	129	16.12	0.07	43.4	0.13	0	0.27	0.45	37	13.8	10	4.4	1.7	0	0	67	0	4.91	0.05	2673	442	0.2	2	0	0	0	69	89	95	75	44	85	80	85	69	72	69	72	85	95	70	85	90	90	90	90	0	30	0	30	61.9	36.8	5.9	3295	16.06	2.13	2	2.13	89	89	90	90	89	89	84	84	89	92	89	89	1	0.5	0.27	3.18	0.42	0	0	0	0	0.94	1.45	3.6	0.47	3.53	1.75	0	153	51	6.8	0	0	0	15.1	23.2	57.8	2	181.4	29	100	6000	0	1.6	0	0	4000	100	0	0	0	3500	1050	75	89	93	90	88	88	89	91	88	85	87	86	84	90	75	89	93	90	88	88	89	91	88	85	87	86	84	90	2.76	0.98	1.89	2.7	2.29	0.53	1.79	1.19	0.53	1.72	0.69	1.39	2.76	0.98	1.89	2.7	2.29	0.53	1.79	1.19	0.53	1.72	0.69	1.39	2449
31236	Soybean meal. non-dehulled. 45% CP. solvent extracted	0.25	89.2	10.8	44	1.4	5.9	6.2	31.8	13.8	9	37.7	2.5	10	16.2	17	4140	2939	2939	2939	2939			2774	2981	2981	2981	2774	2981	2981	2981	2759	9.6	10.2	10.2	9.9			6.6	6.7	6.7	6.7	6.6	6.7	6.7	6.7	3.3	1.16	2.11	3.41	2.76	0.6	2.23	1.73	0.61	2.21	0.86	1.46	1.49	3.72	4.17	3.14	2.3	2.12	1.95	20.12	16.03	0	7.5	2.64	4.8	7.75	6.27	1.36	5.07	3.93	1.39	5.02	1.96	3.39	9.48	7.14	5.23	4.82	4.43	2.94	1.03	1.9	3.07	2.46	0.53	1.87	1.45	0.54	2.03	0.77	1.3	1.33	0.39	0.69	6.3	11.14	0.43	0	63	0.25	0	0	0	0.21	0.28	0.2	0.23	0.02	0.06	2.02	0.21	0.59	61.47	88.3	14.66	0.23	26.57	0.11	0	0.32	0.55	27.7	16.3	6	2.9	5.98	0	0	67	0	1.79	0.05	2619	423	0.2	2	0	0	0	66	89	90	71	41	85	80	85	67	72	67	72	85	95	70	85	90	90	90	90	0	30	0	30	58.9	39.2	1.2	2939	15.44	2.13	2	2.13	89	89	90	90	89	89	84	84	89	92	89	89	0.15	0.5	0.27	0.7	0.09	0	0	0	0	0.21	0.32	0.8	0.1	0.78	0.38	0	34	51	6.8	0	0	0	15.1	23.2	57.8	2	181.4	29	100	6000	0	1.6	0	0	4100	100	0	0	0	3500	2500	77	89	94	90	88	88	89	90	88	86	89	87	86	89	77	89	94	90	88	88	89	90	88	86	89	87	86	89	3.1	1.04	1.86	3	2.46	0.54	1.96	1.49	0.54	1.92	0.74	1.33	3.1	1.04	1.86	3	2.46	0.54	1.96	1.49	0.54	1.92	0.74	1.33	2449
31237	Soybean meal. dehulled. 48% CP. solvent extracted	0.25	89.8	10.2	48.9	1.4	4	6.2	29.2	13.7	8.3	33.3	2.5	10	12.5	18	4240	3180	3180	3180	3180			3010	3180	3180	3180	3010	3180	3180	3180	2980	10.6	11.1	11.1	10.9			7.2	7.2	7.2	7.2	7.2	7.1	7.1	7.1	3.63	1.26	2.16	3.63	2.75	0.66	2.44	1.94	0.83	2.34	0.84	1.5	2.31	4.75	7.95	4.81	2.15	2.58	2.14	21.64	22.78	0	7.42	2.58	4.42	7.42	5.62	1.35	4.99	3.97	1.7	4.79	1.72	4.72	16.26	9.84	4.4	5.28	4.38	3.21	1.12	1.94	3.27	2.44	0.58	2.05	1.63	0.73	2.15	0.74	1.33	2.05	0.36	0.65	5.76	10.41	0.41	0	63	0.24	0	0	0	0.2	0.27	0.19	0.22	0.01	0.05	2.15	0.31	0.71	18	346	45	0.24	54	0.11	0	0.3	1.09	26.35	15.7	6.25	3.05	3.9	0	0	67	0	2.01	0.05	2795	399	0.2	2	0	0	0	70	89	90	75	46	85	80	85	71	75	71	75	85	95	70	85	90	90	90	90	0	30	0	30	62.9	43.5	1.3	3180	15.31	2.13	2	2.13	89	89	90	90	89	89	84	84	89	92	89	89	0.15	0.5	0.27	0.71	0.09	0	0	0	0	0.21	0.32	0.8	0.11	0.79	0.39	0	34	51	6.8	0	0	0	15.1	23.2	57.8	2	181.4	29	100	6000	0	1.5	0	0	4200	100	0	0	0	3500	2500	77	89	94	91	89	89	90	91	89	87	90	88	87	90	77	89	94	91	89	89	90	91	89	87	90	88	87	90	3.41	1.15	1.92	3.23	2.48	0.6	2.17	1.69	0.75	2.06	0.73	2.08	3.41	1.15	1.92	3.23	2.48	0.6	2.17	1.69	0.75	2.06	0.73	2.08	2449
31238	Soybean meal. dehulled. 55% CP	0.25	89.8	10.3	54.5	0.7	2.9	6.4	25.3	11	5.9	28.2	2.5	10.6	9.2	18	4283	3384	3384	3384	3384			3255	3384	3384	3384	3255	3384	3384	3384	3161	11.4	12	12	11.8			7.7	7.5	7.5	7.5	7.7	7.5	7.5	7.5	3.88	1.39	2.42	4.14	3.5	0.8	2.77	2.04	0.67	2.5	0.81	1.61	1.92	4.69	10.04	6.05	2.2	2.6	2.3	24.11	25.92	0	7.12	2.55	4.44	7.6	6.42	1.47	5.08	3.74	1.23	4.59	1.49	3.52	18.42	11.1	4.04	4.77	4.22	3.45	1.24	2.18	3.73	3.11	0.71	2.33	1.71	0.6	2.3	0.72	1.43	1.71	0.36	0.77	5.65	12.08	0.48	0	63	0.28	0	0	0	0.24	0.31	0.22	0.26	0.01	0.05	2.15	0.35	0.7	20	169	40	0.24	57	0.11	0	0.32	0.74	21.5	14.8	4.92	2.9	3.1	0	0	67	0	2.46	0.05	2746	473	2	2	0	0	0	75	89	90	79	53	85	80	85	76	79	76	79	85	95	70	85	90	90	90	90	0	30	0	30	67.3	48.5	0.6	3384	14.94	2.13	2	2.13	89	89	90	90	89	89	84	84	89	92	89	89	0.15	0.5	0.27	0.35	0.05	0	0	0	0	0.1	0.16	0.4	0.05	0.39	0.19	0	17	51	6.8	0	0	0	15.1	23.2	57.8	2	181.4	29	100	6000	0	1.7	0	0	4254	100	0	0	0	3500	2500	79	89	89	89	89	89	89	89	89	89	89	89	89	89	79	89	98	90	94	95	90	90	93	86	87	90	88	86	3.45	1.24	2.15	3.68	3.11	0.71	2.47	1.82	0.6	2.22	0.72	1.71	3.8	1.25	2.27	3.93	3.15	0.72	2.58	1.75	0.58	2.25	0.71	1.65	2449
31276	Soybean meal. Argentina. non-dehulled. Standard. 44% CP	0.25	89.8	10.2	44	1.4	6	6.2	32.2	13.7	8.3	38.2	2.5	6.7	20.7	17	4163	2790	2790	2790	2790			2581	2873	2873	2873	2581	2873	2873	2873	2614	9.2	9.7	9.7	9.5			6.3	6.5	6.5	6.5	6.2	6.4	6.4	6.4	3.19	1.18	1.89	3.33	2.68	0.61	2.18	1.71	0.59	2.09	0.63	1.24	1.62	3.8	7.56	4.89	1.82	2.17	1.83	19.44	20.52	0	7.25	2.68	4.29	7.56	6.09	1.39	4.95	3.89	1.34	4.75	1.43	3.69	17.19	11.12	4.13	4.92	4.15	2.84	1.03	1.58	2.79	2.33	0.53	1.52	1.32	0.51	1.73	0.55	1.08	1.41	0.33	0.7	5.33	11.16	0.44	0	63	0.25	0	0	0	0.21	0.28	0.2	0.23	0.01	0.01	2.26	0.25	0.4	15.4	113.4	47.08	0.22	58.96	0.13	0.09	0.33	0.75	26.4	14.52	7.92	3.3	6.6	1.98	0	0	0	2.23	3	2065	428	1.9	2	0	0	0	61	87	86	67	33	85	80	85	62	69	62	69	85	95	70	85	90	90	90	90	0	30	0	30	54.8	38.3	1.2	2790	12.6	2.13	2	2.13	89	87	84	84	87	87	70	77	87	83	87	87	0.15	0.5	0.27	0.71	0.09	0	0	0	0	0.21	0.32	0.8	0.11	0.79	0.39	0	1	51	6.8	0	0	0	15.1	23.2	57.8	2	181.4	113	179	6000	0	1.6	0	0	7000	150	0	0	0	3500	2500	78	91	96	92	92	91	90	94	91	89	93	89	82	91	78	85	96	92	92	91	90	94	91	89	93	89	82	91	3.06	1.09	1.73	3.03	2.41	0.57	1.98	1.52	0.55	1.86	0.52	1.48	3.06	1.09	1.73	3.03	2.41	0.57	1.98	1.52	0.55	1.86	0.52	1.48	4201
31240	Soybean meal. Argentina. non-dehulled. Standard. 45% CP	0.25	89.8	10.2	45	1.4	5.5	6.2	31.7	13.7	8.3	37.2	2.5	6.7	19.7	17	4178	2799	2799	2799	2799			2632	2883	2883	2883	2632	2883	2883	2883	2619	9.4	9.9	9.9	9.7			6.4	6.5	6.5	6.5	6.4	6.5	6.5	6.5	3.26	1.21	1.93	3.4	2.74	0.62	2.23	1.75	0.6	2.14	0.64	1.27	1.66	3.89	7.73	5	1.86	2.22	1.87	19.88	20.99	0	7.25	2.68	4.29	7.56	6.09	1.39	4.95	3.89	1.34	4.75	1.43	3.69	17.19	11.12	4.13	4.92	4.15	2.9	1.05	1.62	2.86	2.38	0.54	1.56	1.35	0.53	1.77	0.56	1.1	1.45	0.33	0.7	5.33	11.16	0.44	0	63	0.25	0	0	0	0.21	0.28	0.2	0.23	0.01	0.01	2.26	0.25	0.4	15.4	113.4	47.08	0.22	58.96	0.13	0.09	0.33	0.75	26.4	14.52	7.92	3.3	6.6	1.98	0	0	0	2.23	3	2065	428	1.9	2	0	0	0	62	87	86	67	33	85	80	85	63	69	63	69	85	95	70	85	90	90	90	90	0	30	0	30	55.7	39.2	1.2	2799	12.27	2.13	2	2.13	89	87	84	84	87	87	70	77	87	83	87	87	0.15	0.5	0.27	0.71	0.09	0	0	0	0	0.21	0.32	0.8	0.11	0.79	0.39	0	1	51	6.8	0	0	0	15.1	23.2	57.8	2	181.4	113	179	6000	0	1.6	0	0	7000	150	0	0	0	3500	2500	78	91	96	92	92	91	90	94	91	89	93	89	82	91	78	85	96	92	92	91	90	94	91	89	93	89	82	91	3.13	1.11	1.77	3.1	2.47	0.59	2.02	1.56	0.56	1.9	0.53	1.51	3.13	1.11	1.77	3.1	2.47	0.59	2.02	1.56	0.56	1.9	0.53	1.51	4201
31277	Soybean meal. Argentina. dehulled. Standard. 46% CP	0.25	89.1	10.9	46	1.7	4	6.6	30.8	13.7	8.3	34.8	2.5	6.7	17.3	17	4166	2916	2916	2916	2916			2708	2958	2958	2958	2708	2916	2916	2916	2732	9.7	10.1	10.1	9.9			6.6	6.7	6.7	6.7	6.6	6.6	6.6	6.6	3.34	1.27	2.1	3.51	2.85	0.63	2.34	1.8	0.64	2.2	0.71	1.34	1.57	3.9	8.04	5.17	1.98	2.26	1.98	20.66	21.7	0	7.25	2.76	4.56	7.64	6.19	1.37	5.08	3.91	1.39	4.78	1.54	3.41	17.47	11.24	4.3	4.91	4.3	2.97	1.1	1.76	2.95	2.48	0.55	1.64	1.38	0.56	1.82	0.62	1.16	1.36	0.34	0.68	5.13	10.27	0.43	0	63	0.25	0	0	0	0.21	0.28	0.2	0.23	0.01	0.05	2.26	0.35	0.4	15.4	113.4	47.08	0.45	48.2	0.11	0.7	0.24	0.75	22	15	10.8	2.6	11	0	0	500	0	13.47	0	2300	418	2	2	0	0	0	64	87	86	70	36	85	80	85	65	71	65	70	85	95	70	85	90	90	90	90	0	30	0	30	57	40	1.4	2916	12.53	2.13	2	2.13	89	87	84	84	87	87	70	77	87	83	87	87	0.15	0.5	0.27	0.86	0.11	0	0	0	0	0.25	0.39	0.97	0.13	0.95	0.47	0	1	51	6.8	0	0	0	15.1	23.2	57.8	2	181.4	113	179	6000	0	1.5	0	0	4000	100	0	0	0	3500	2500	78	91	96	92	92	91	90	94	91	89	93	89	82	91	78	82	96	92	92	91	90	94	91	89	93	89	82	91	3.2	1.17	1.93	3.2	2.56	0.59	2.13	1.6	0.59	1.95	0.58	1.43	3.2	1.17	1.93	3.2	2.56	0.59	2.13	1.6	0.59	1.95	0.58	1.43	4201
31239	Soybean meal. Argentina. dehulled. Standard. 47% CP	0.25	89.1	10.9	47	1.7	3.9	6.6	29.9	13.7	8.3	33.8	2.5	6.7	16.3	17	4180	2968	2968	2968	2968			2759	2968	2968	2968	2759	2968	2968	2968	2780	9.9	10.3	10.3	10.1			6.7	6.7	6.7	6.7	6.7	6.7	6.7	6.7	3.41	1.3	2.14	3.59	2.91	0.64	2.39	1.84	0.65	2.24	0.72	1.37	1.6	3.99	8.21	5.28	2.02	2.31	2.02	21.11	22.17	0	7.25	2.76	4.56	7.64	6.19	1.37	5.08	3.91	1.39	4.78	1.54	3.41	17.47	11.24	4.3	4.91	4.3	3.03	1.13	1.8	3.02	2.53	0.56	1.67	1.41	0.57	1.86	0.63	1.19	1.39	0.34	0.68	5.13	10.27	0.43	0	63	0.25	0	0	0	0.21	0.28	0.2	0.23	0.01	0.05	2.26	0.35	0.4	15.4	113.4	47.08	0.45	48.2	0.11	0.7	0.24	0.75	22	15	10.8	2.6	11	0	0	500	0	13.47	0	2300	418	2	2	0	0	0	65	87	86	71	37	85	80	85	66	71	66	71	85	95	70	85	90	90	90	90	0	30	0	30	57.9	40.9	1.4	2968	12.51	2.13	2	2.13	89	87	84	84	87	87	70	77	87	83	87	87	0.15	0.5	0.27	0.86	0.11	0	0	0	0	0.25	0.39	0.97	0.13	0.95	0.47	0	1	51	6.8	0	0	0	15.1	23.2	57.8	2	181.4	113	179	6000	0	1.5	0	0	4000	100	0	0	0	3500	2500	78	91	96	92	92	91	90	94	91	89	93	89	82	91	78	82	96	92	92	91	90	94	91	89	93	89	82	91	3.27	1.19	1.97	3.27	2.62	0.6	2.17	1.63	0.61	2	0.59	1.46	3.27	1.19	1.97	3.27	2.62	0.6	2.17	1.63	0.61	2	0.59	1.46	4201
31278	Soybean meal. Argentina. dehulled. Standard. 48% CP	0.25	89.1	10.9	48	1.7	3.8	6.6	29	13.7	8.3	32.8	2.5	6.7	15.3	18	4197	2980	2980	2980	2980			2812	3022	3022	3022	2812	3022	3022	3022	2788	10.1	10.5	10.5	10.3			6.8	6.8	6.8	6.8	6.8	6.8	6.8	6.8	3.48	1.32	2.19	3.67	2.97	0.66	2.44	1.88	0.67	2.29	0.74	1.4	1.64	4.07	8.39	5.4	2.06	2.35	2.06	21.56	22.64	0	7.25	2.76	4.56	7.64	6.19	1.37	5.08	3.91	1.39	4.78	1.54	3.41	17.47	11.24	4.3	4.91	4.3	3.1	1.15	1.84	3.08	2.58	0.57	1.71	1.44	0.58	1.9	0.64	1.21	1.42	0.34	0.68	5.13	10.27	0.43	0	63	0.25	0	0	0	0.21	0.28	0.2	0.23	0.01	0.05	2.26	0.35	0.4	15.4	113.4	47.08	0.45	48.2	0.11	0.7	0.24	0.75	22	15	10.8	2.6	11	0	0	500	0	13.47	0	2300	418	2	2	0	0	0	66	87	86	71	38	85	80	85	67	72	67	72	85	95	70	85	90	90	90	90	0	30	0	30	58.8	41.8	1.4	2980	12.46	2.13	2	2.13	89	87	84	84	87	87	70	77	87	83	87	87	0.15	0.5	0.27	0.86	0.11	0	0	0	0	0.25	0.39	0.97	0.13	0.95	0.47	0	1	51	6.8	0	0	0	15.1	23.2	57.8	5	181.4	113	179	6000	0	1.5	0	0	4000	100	0	0	0	3500	2500	78	91	96	92	92	91	90	94	91	89	93	89	82	91	78	82	96	92	92	91	90	94	91	89	93	89	82	91	3.34	1.22	2.01	3.34	2.67	0.62	2.22	1.67	0.62	2.04	0.61	1.49	3.34	1.22	2.01	3.34	2.67	0.62	2.22	1.67	0.62	2.04	0.61	1.49	4201
31282	Soybean meal. Bolivian. non-dehulled. 45% CP	0.25	88	12	45	1.4	5.5	6.2	29.9	13.7	8.3	35.4	2.5	8	16.6	17	4106	2833	2833	2833	2833			2628	2874	2874	2874	2628	2833	2833	2833	2658	9.3	9.8	9.8	9.6			6.3	6.5	6.5	6.5	6.3	6.4	6.4	6.4	3.26	1.23	2.07	3.41	2.75	0.63	2.41	1.75	0.61	2.12	0.67	1.29	1.72	4.13	8.01	5.31	1.97	2.34	1.98	20.24	22	0	7.24	2.74	4.6	7.59	6.11	1.39	5.35	3.89	1.35	4.71	1.48	3.83	17.81	11.79	4.38	5.2	4.4	2.77	1.05	1.41	2.73	2.34	0.53	1.54	1.3	0.52	1.65	0.57	1.1	1.46	0.34	0.72	5.51	11.55	0.45	0	63	0.26	0	0	0	0.22	0.29	0.21	0.24	0.02	0.02	2	0.35	0.4	14.8	183.26	37.16	0.22	58.96	0.13	0.09	0.33	0.75	26.4	14.52	7.92	3.3	6.6	1.98	0	0	0	2.23	3	2640	443	1.9	2	0	0	0	64	85	85	69	38	85	80	85	64	70	64	69	85	95	70	85	90	90	90	90	0	30	0	30	56.3	38.3	1.2	2833	13.44	2.13	2	2.13	85	85	68	80	85	85	64	74	85	78	85	85	0.15	0.5	0.27	0.71	0.09	0	0	0	0	0.21	0.32	0.8	0.11	0.79	0.39	0	1	51	6.8	0	0	0	15.1	23.2	57.8	5	181.4	113	179	6000	0	1.6	0	0	7000	150	0	0	0	3500	2500	78	91	96	92	92	91	92	94	92	88	93	89	82	91	78	85	96	92	92	91	92	94	92	88	93	89	82	91	3.13	1.14	1.91	3.11	2.53	0.59	2.22	1.54	0.56	1.89	0.55	1.57	3.13	1.14	1.91	3.11	2.53	0.59	2.22	1.54	0.56	1.89	0.55	1.57	4500
31283	Soybean meal. Bolivian. dehulled. 48% CP	0.25	88	12	48	1.4	3.8	6.2	28.6	13.7	8.3	32.4	2.5	8	13.6	17	4152	2948	2948	2948	2948			2782	2948	2948	2948	2782	2948	2948	2948	2760	9.8	10.3	10.3	10.1			6.7	6.7	6.7	6.7	6.7	6.6	6.6	6.6	3.33	1.22	2.26	3.56	2.78	0.69	2.42	1.85	0.63	2.25	0.73	1.41	1.63	4.05	10.23	5.43	2.06	2.35	2.06	20.99	24.49	0	6.93	2.55	4.71	7.43	5.79	1.43	5.04	3.86	1.31	4.69	1.52	3.4	21.31	11.31	4.3	4.9	4.3	2.83	1.04	1.54	2.85	2.36	0.58	1.55	1.37	0.53	1.76	0.62	1.2	1.39	0.32	0.65	5.11	10.38	0.41	0	63	0.23	0	0	0	0.19	0.26	0.18	0.21	0.01	0.04	2	0.42	0.4	14.6	183.26	40	0.01	53.2	0.11	0	0.24	0.75	22	15	10.8	2.6	11	0	0	500	0	13.47	0	2300	398	2	2	0	0	0	67	85	85	71	42	85	80	85	67	71	67	71	85	95	70	85	90	90	90	90	0	30	0	30	59	40.8	1.2	2948	13.6	2.13	2	2.13	85	85	68	80	85	85	64	74	85	78	85	85	0.15	0.5	0.27	0.71	0.09	0	0	0	0	0.21	0.32	0.8	0.11	0.79	0.39	0	1	51	6.8	0	0	0	15.1	23.2	57.8	5	181.4	113	179	6000	0	1.5	0	0	8000	100	0	0	0	3500	2500	78	91	96	92	92	91	92	94	92	88	93	89	82	91	78	83	96	92	92	91	92	94	92	88	93	89	82	91	3.19	1.13	2.08	3.24	2.56	0.65	2.23	1.63	0.58	2	0.6	1.49	3.19	1.13	2.08	3.24	2.56	0.65	2.23	1.63	0.58	2	0.6	1.49	4500
31279	Soybean meal. Brazil. non-dehulled. Standard. 44% CP	0.25	88	12	44	1.1	6	5.8	31.1	13.7	8.3	37.1	2.5	8	18.3	17	4092	2741	2741	2741	2741			2578	2823	2823	2823	2578	2782	2782	2782	2570	9	9.5	9.5	9.3			6.1	6.3	6.3	6.3	6.1	6.3	6.3	6.3	3.18	1.21	2.02	3.34	2.69	0.61	2.36	1.71	0.59	2.07	0.65	1.27	1.68	4.04	7.84	5.19	1.93	2.29	1.94	19.79	21.51	0	7.24	2.74	4.6	7.59	6.11	1.39	5.35	3.89	1.35	4.71	1.48	3.83	17.81	11.79	4.38	5.2	4.4	2.8	1.03	1.38	2.67	2.42	0.52	1.51	1.27	0.5	1.62	0.55	1.08	1.43	0.32	0.67	5.51	11.55	0.42	0	63	0.24	0	0	0	0.2	0.27	0.19	0.22	0.02	0.02	2.15	0.35	0.4	9	183.26	37.16	0.22	58.96	0.13	0.09	0.33	0.75	26.4	14.52	7.92	3.3	6.6	1.98	0	0	0	2.23	3	2640	411	1.9	2	0	0	0	62	85	83	67	36	85	80	85	63	69	63	68	85	95	70	85	90	90	90	90	0	30	0	30	54.6	37.4	0.9	2741	13.36	2.13	2	2.13	88	85	68	80	90	85	64	74	85	78	85	85	0.15	0.5	0.27	0.56	0.07	0	0	0	0	0.17	0.26	0.64	0.08	0.62	0.31	0	1	51	6.8	0	0	0	15.1	23.2	57.8	5	657	93	393	6000	0	1.5	0	0	7000	150	0	0	0	3500	2500	78	91	96	92	92	91	92	94	92	88	93	89	82	91	78	85	96	92	92	91	92	94	92	88	93	89	82	91	3.06	1.11	1.86	3.04	2.47	0.58	2.17	1.51	0.55	1.85	0.53	1.53	3.06	1.11	1.86	3.04	2.47	0.58	2.17	1.51	0.55	1.85	0.53	1.53	4277
31244	Soybean meal. Brazil. non-dehulled. Standard. 45% CP	0.25	88	12	45	1.4	5.5	6.2	29.9	13.7	8.3	35.4	2.5	8	16.6	17	4106	2792	2792	2792	2792			2628	2874	2874	2874	2628	2833	2833	2833	2617	9.3	9.8	9.8	9.5			6.3	6.4	6.4	6.4	6.3	6.4	6.4	6.4	3.26	1.23	2.07	3.41	2.75	0.63	2.41	1.75	0.61	2.12	0.67	1.29	1.72	4.13	8.01	5.31	1.97	2.34	1.98	20.24	22	0	7.24	2.74	4.6	7.59	6.11	1.39	5.35	3.89	1.35	4.71	1.48	3.83	17.81	11.79	4.38	5.2	4.4	2.87	1.05	1.41	2.73	2.47	0.53	1.54	1.3	0.52	1.65	0.57	1.1	1.46	0.34	0.72	5.51	11.55	0.45	0	63	0.26	0	0	0	0.22	0.29	0.21	0.24	0.02	0.02	2.15	0.35	0.4	9	183.26	37.16	0.22	58.96	0.13	0.09	0.33	0.75	26.4	14.52	7.92	3.3	6.6	1.98	0	0	0	2.23	3	2640	443	1.9	2	0	0	0	64	85	83	68	38	85	80	85	64	70	64	69	85	95	70	85	90	90	90	90	0	30	0	30	56.3	38.3	1.2	2792	13.44	2.13	2	2.13	88	85	68	80	90	85	64	74	85	78	85	85	0.15	0.5	0.27	0.71	0.09	0	0	0	0	0.21	0.32	0.8	0.11	0.79	0.39	0	0	51	6.8	0	0	0	15.1	23.2	57.8	5	657	93	393	6000	0	1.6	0	0	7000	150	0	0	0	3500	2500	78	91	96	92	92	91	92	94	92	88	93	89	82	91	78	85	96	92	92	91	92	94	92	88	93	89	82	91	3.13	1.14	1.91	3.11	2.53	0.59	2.22	1.54	0.56	1.89	0.55	1.57	3.13	1.14	1.91	3.11	2.53	0.59	2.22	1.54	0.56	1.89	0.55	1.57	4277
31241	Soybean meal. Brazil. non-dehulled. Standard. 46% CP	0.25	90.5	9.5	46	1.5	6	6.2	30.8	14.8	8.2	36.8	2.5	8	18.1	18	4228	2875	2875	2875	2875			2706	2917	2917	2917	2706	2917	2917	2917	2696	9.5	10	10	9.8			6.5	6.6	6.6	6.6	6.4	6.6	6.6	6.6	3.2	1.18	2.2	3.42	2.7	0.68	2.32	1.79	0.6	2.15	0.74	1.42	1.56	3.88	10.26	6.27	1.98	2.25	1.98	20.24	25.04	0	6.96	2.57	4.78	7.44	5.87	1.48	5.04	3.89	1.3	4.67	1.61	3.39	22.3	13.63	4.3	4.89	4.3	2.82	1	1.5	2.74	2.43	0.58	1.48	1.32	0.51	1.68	0.63	1.21	1.33	0.32	0.64	5.07	10.31	0.41	0	63	0.23	0	0	0	0.19	0.26	0.18	0.21	0.01	0.04	2.15	0.35	0.4	9	183.26	31.3	0.01	53.2	0.11	0	0.24	0.75	22	15	10.8	2.6	11	0	0	500	0	13.47	0	2300	395	2	2	0	0	0	63	85	83	68	38	85	80	85	64	69	64	69	85	95	70	85	90	90	90	90	0	30	0	30	57	39.1	1.2	2875	13.97	2.13	2	2.13	88	85	68	80	90	85	64	74	85	78	85	85	0.15	0.5	0.27	0.77	0.1	0	0	0	0	0.23	0.35	0.87	0.11	0.85	0.42	0	0	51	6.8	0	0	0	15.1	23.2	57.8	5	657	93	393	6000	0	1.4	0	0	8220	100	0	0	0	3500	2500	78	91	96	92	92	91	92	94	92	88	93	89	82	91	78	82	96	92	92	91	92	94	92	88	93	89	82	91	3.07	1.09	2.02	3.11	2.48	0.64	2.13	1.58	0.56	1.91	0.61	1.42	3.07	1.09	2.02	3.11	2.48	0.64	2.13	1.58	0.56	1.91	0.61	1.42	4277
31280	Soybean meal. Brazil. dehulled. Standard. 46% CP	0.25	88	12	46	1.4	4	6.2	30.4	13.7	8.3	34.4	2.5	8	15.6	17	4120	2843	2843	2843	2843			2678	2884	2884	2884	2678	2884	2884	2884	2664	9.5	10	10	9.7			6.4	6.5	6.5	6.5	6.4	6.5	6.5	6.5	3.2	1.18	2.2	3.42	2.7	0.68	2.32	1.79	0.6	2.15	0.74	1.42	1.56	3.88	10.26	6.27	1.98	2.25	1.98	20.24	25.04	0	6.96	2.57	4.78	7.44	5.87	1.48	5.04	3.89	1.3	4.67	1.61	3.39	22.3	13.63	4.3	4.89	4.3	2.82	1	1.5	2.74	2.43	0.58	1.48	1.32	0.51	1.68	0.63	1.21	1.33	0.32	0.64	5.07	10.31	0.41	0	63	0.23	0	0	0	0.19	0.26	0.18	0.21	0.01	0.04	2.15	0.35	0.4	9	183.26	31.3	0.01	53.2	0.11	0	0.24	0.75	22	15	10.8	2.6	11	0	0	500	0	13.47	0	2300	395	2	2	0	0	0	65	85	83	69	39	85	80	85	65	70	65	70	85	95	70	85	90	90	90	90	0	30	0	30	57.2	39.1	1.2	2843	13.4	2.13	2	2.13	88	85	68	80	90	85	64	74	85	78	85	85	0.15	0.5	0.27	0.71	0.09	0	0	0	0	0.21	0.32	0.8	0.11	0.79	0.39	0	0	51	6.8	0	0	0	15.1	23.2	57.8	5	657	93	393	6000	0	1.4	0	0	8220	100	0	0	0	3500	2500	78	91	96	92	92	91	92	94	92	88	93	89	82	91	78	82	96	92	92	91	92	94	92	88	93	89	82	91	3.07	1.09	2.02	3.11	2.48	0.64	2.13	1.58	0.56	1.91	0.61	1.42	3.07	1.09	2.02	3.11	2.48	0.64	2.13	1.58	0.56	1.91	0.61	1.42	4277
31281	Soybean meal. Brazil. dehulled. Standard. 47% CP	0.25	88	12	47	1.4	3.9	6.2	29.5	13.7	8.3	33.4	2.5	8	14.6	17	4137	2937	2937	2937	2937			2731	2937	2937	2937	2731	2937	2937	2937	2754	9.7	10.1	10.1	9.9			6.5	6.6	6.6	6.6	6.5	6.6	6.6	6.6	3.44	1.27	2.15	3.6	2.87	0.63	2.42	1.81	0.64	2.2	0.67	1.3	1.74	4.16	8.09	5.35	1.99	2.36	2	21.04	22.19	0	7.31	2.71	4.58	7.65	6.12	1.35	5.15	3.85	1.37	4.69	1.43	3.7	17.21	11.39	4.22	5.02	4.25	3.02	1.08	1.46	2.88	2.59	0.54	1.55	1.34	0.55	1.72	0.57	1.11	1.48	0.31	0.66	5.02	10.51	0.41	0	63	0.24	0	0	0	0.2	0.27	0.19	0.22	0.02	0.02	2.15	0.35	0.4	9	183.26	37.16	0.22	58.96	0.13	0.09	0.33	0.75	26.4	14.52	7.92	3.3	6.6	1.98	0	0	0	2.23	3	2640	403	1.9	2	0	0	0	66	85	83	71	41	85	80	85	66	71	66	71	85	95	70	85	90	90	90	90	0	30	0	30	58.1	40	1.2	2937	13.68	2.13	2	2.13	88	85	68	80	90	85	64	74	85	78	85	85	0.15	0.5	0.27	0.71	0.09	0	0	0	0	0.21	0.32	0.8	0.11	0.79	0.39	0	0	51	6.8	0	0	0	15.1	23.2	57.8	5	657	93	393	6000	0	1.5	0	0	7000	150	0	0	0	3500	2500	78	91	96	92	92	91	92	94	92	88	93	89	82	91	78	85	96	92	92	91	92	94	92	88	93	89	82	91	3.3	1.17	1.98	3.27	2.64	0.59	2.23	1.59	0.6	1.96	0.55	1.58	3.3	1.17	1.98	3.27	2.64	0.59	2.23	1.59	0.6	1.96	0.55	1.58	4277
31242	Soybean meal. Brazil. dehulled. Standard. 48% CP	0.25	88	12	48	1.4	3.8	6.2	28.6	13.7	8.3	32.4	2.5	8	13.6	17	4152	2948	2948	2948	2948			2782	2948	2948	2948	2782	2948	2948	2948	2760	9.8	10.3	10.3	10.1			6.7	6.7	6.7	6.7	6.6	6.6	6.6	6.6	3.33	1.22	2.26	3.56	2.78	0.69	2.42	1.85	0.63	2.25	0.73	1.41	1.63	4.05	10.23	5.43	2.06	2.35	2.06	20.99	24.49	0	6.93	2.55	4.71	7.43	5.79	1.43	5.04	3.86	1.31	4.69	1.52	3.4	21.31	11.31	4.3	4.9	4.3	2.93	1.04	1.54	2.85	2.5	0.58	1.55	1.37	0.53	1.76	0.62	1.2	1.39	0.32	0.65	5.11	10.38	0.41	0	63	0.23	0	0	0	0.19	0.26	0.18	0.21	0.01	0.04	2.15	0.42	0.4	9	183.26	40	0.01	53.2	0.11	0	0.24	0.75	22	15	10.8	2.6	11	0	0	500	0	13.47	0	2300	398	2	2	0	0	0	67	85	83	71	42	85	80	85	67	71	67	71	85	95	70	85	90	90	90	90	0	30	0	30	59	40.8	1.2	2948	13.6	2.13	2	2.13	88	85	68	80	90	85	64	74	85	78	85	85	0.15	0.5	0.27	0.71	0.09	0	0	0	0	0.21	0.32	0.8	0.11	0.79	0.39	0	0	51	6.8	0	0	0	15.1	23.2	57.8	5	657	93	393	6000	0	1.5	0	0	8000	100	0	0	0	3500	2500	78	91	96	92	92	91	92	94	92	88	93	89	82	91	78	83	96	92	92	91	92	94	92	88	93	89	82	91	3.19	1.13	2.08	3.24	2.56	0.65	2.23	1.63	0.58	2	0.6	1.49	3.19	1.13	2.08	3.24	2.56	0.65	2.23	1.63	0.58	2	0.6	1.49	4277
31243	Soybean meal. Brazil. non-dehulled. Standard. 48% CP	0.25	89.1	10.9	48	1.5	5.1	6.2	28.3	14.8	8.2	33.4	2.5	8	14.7	18	4202	2983	2983	2983	2983			2815	2983	2983	2983	2773	2983	2983	2983	2796	9.9	10.4	10.4	10.1			6.7	6.7	6.7	6.7	6.7	6.7	6.7	6.7	3.51	1.3	2.2	3.67	2.94	0.65	2.47	1.85	0.66	2.25	0.69	1.33	1.78	4.25	8.26	5.47	2.03	2.41	2.04	21.48	22.66	0	7.31	2.71	4.58	7.65	6.12	1.35	5.15	3.85	1.37	4.69	1.43	3.7	17.21	11.39	4.22	5.02	4.25	2.98	1.11	1.5	2.94	2.64	0.55	1.58	1.37	0.56	1.75	0.58	1.13	1.51	0.31	0.66	5.02	10.51	0.41	0	63	0.24	0	0	0	0.2	0.27	0.19	0.22	0.02	0.02	2.15	0.35	0.4	9	183.26	37.16	0.22	58.96	0.13	0.09	0.33	0.75	26.4	14.52	7.92	3.3	6.6	1.98	0	0	0	2.23	3	2640	403	1.9	2	0	0	0	66	85	83	71	42	85	80	85	67	71	66	71	85	95	70	85	90	90	90	90	0	30	0	30	58.8	40.8	1.2	2983	14.01	2.13	2	2.13	85	85	68	80	90	85	64	74	85	78	85	85	0.15	0.5	0.27	0.77	0.1	0	0	0	0	0.23	0.35	0.87	0.11	0.85	0.42	0	0	51	6.8	0	0	0	15.1	23.2	57.8	5	657	93	393	6000	0	1.5	0	0	7000	150	0	0	0	3500	2500	78	91	96	92	92	91	92	94	92	88	93	89	82	91	78	85	96	92	92	91	92	94	92	88	93	89	82	91	3.37	1.2	2.02	3.34	2.7	0.61	2.27	1.62	0.61	2	0.56	1.62	3.37	1.2	2.02	3.34	2.7	0.61	2.27	1.62	0.61	2	0.56	1.62	4277
31248	Soybean meal. China. non-dehulled. 42% CP	0.25	89	11	41.8	5.8	4.8	5.9	30.7	18.1	15.5	35.5	2.5	8	9.5	18	4340	3038	3038	3038	3038			2821	2951	2951	2951	2821	2951	2951	2951	2875	10.1	10.6	10.6	10.4			7.2	7.1	7.1	7.1	7.2	7.1	7.1	7.1	3.03	1.1	1.9	3.16	2.43	0.6	1.79	1.62	0.53	1.97	0.62	1.22	1.53	3.32	7.7	5	1.8	2	1.8	18.13	20.45	0	7.25	2.63	4.55	7.56	5.81	1.44	4.28	3.88	1.27	4.71	1.48	3.66	18.42	11.96	4.31	4.79	4.31	2.58	0.94	1.29	2.53	2.07	0.51	1.15	1.2	0.45	1.54	0.53	1.04	1.3	0.2	0.69	3.38	11.69	0.43	0	63	0.25	0	0	0	0.21	0.28	0.2	0.23	0.02	0.02	2.05	0.25	0.4	7.5	100	32	0.04	43.4	0.11	0.09	0.32	0.45	37	13.8	10	4.4	1.7	1.5	0	0	0	4.91	3	2673	424	0.2	2	0	0	0	65	85	83	70	42	85	80	85	65	68	65	68	85	95	70	85	90	90	90	90	0	30	0	30	57.9	35.5	4.8	3038	14.91	2.13	2	2.13	85	85	68	80	85	85	64	74	85	78	85	85	0.5	0.5	0.27	2.96	0.39	0	0	0	0	0.88	1.35	3.35	0.44	3.29	1.63	0	143	51	6.8	0	0	0	15.1	23.2	57.8	2	181.4	29	200	6000	0	1.6	0	0	7000	150	0	0	0	3480	2500	78	92	97	94	93	92	92	94	93	90	94	91	86	92	78	85	97	94	93	92	92	94	93	90	94	91	86	92	2.94	1.03	1.77	2.91	2.24	0.56	1.66	1.46	0.5	1.79	0.53	1.41	2.94	1.03	1.77	2.91	2.24	0.56	1.66	1.46	0.5	1.79	0.53	1.41	2754
31247	Soybean meal. China. non-dehulled. 44% CP	0.25	89	11	44.2	1.9	5.9	6.1	30.9	13.6	9.6	36.8	2.5	10	14.7	17	4166	2874	2874	2874	2874			2708	2916	2916	2916	2708	2916	2916	2916	2702	9.4	10	10	9.7			6.5	6.6	6.6	6.6	6.5	6.6	6.6	6.6	3.2	1.17	2.02	3.35	2.68	0.62	2.21	1.71	0.57	2.09	0.65	1.27	1.47	3.68	7.97	5.2	2	2.1	2	19.62	21.39	0	7.24	2.65	4.57	7.58	6.06	1.4	5	3.87	1.29	4.73	1.47	3.33	18.03	11.77	4.53	4.75	4.53	2.72	0.99	1.37	2.68	2.28	0.53	1.41	1.27	0.48	1.63	0.55	1.08	1.25	0.2	0.62	3.27	10.16	0.39	0	63	0.22	0	0	0	0.18	0.25	0.18	0.2	0.03	0.05	2.05	0.28	0.4	7.5	100	28	0.06	46.4	0.11	0.09	0.33	0.81	30.7	16.4	6.1	3	4.6	1.5	0	0	0	2.3	3	2858	381	0.2	2	0	0	0	64	85	85	69	41	85	80	85	65	70	65	70	85	95	70	85	90	90	90	90	0	30	0	30	57	37.6	1.6	2874	15.09	2.13	2	2.13	85	85	68	80	85	85	64	74	85	78	85	85	0.15	0.5	0.27	0.97	0.13	0	0	0	0	0.29	0.44	1.1	0.14	1.08	0.53	0	47	51	6.8	0	0	0	15.1	23.2	57.8	2	181.4	29	200	6000	0	1.4	0	0	7000	150	0	0	0	3480	2500	78	92	97	94	93	92	92	94	93	90	94	91	86	92	78	85	97	94	93	92	92	94	93	90	94	91	86	92	3.1	1.1	1.88	3.08	2.47	0.58	2.06	1.54	0.54	1.9	0.56	1.35	3.1	1.1	1.88	3.08	2.47	0.58	2.06	1.54	0.54	1.9	0.56	1.35	2754
31245	Soybean meal. China. non-dehulled. 45% CP	0.25	89.5	10.5	45.7	1.3	6	6.4	30.1	9.6	5.7	36.1	2.5	7.5	20.5	17	4163	2748	2748	2748	2748			2665	2914	2914	2914	2623	2914	2914	2914	2570	9.4	9.8	9.8	9.6			6.3	6.6	6.6	6.6	6.3	6.5	6.5	6.5	3.31	1.19	2.07	3.4	2.89	0.64	2.28	1.74	0.6	2.13	0.65	1.29	1.78	4.06	7.97	5.23	1.96	2.29	1.9	20.25	21.78	0	7.25	2.61	4.53	7.45	6.33	1.4	4.99	3.81	1.31	4.67	1.42	3.9	17.45	11.45	4.29	5.01	4.16	2.81	1.01	1.41	2.72	2.46	0.54	1.46	1.29	0.51	1.66	0.55	1.1	1.51	0.2	0.67	3.11	10.43	0.42	0	63	0.24	0	0	0	0.2	0.27	0.19	0.22	0.02	0.02	2.05	0.25	0.4	7.5	99.88	31	0.22	58.96	0.13	0.09	0.33	0.75	26.4	14.52	7.92	3.3	6.6	1.98	0	0	0	2.23	3	2640	411	1.9	2	0	0	0	61	85	85	66	32	85	80	85	64	70	63	70	85	95	70	85	90	90	90	90	0	30	0	30	54.6	38.8	1.1	2748	11.56	2.13	2	2.13	85	85	68	80	85	85	64	74	85	78	85	85	0.15	0.5	0.27	0.66	0.09	0	0	0	0	0.2	0.3	0.75	0.1	0.74	0.36	0	32	51	6.8	0	0	0	15.1	23.2	57.8	2	181.4	29	200	6000	0	1.5	0	0	7000	150	0	0	0	3480	2500	78	92	97	94	93	92	92	94	93	90	94	91	86	92	78	85	97	94	93	92	92	94	93	90	94	91	86	92	3.21	1.12	1.93	3.13	2.66	0.6	2.12	1.57	0.56	1.94	0.56	1.64	3.21	1.12	1.93	3.13	2.66	0.6	2.12	1.57	0.56	1.94	0.56	1.64	2754
31246	Soybean meal. China. dehulled. 48% CP	0.25	89	11	47.9	1.5	3.3	4.9	31.4	8.8	5.3	34.7	2.5	8	18.9	18	4252	2891	2891	2891	2891			2806	3019	3019	3019	2764	3019	3019	3019	2704	9.9	10.4	10.4	10.1			6.7	6.8	6.8	6.8	6.7	6.8	6.8	6.8	3.46	1.22	2.1	3.57	2.96	0.68	2.33	1.85	0.65	2.26	0.73	1.41	1.57	3.9	8.5	5.5	2.3	2.3	2.3	21.08	23.2	0	7.22	2.55	4.38	7.45	6.18	1.42	4.86	3.86	1.36	4.72	1.52	3.28	17.75	11.48	4.8	4.8	4.8	2.94	1.04	1.43	2.86	2.52	0.58	1.49	1.37	0.55	1.76	0.62	1.2	1.33	0.2	0.65	4.08	13.26	0.41	0	63	0.24	0	0	0	0.2	0.27	0.19	0.22	0.03	0.05	2.05	0.28	0.4	7.5	100	38.2	0.1	46.4	0.11	0.09	0.33	0.81	30.7	16.4	6.1	3	4.6	1.5	0	0	0	2.3	3	2858	399	0.2	2	0	0	0	63	85	85	68	34	85	80	85	66	71	65	71	85	95	70	85	90	90	90	90	0	30	0	30	56.1	40.7	1.3	2891	11.8	2.13	2	2.13	85	85	68	80	85	85	64	74	85	78	85	85	0.15	0.5	0.27	0.77	0.1	0	0	0	0	0.23	0.35	0.87	0.11	0.85	0.42	0	37	51	6.8	0	0	0	15.1	23.2	57.8	2	181.4	29	200	6000	0	1.5	0	0	7000	150	0	0	0	3480	2500	78	92	97	94	93	92	92	94	93	90	94	91	86	92	78	85	97	94	93	92	92	94	93	90	94	91	86	92	3.36	1.15	1.95	3.28	2.72	0.64	2.17	1.66	0.61	2.06	0.63	1.44	3.36	1.15	1.95	3.28	2.72	0.64	2.17	1.66	0.61	2.06	0.63	1.44	2754
31284	Soybean meal. India. non-dehulled. Standard. 44% CP	0.25	88	12	44	1.4	6	6.2	30.4	13.7	8.3	36.4	2.5	8	17.6	17	4089	2781	2781	2781	2781			2617	2822	2822	2822	2576	2822	2822	2822	2609	9.1	9.6	9.6	9.4			6.2	6.4	6.4	6.4	6.2	6.4	6.4	6.4	3.19	1.26	1.98	3.32	2.69	0.61	2.28	1.71	0.59	2.09	0.66	1.27	1.72	4	7.95	5.16	1.91	2.23	1.9	19.73	21.54	0	7.26	2.87	4.5	7.54	6.11	1.39	5.19	3.89	1.35	4.76	1.5	3.91	18.08	11.73	4.35	5.06	4.32	2.71	1.07	1.35	2.65	2.28	0.52	1.46	1.27	0.5	1.63	0.56	1.08	1.46	0.47	0.62	7.58	10	0.39	0	63	0.23	0	0	0	0.19	0.25	0.18	0.21	0.02	0.02	2.02	0.27	0.5	15.5	450	77	0.4	58.96	0.13	0.09	0.33	0.75	26.4	14.52	7.92	3.3	6.6	1.98	0	0	0	2.23	3	2640	383	1.9	2	0	0	0	63	85	85	68	37	85	80	85	64	69	63	69	85	95	70	85	90	90	90	90	0	30	0	30	55.4	37.4	1.2	2781	13.46	2.13	2	2.13	85	85	68	80	85	85	64	74	85	78	85	85	0.15	0.5	0.27	0.71	0.09	0	0	0	0	0.21	0.32	0.8	0.11	0.79	0.39	0	0	51	6.8	0	0	0	15.1	23.2	57.8	2	181.4	29	200	6000	0	1.4	0	0	7000	150	0	0	0	3500	2500	78	90	96	92	92	91	91	93	91	88	92	89	84	91	78	85	96	92	92	91	91	93	91	88	92	89	84	91	3.06	1.16	1.82	3.02	2.44	0.57	2.08	1.51	0.55	1.86	0.55	1.57	3.06	1.16	1.82	3.02	2.44	0.57	2.08	1.51	0.55	1.86	0.55	1.57	1709
31285	Soybean meal. India. non-dehulled. Standard. 45% CP	0.25	88	12	45	1.4	5.5	6.2	29.9	13.7	8.3	35.4	2.5	8	16.6	17	4106	2833	2833	2833	2833			2628	2874	2874	2874	2628	2833	2833	2833	2658	9.3	9.8	9.8	9.6			6.3	6.5	6.5	6.5	6.3	6.4	6.4	6.4	3.27	1.29	2.02	3.39	2.75	0.63	2.34	1.75	0.61	2.14	0.67	1.3	1.76	4.1	8.13	5.28	1.96	2.28	1.95	20.18	22.03	0	7.26	2.87	4.5	7.54	6.11	1.39	5.19	3.89	1.35	4.76	1.5	3.91	18.08	11.73	4.35	5.06	4.32	2.78	1.1	1.38	2.71	2.34	0.53	1.5	1.3	0.52	1.67	0.57	1.11	1.5	0.47	0.62	7.58	10	0.39	0	63	0.23	0	0	0	0.19	0.25	0.18	0.21	0.02	0.02	2.02	0.27	0.5	15.5	450	77	0.4	58.96	0.13	0.09	0.33	0.75	26.4	14.52	7.92	3.3	6.6	1.98	0	0	0	2.23	3	2640	383	1.9	2	0	0	0	64	85	85	69	38	85	80	85	64	70	64	69	85	95	70	85	90	90	90	90	0	30	0	30	56.3	38.3	1.2	2833	13.44	2.13	2	2.13	85	85	68	80	85	85	64	74	85	78	85	85	0.15	0.5	0.27	0.71	0.09	0	0	0	0	0.21	0.32	0.8	0.11	0.79	0.39	0	0	51	6.8	0	0	0	15.1	23.2	57.8	2	181.4	29	200	6000	0	1.4	0	0	7000	150	0	0	0	3500	2500	78	90	96	92	92	91	91	93	91	88	92	89	84	91	78	85	96	92	92	91	91	93	91	88	92	89	84	91	3.13	1.19	1.86	3.09	2.5	0.58	2.13	1.54	0.56	1.91	0.57	1.6	3.13	1.19	1.86	3.09	2.5	0.58	2.13	1.54	0.56	1.91	0.57	1.6	1709
31286	Soybean meal. India. dehulled. Standard. 46% CP	0.25	88	12	46	1.4	4	6.2	30.4	13.7	8.3	34.4	2.5	8	15.6	17	4120	2843	2843	2843	2843			2678	2884	2884	2884	2678	2884	2884	2884	2664	9.5	10	10	9.7			6.4	6.5	6.5	6.5	6.4	6.5	6.5	6.5	3.34	1.32	2.07	3.47	2.81	0.64	2.39	1.79	0.62	2.19	0.69	1.33	1.8	4.19	8.31	5.4	2	2.33	1.99	20.63	22.51	0	7.26	2.87	4.5	7.54	6.11	1.39	5.19	3.89	1.35	4.76	1.5	3.91	18.08	11.73	4.35	5.06	4.32	2.84	1.12	1.41	2.77	2.39	0.54	1.53	1.32	0.53	1.71	0.59	1.13	1.53	0.47	0.62	7.58	10	0.39	0	63	0.23	0	0	0	0.19	0.25	0.18	0.21	0.02	0.02	2.02	0.27	0.5	15.5	450	77	0.4	58.96	0.13	0.09	0.33	0.75	26.4	14.52	7.92	3.3	6.6	1.98	0	0	0	2.23	3	2640	383	1.9	2	0	0	0	65	85	85	69	39	85	80	85	65	70	65	70	85	95	70	85	90	90	90	90	0	30	0	30	57.2	39.1	1.2	2843	13.4	2.13	2	2.13	85	85	68	80	85	85	64	74	85	78	85	85	0.15	0.5	0.27	0.71	0.09	0	0	0	0	0.21	0.32	0.8	0.11	0.79	0.39	0	0	51	6.8	0	0	0	15.1	23.2	57.8	2	181.4	29	200	6000	0	1.4	0	0	7000	150	0	0	0	3500	2500	78	90	96	92	92	91	91	93	91	88	92	89	84	91	78	85	96	92	92	91	91	93	91	88	92	89	84	91	3.2	1.21	1.9	3.16	2.56	0.59	2.17	1.57	0.57	1.95	0.58	1.64	3.2	1.21	1.9	3.16	2.56	0.59	2.17	1.57	0.57	1.95	0.58	1.64	1709
31251	Soybean meal. India. non-dehulled. Standard. 46% CP	0.25	88	12	46	1.5	6	6.2	28.3	14.8	8.2	34.3	2.5	8	15.6	17	4128	2889	2889	2889	2889			2683	2889	2889	2889	2683	2889	2889	2889	2710	9.5	10	10	9.8			6.5	6.6	6.6	6.6	6.4	6.5	6.5	6.5	3.34	1.32	2.07	3.47	2.81	0.64	2.39	1.79	0.62	2.19	0.69	1.33	1.8	4.19	8.31	5.4	2	2.33	1.99	20.63	22.51	0	7.26	2.87	4.5	7.54	6.11	1.39	5.19	3.89	1.35	4.76	1.5	3.91	18.08	11.73	4.35	5.06	4.32	2.84	1.12	1.41	2.77	2.39	0.54	1.53	1.32	0.53	1.71	0.59	1.13	1.53	0.47	0.62	7.58	10	0.39	0	63	0.23	0	0	0	0.19	0.25	0.18	0.21	0.02	0.02	2.02	0.27	0.5	15.5	450	77	0.4	58.96	0.13	0.09	0.33	0.75	26.4	14.52	7.92	3.3	6.6	1.98	0	0	0	2.23	3	2640	383	1.9	2	0	0	0	65	85	85	70	41	85	80	85	65	70	65	70	85	95	70	85	90	90	90	90	0	30	0	30	57.2	39.1	1.3	2889	14.05	2.13	2	2.13	85	85	68	80	85	85	64	74	85	78	85	85	0.15	0.5	0.27	0.77	0.1	0	0	0	0	0.23	0.35	0.87	0.11	0.85	0.42	0	0	51	6.8	0	0	0	15.1	23.2	57.8	2	181.4	29	200	6000	0	1.4	0	0	7000	150	0	0	0	3500	2500	78	90	96	92	92	91	91	93	91	88	92	89	84	91	78	85	96	92	92	91	91	93	91	88	92	89	84	91	3.2	1.21	1.9	3.16	2.56	0.59	2.17	1.57	0.57	1.95	0.58	1.64	3.2	1.21	1.9	3.16	2.56	0.59	2.17	1.57	0.57	1.95	0.58	1.64	1709
31250	Soybean meal. India. non-dehulled. Standard. 47% CP	0.25	89.2	10.8	47	1.5	6	6.2	28.5	14.8	8.2	34.5	2.5	8	15.8	18	4192	2935	2935	2935	2935			2767	2935	2935	2935	2725	2935	2935	2935	2751	9.7	10.2	10.2	10			6.6	6.7	6.7	6.7	6.6	6.6	6.6	6.6	3.45	1.3	2.15	3.62	2.87	0.62	2.41	1.78	0.65	2.33	0.67	1.29	1.6	4.02	9.96	5.31	2.02	2.3	2.02	21.2	23.9	0	7.35	2.77	4.58	7.69	6.12	1.32	5.14	3.79	1.39	4.97	1.43	3.41	21.2	11.29	4.3	4.9	4.3	2.94	1.11	1.46	2.89	2.44	0.53	1.54	1.32	0.55	1.82	0.57	1.1	1.36	0.36	0.48	5.8	7.65	0.3	0	63	0.17	0	0	0	0.14	0.19	0.14	0.16	0.01	0.04	2.02	0.42	0.4	15.5	450	51	0.2	59.2	0.11	0	0.24	0.75	22	15	10.8	2.6	11	0	0	500	0	13.47	0	2300	293	2	2	0	0	0	65	85	85	70	40	85	80	85	66	70	65	70	85	95	70	85	90	90	90	90	0	30	0	30	58	40	1.3	2935	13.78	2.13	2	2.13	85	85	68	80	85	85	64	74	85	78	85	85	0.15	0.5	0.27	0.77	0.1	0	0	0	0	0.23	0.35	0.87	0.11	0.85	0.42	0	0	51	6.8	0	0	0	15.1	23.2	57.8	2	181.4	29	200	6000	0	1.1	0	0	7000	100	0	0	0	3500	2500	78	90	96	92	92	91	91	93	91	88	92	89	84	91	78	79	96	92	92	91	91	93	91	88	92	89	84	91	3.32	1.2	1.98	3.29	2.62	0.58	2.2	1.57	0.6	2.08	0.56	1.46	3.32	1.2	1.98	3.29	2.62	0.58	2.2	1.57	0.6	2.08	0.56	1.46	1709
31287	Soybean meal. India. dehulled. Standard. 47% CP	0.25	88	12	47	1.4	3.9	6.2	29.5	13.7	8.3	33.4	2.5	8	14.6	17	4137	2937	2937	2937	2937			2731	2937	2937	2937	2731	2937	2937	2937	2754	9.7	10.2	10.2	9.9			6.6	6.6	6.6	6.6	6.5	6.6	6.6	6.6	3.45	1.3	2.15	3.62	2.87	0.62	2.41	1.78	0.65	2.33	0.67	1.29	1.6	4.02	9.96	5.31	2.02	2.3	2.02	21.2	23.9	0	7.35	2.77	4.58	7.69	6.12	1.32	5.14	3.79	1.39	4.97	1.43	3.41	21.2	11.29	4.3	4.9	4.3	2.94	1.11	1.46	2.89	2.44	0.53	1.54	1.32	0.55	1.82	0.57	1.1	1.36	0.36	0.48	5.8	7.65	0.3	0	63	0.17	0	0	0	0.14	0.19	0.14	0.16	0.01	0.04	2.02	0.42	0.4	15.5	450	51	0.2	59.2	0.11	0	0.24	0.75	22	15	10.8	2.6	11	0	0	500	0	13.47	0	2300	293	2	2	0	0	0	66	85	85	71	41	85	80	85	66	71	66	71	85	95	70	85	90	90	90	90	0	30	0	30	58.1	40	1.2	2937	13.68	2.13	2	2.13	85	85	68	80	85	85	64	74	85	78	85	85	0.15	0.5	0.27	0.71	0.09	0	0	0	0	0.21	0.32	0.8	0.11	0.79	0.39	0	0	51	6.8	0	0	0	15.1	23.2	57.8	2	181.4	29	200	6000	0	1.1	0	0	7000	100	0	0	0	3500	2500	78	90	96	92	92	91	91	93	91	88	92	89	84	91	78	79	96	92	92	91	91	93	91	88	92	89	84	91	3.32	1.2	1.98	3.29	2.62	0.58	2.2	1.57	0.6	2.08	0.56	1.46	3.32	1.2	1.98	3.29	2.62	0.58	2.2	1.57	0.6	2.08	0.56	1.46	1709
31288	Soybean meal. India. dehulled. Standard. 48% CP	0.25	88	12	48	1.4	3.8	6.2	28.6	13.7	8.3	32.4	2.5	8	13.6	17	4152	2948	2948	2948	2948			2782	2948	2948	2948	2782	2948	2948	2948	2760	9.8	10.3	10.3	10.1			6.7	6.7	6.7	6.7	6.7	6.6	6.6	6.6	3.53	1.33	2.2	3.69	2.94	0.63	2.46	1.82	0.66	2.38	0.69	1.32	1.64	4.1	10.18	5.42	2.07	2.35	2.07	21.65	24.4	0	7.35	2.77	4.58	7.69	6.12	1.32	5.14	3.79	1.39	4.97	1.43	3.41	21.2	11.29	4.3	4.9	4.3	3	1.13	1.5	2.95	2.49	0.54	1.58	1.35	0.57	1.86	0.58	1.12	1.39	0.36	0.48	5.8	7.65	0.3	0	63	0.17	0	0	0	0.14	0.19	0.14	0.16	0.01	0.04	2.02	0.42	0.4	15.5	450	51	0.2	59.2	0.11	0	0.24	0.75	22	15	10.8	2.6	11	0	0	500	0	13.47	0	2300	293	2	2	0	0	0	67	85	85	71	42	85	80	85	67	71	67	71	85	95	70	85	90	90	90	90	0	30	0	30	59	40.8	1.2	2948	13.6	2.13	2	2.13	85	85	68	80	85	85	64	74	85	78	85	85	0.15	0.5	0.27	0.71	0.09	0	0	0	0	0.21	0.32	0.8	0.11	0.79	0.39	0	0	51	6.8	0	0	0	15.1	23.2	57.8	2	181.4	29	200	6000	0	1.1	0	0	7000	100	0	0	0	3500	2500	78	90	96	92	92	91	91	93	91	88	92	89	84	91	78	79	96	92	92	91	91	93	91	88	92	89	84	91	3.39	1.22	2.02	3.36	2.67	0.59	2.24	1.6	0.61	2.12	0.58	1.49	3.39	1.22	2.02	3.36	2.67	0.59	2.24	1.6	0.61	2.12	0.58	1.49	1709
31289	Soybean meal. USA. non-dehulled. Standard. 44% CP	0.25	89.8	10.2	44	1.4	6	6.2	32.2	13.7	8.3	38.2	2.5	8.3	19.1	17	4163	2914	2914	2914	2914			2748	2998	2998	2998	2748	2998	2998	2998	2731	9.7	10.2	10.2	10			6.6	6.8	6.8	6.8	6.6	6.8	6.8	6.8	3.22	1.17	2.01	3.35	2.73	0.61	2.22	1.71	0.62	2.31	0.7	1.31	1.5	3.72	8.93	4.97	1.89	2.15	1.89	19.96	22.04	0	7.32	2.66	4.58	7.62	6.19	1.38	5.05	3.9	1.41	5.26	1.6	3.41	20.29	11.3	4.3	4.9	4.3	2.93	1.05	1.81	3.02	2.56	0.57	1.86	1.44	0.56	2.13	0.63	1.2	1.35	0.29	0.68	4.68	10.87	0.43	0	63	0.25	0	0	0	0.21	0.28	0.2	0.23	0.01	0.04	2.15	0.29	0.4	16.6	125.9	35	0.31	53.1	0.11	0	0.24	3.6	22	15	10.8	2.6	11	0	0	500	0	13.47	0	2300	417	2	2	0	0	0	65	91	87	70	36	85	80	85	66	72	66	72	85	95	70	85	90	90	90	90	0	30	0	30	58.4	40	1.2	2914	13.74	2.13	2	2.13	91	90	90	90	94	93	84	84	90	92	90	90	0.15	0.5	0.27	0.71	0.09	0	0	0	0	0.21	0.32	0.8	0.11	0.79	0.39	0	0	51	6.8	0	0	0	15.1	23.2	57.8	2	46	12	111	6000	0	1.5	0	0	7000	100	0	0	0	3020	2500	78	94	97	94	93	93	93	95	93	91	94	91	86	93	78	85	97	94	93	93	93	95	93	91	94	91	86	93	3.13	1.1	1.87	3.12	2.53	0.58	2.06	1.56	0.58	2.11	0.6	1.39	3.13	1.1	1.87	3.12	2.53	0.58	2.06	1.56	0.58	2.11	0.6	1.39	541
31290	Soybean meal. USA. non-dehulled. Standard. 45% CP	0.25	89.8	10.2	45	1.4	5.5	6.2	31.7	13.7	8.3	37.2	2.5	8.3	18.1	17	4178	2966	2966	2966	2966			2799	3050	3050	3050	2799	3050	3050	3050	2778	9.9	10.4	10.4	10.2			6.7	6.9	6.9	6.9	6.7	6.8	6.8	6.8	3.29	1.2	2.06	3.43	2.79	0.62	2.27	1.75	0.63	2.37	0.72	1.34	1.53	3.8	9.13	5.09	1.94	2.2	1.94	20.41	22.54	0	7.32	2.66	4.58	7.62	6.19	1.38	5.05	3.9	1.41	5.26	1.6	3.41	20.29	11.3	4.3	4.9	4.3	3	1.08	1.85	3.09	2.62	0.58	1.91	1.47	0.57	2.18	0.65	1.23	1.38	0.29	0.68	4.68	10.87	0.43	0	63	0.25	0	0	0	0.21	0.28	0.2	0.23	0.01	0.04	2.15	0.29	0.4	16.6	125.9	35	0.31	53.1	0.11	0	0.24	3.6	22	15	10.8	2.6	11	0	0	500	0	13.47	0	2300	417	2	2	0	0	0	66	91	87	71	37	85	80	85	67	73	67	73	85	95	70	85	90	90	90	90	0	30	0	30	59.3	41	1.2	2966	13.76	2.13	2	2.13	91	90	90	90	94	93	84	84	90	92	90	90	0.15	0.5	0.27	0.71	0.09	0	0	0	0	0.21	0.32	0.8	0.11	0.79	0.39	0	0	51	6.8	0	0	0	15.1	23.2	57.8	2	46	12	111	6000	0	1.5	0	0	7000	100	0	0	0	3020	2500	78	94	97	94	93	93	93	95	93	91	94	91	86	93	78	85	97	94	93	93	93	95	93	91	94	91	86	93	3.2	1.13	1.92	3.19	2.59	0.59	2.11	1.6	0.59	2.15	0.62	1.43	3.2	1.13	1.92	3.19	2.59	0.59	2.11	1.6	0.59	2.15	0.62	1.43	541
31291	Soybean meal. USA. dehulled. Standard. 46% CP	0.25	89.8	10.2	46	1.4	4	6.2	32.2	13.7	8.3	36.2	2.5	8.3	17.1	18	4195	3020	3020	3020	3020			2852	3062	3062	3062	2852	3062	3062	3062	2828	10.1	10.6	10.6	10.4			6.9	6.9	6.9	6.9	6.8	6.9	6.9	6.9	3.37	1.22	2.1	3.51	2.85	0.64	2.32	1.79	0.65	2.42	0.73	1.37	1.57	3.89	9.33	5.2	1.98	2.25	1.98	20.87	23.04	0	7.32	2.66	4.58	7.62	6.19	1.38	5.05	3.9	1.41	5.26	1.6	3.41	20.29	11.3	4.3	4.9	4.3	3.06	1.1	1.89	3.15	2.68	0.59	1.95	1.51	0.58	2.23	0.66	1.25	1.41	0.29	0.68	4.68	10.87	0.43	0	63	0.25	0	0	0	0.21	0.28	0.2	0.23	0.01	0.04	2.15	0.29	0.4	16.6	125.9	35	0.31	53.1	0.11	0	0.24	3.6	22	15	10.8	2.6	11	0	0	500	0	13.47	0	2300	417	2	2	0	0	0	67	91	87	72	38	85	80	85	68	73	68	73	85	95	70	85	90	90	90	90	0	30	0	30	60.2	41.9	1.2	3020	13.75	2.13	2	2.13	91	90	90	90	94	93	84	84	90	92	90	90	0.15	0.5	0.27	0.71	0.09	0	0	0	0	0.21	0.32	0.8	0.11	0.79	0.39	0	0	51	6.8	0	0	0	15.1	23.2	57.8	2	46	12	111	6000	0	1.5	0	0	7000	100	0	0	0	3020	2500	78	94	97	94	93	93	93	95	93	91	94	91	86	93	78	85	97	94	93	93	93	95	93	91	94	91	86	93	3.27	1.15	1.96	3.26	2.65	0.6	2.16	1.63	0.61	2.2	0.63	1.46	3.27	1.15	1.96	3.26	2.65	0.6	2.16	1.63	0.61	2.2	0.63	1.46	541
31269	Soybean meal. USA. dehulled. Standard. 47% CP	0.25	89.8	10.2	47	1.4	3.9	6.2	31.3	13.7	8.3	35.2	2.5	8.3	16.1	18	4209	3072	3072	3072	3072			2904	3115	3115	3115	2904	3115	3115	3115	2876	10.3	10.8	10.8	10.6			7	7	7	7	7	7	7	7	3.44	1.25	2.15	3.58	2.91	0.65	2.37	1.83	0.66	2.47	0.75	1.4	1.6	3.97	9.53	5.31	2.02	2.3	2.02	21.32	23.54	0	7.32	2.66	4.58	7.62	6.19	1.38	5.05	3.9	1.41	5.26	1.6	3.41	20.29	11.3	4.3	4.9	4.3	3.13	1.13	1.94	3.22	2.74	0.6	1.99	1.54	0.59	2.27	0.68	1.28	1.44	0.29	0.68	4.68	10.87	0.43	0	63	0.25	0	0	0	0.21	0.28	0.2	0.23	0.01	0.04	2.15	0.29	0.4	16.6	125.9	35	0.31	53.1	0.11	0	0.24	3.6	22	15	10.8	2.6	11	0	0	500	0	13.47	0	2300	417	2	2	0	0	0	68	91	87	73	39	85	80	85	69	74	69	74	85	95	70	85	90	90	90	90	0	30	0	30	61.1	42.8	1.2	3072	13.72	2.13	2	2.13	91	90	90	90	94	93	84	84	90	92	90	90	0.15	0.5	0.27	0.71	0.09	0	0	0	0	0.21	0.32	0.8	0.11	0.79	0.39	0	0	51	6.8	0	0	0	15.1	23.2	57.8	2	46	12	111	6000	0	1.5	0	0	7000	100	0	0	0	3020	2500	78	94	97	94	93	93	93	95	93	91	94	91	86	93	78	85	97	94	93	93	93	95	93	91	94	91	86	93	3.34	1.18	2	3.33	2.71	0.62	2.21	1.67	0.62	2.25	0.65	1.49	3.34	1.18	2	3.33	2.71	0.62	2.21	1.67	0.62	2.25	0.65	1.49	541
31252	Soybean meal. USA. dehulled. Standard. 48% CP	0.25	89.8	10.2	48	1.4	3.8	6.2	30.4	13.7	8.3	34.2	2.5	8.3	15.1	18	4226	3127	3127	3127	3127			2958	3169	3169	3169	2958	3169	3169	3169	2927	10.5	11	11	10.8			7.1	7.1	7.1	7.1	7.1	7.1	7.1	7.1	3.51	1.31	2.25	3.56	2.98	0.73	2.44	1.89	0.62	2.51	0.76	1.49	1.63	4.07	9.67	5.42	2.06	2.35	2.06	21.8	23.96	0	7.32	2.73	4.69	7.42	6.22	1.52	5.07	3.93	1.29	5.22	1.59	3.4	20.15	11.29	4.29	4.91	4.29	3.2	1.18	2.03	3.21	2.8	0.68	2.05	1.59	0.56	2.31	0.69	1.36	1.47	0.3	0.7	4.82	11.19	0.44	0	63	0.25	0	0	0	0.21	0.28	0.2	0.23	0.01	0.04	2.15	0.29	0.4	16.6	125.9	35	0.31	53.1	0.11	0	0.24	3.6	22	15	10.8	2.6	11	0	0	500	0	13.47	0	2300	429	2	2	0	0	0	69	91	87	74	40	85	80	85	70	75	70	75	85	95	70	85	90	90	90	90	0	30	0	30	62	43.7	1.2	3127	13.67	2.13	2	2.13	91	90	90	90	94	93	84	84	90	92	90	90	0.15	0.5	0.27	0.71	0.09	0	0	0	0	0.21	0.32	0.8	0.11	0.79	0.39	0	1	51	6.8	0	0	0	15.1	23.2	57.8	2	46	12	111	6000	0	1.6	0	0	7000	100	0	0	0	3020	2500	78	94	97	94	93	93	93	95	93	91	94	91	86	93	78	85	97	94	93	93	93	95	93	91	94	91	86	93	3.41	1.23	2.09	3.31	2.77	0.69	2.27	1.72	0.58	2.28	0.65	1.52	3.41	1.23	2.09	3.31	2.77	0.69	2.27	1.72	0.58	2.28	0.65	1.52	541
31254	Soybean meal. dehulled. USDA. Variety A	0.25	91.9	8.1	46.5	1.3	3	6	35.1	12.3	8.2	38.1	2.5	7.9	19.5	18	4288	3001	3001	3001	3001			2830	3087	3087	3087	2830	3087	3087	3087	2810	10	10.5	10.5	10.3			6.8	6.9	6.9	6.9	6.8	6.9	6.9	6.9	3.42	1.24	1.98	3.71	2.57	0.61	2.38	1.9	0.62	2.27	0.7	1.31	2.1	4.48	8.73	5.51	2.01	2.79	2.14	20.7	23.98	0	7.36	2.67	4.26	7.99	5.53	1.31	5.12	4.09	1.33	4.89	1.51	4.52	18.79	11.86	4.33	6.01	4.61	3.08	1.12	1.78	3.34	2.31	0.55	2	1.6	0.56	2.09	0.63	1.18	1.89	0.28	0.7	4.66	11.66	0.44	0	63	0.25	0	0	0	0.21	0.28	0.2	0.23	0.3	0.02	2.15	0.3	0.4	14	183	25	0.1	54.57	0.11	0.09	0.33	0.75	30	15	8	3	5	1.5	0	0	0	2.23	3	2640	430	0.2	2	0	0	0	64	90	90	70	34	85	80	85	66	72	66	72	85	95	70	85	90	90	90	90	0	30	0	30	58.8	41.8	1.1	3001	12.97	2.13	2	2.13	90	90	90	90	90	90	84	84	90	92	90	90	0.15	0.5	0.27	0.64	0.09	0	0	0	0	0.19	0.29	0.73	0.1	0.71	0.35	0	31	51	6.8	0	0	0	15.1	23.2	57.8	2	46	12	111	6000	0	1.6	0	0	7000	150	0	0	0	3020	2500	78	94	97	94	93	93	93	95	93	91	94	91	86	93	78	85	97	94	93	93	93	95	93	91	94	91	86	93	3.32	1.17	1.84	3.45	2.39	0.58	2.21	1.73	0.58	2.07	0.6	1.95	3.32	1.17	1.84	3.45	2.39	0.58	2.21	1.73	0.58	2.07	0.6	1.95	2449
31255	Soybean meal. dehulled. USDA. Variety B	0.25	91.2	8.8	52.4	1.1	3	6	28.7	12.3	8.2	31.7	2.5	8	13	18	4345	3259	3259	3259	3259			3128	3302	3302	3302	3128	3302	3302	3302	3043	11.1	11.6	11.6	11.4			7.5	7.3	7.3	7.3	7.5	7.3	7.3	7.3	3.83	1.44	2.26	4.16	2.89	0.68	2.67	2.1	0.7	2.61	0.75	1.43	2.37	5.04	10.13	6.42	2.3	3.21	2.38	23.34	27.56	0	7.31	2.75	4.32	7.94	5.52	1.3	5.1	4.01	1.34	4.98	1.43	4.53	19.34	12.26	4.39	6.13	4.55	3.45	1.3	2.03	3.74	2.6	0.61	2.24	1.76	0.63	2.4	0.67	1.29	2.13	0.32	0.73	5.33	12.16	0.46	0	63	0.26	0	0	0	0.22	0.29	0.21	0.24	0.3	0.02	2.15	0.29	0.42	14	183	41	0.1	54.57	0.11	0.09	0.33	0.75	30	15	8	3	5	1.5	0	0	0	2.23	3	2640	448	0.2	2	0	0	0	70	90	90	75	41	85	80	85	72	76	72	76	85	95	70	85	90	90	90	90	0	30	0	30	63.8	47.1	1	3259	13.01	2.13	2	2.13	90	90	90	90	90	90	84	84	90	92	90	90	0.15	0.5	0.27	0.55	0.07	0	0	0	0	0.16	0.25	0.62	0.08	0.61	0.3	0	27	51	6.8	0	0	0	15.1	23.2	57.8	2	46	12	111	6000	0	1.6	0	0	7000	150	0	0	0	3020	2500	78	94	97	94	93	93	93	95	93	91	94	91	86	93	78	85	97	94	93	93	93	95	93	91	94	91	86	93	3.71	1.35	2.1	3.87	2.69	0.65	2.48	1.91	0.66	2.38	0.64	2.2	3.71	1.35	2.1	3.87	2.69	0.65	2.48	1.91	0.66	2.38	0.64	2.2	2449
31256	Soybean meal. dehulled. USDA. Variety C	0.25	87.5	12.5	49.6	1.2	3	6	27.7	12.3	8.2	30.7	2.5	8	12	17	4156	3159	3159	3159	3159			2993	3159	3159	3159	2993	3159	3159	3159	2954	10.6	11.1	11.1	10.9			7.2	7	7	7	7.2	7	7	7	3.7	1.36	2.18	3.96	2.74	0.65	2.5	2	0.63	2.52	0.71	1.36	2.27	4.77	8.24	6.15	2.23	3.05	2.29	22.24	24.94	0	7.46	2.74	4.39	7.98	5.52	1.31	5.04	4.03	1.27	5.08	1.43	4.57	16.6	12.39	4.49	6.15	4.61	3.33	1.22	1.96	3.56	2.47	0.59	2.1	1.68	0.57	2.32	0.64	1.22	2.04	0.32	0.66	5.33	11	0.42	0	63	0.24	0	0	0	0.2	0.27	0.19	0.22	0.3	0.02	2.15	0.26	0.39	14	183	38	0.1	54.57	0.11	0.09	0.33	0.75	30	15	8	3	5	1.5	0	0	0	2.23	3	2640	405	0.2	2	0	0	0	71	90	90	76	43	85	80	85	72	76	72	76	85	95	70	85	90	90	90	90	0	30	0	30	62.1	44.7	1.1	3159	13.2	2.13	2	2.13	90	90	90	90	90	90	84	84	90	92	90	90	0.15	0.5	0.27	0.6	0.08	0	0	0	0	0.18	0.27	0.68	0.09	0.67	0.33	0	29	51	6.8	0	0	0	15.1	23.2	57.8	2	46	12	111	6000	0	1.5	0	0	7000	150	0	0	0	3020	2500	78	94	97	94	93	93	93	95	93	91	94	91	86	93	78	85	97	94	93	93	93	95	93	91	94	91	86	93	3.59	1.28	2.03	3.68	2.55	0.62	2.32	1.82	0.59	2.29	0.61	2.11	3.59	1.28	2.03	3.68	2.55	0.62	2.32	1.82	0.59	2.29	0.61	2.11	2449
31257	Soybean meal. dehulled. ADM	0.25	88	12	47.5	1	3.5	6	30	12.3	8.2	33.5	2.5	8	14.8	17	4135	3018	3018	3018	3018			2894	3060	3060	3060	2853	3060	3060	3060	2822	10.2	10.6	10.6	10.4			6.9	6.8	6.8	6.8	6.8	6.8	6.8	6.8	4.47	1.3	2.19	3.5	3.09	0.68	2.5	1.81	0.68	2.26	0.68	1.36	1.8	4.3	8.25	5.5	2	2.3	2.3	22.48	22.83	0	9.41	2.74	4.61	7.37	6.51	1.43	5.26	3.81	1.43	4.76	1.43	3.79	17.37	11.58	4.21	4.84	4.84	4.02	1.17	1.97	3.15	2.78	0.61	2.1	1.52	0.61	2.08	0.61	1.22	1.62	0.32	0.7	5.33	11.66	0.44	0	63	0.25	0	0	0	0.21	0.28	0.2	0.23	0.3	0.02	2.15	0.27	0.4	26	100	50	0.1	50	0.11	0.09	0.33	0.75	30	15	8	3	5	1.5	0	0	0	2.23	3	2640	430	0.2	2	0	0	0	68	90	90	73	39	85	80	85	70	74	69	74	85	95	70	85	90	90	90	90	0	30	0	30	59.8	42.8	0.9	3018	13.07	2.13	2	2.13	90	90	90	90	90	90	84	84	90	92	90	90	0.15	0.5	0.27	0.51	0.07	0	0	0	0	0.15	0.23	0.58	0.08	0.57	0.28	0	25	51	6.8	0	0	0	15.1	23.2	57.8	2	46	12	111	6000	0	1.6	0	0	7000	150	0	0	0	3020	2500	78	90	96	91	90	90	91	92	90	87	89	89	85	90	78	85	96	91	90	90	91	92	90	87	89	89	85	90	4.29	1.18	1.97	3.15	2.81	0.63	2.25	1.57	0.61	2.01	0.58	1.62	4.29	1.18	1.97	3.15	2.81	0.63	2.25	1.57	0.61	2.01	0.58	1.62	2449
31258	Soybean meal. dehulled. Evonik database	0.25	88.3	11.7	48.6	0.9	3	6	29.8	12.3	8.2	32.8	2.5	8	14.1	17	4159	3077	3077	3077	3077			2911	3119	3119	3119	2911	3077	3077	3077	2877	10.3	10.8	10.8	10.6			7	6.9	6.9	6.9	6.9	6.9	6.9	6.9	3.56	1.3	2.19	3.67	2.95	0.65	2.5	1.8	0.65	2.29	0.7	1.35	1.8	4.3	8.5	5.6	2	2.3	2.3	21.56	23.2	0	7.33	2.68	4.51	7.55	6.07	1.34	5.15	3.7	1.34	4.71	1.44	3.7	17.49	11.53	4.12	4.73	4.73	3.2	1.17	1.97	3.3	2.65	0.59	2.1	1.51	0.59	2.11	0.63	1.22	1.62	0.32	0.7	5.33	11.66	0.44	0	63	0.25	0	0	0	0.21	0.28	0.2	0.23	0.3	0.02	2.15	0.27	0.4	26	100	50	0.1	50	0.11	0.09	0.33	0.75	30	15	8	3	5	1.5	0	0	0	2.23	3	2640	430	0.2	2	0	0	0	69	90	90	74	40	85	80	85	70	75	70	74	85	95	70	85	90	90	90	90	0	30	0	30	60.9	43.7	0.8	3077	13.12	2.13	2	2.13	90	90	90	90	90	90	84	84	90	92	90	90	0.15	0.5	0.27	0.46	0.06	0	0	0	0	0.14	0.21	0.52	0.07	0.51	0.25	0	22	51	6.8	0	0	0	15.1	23.2	57.8	2	181.4	29	200	6000	0	1.6	0	0	7000	150	0	0	0	3020	2500	78	90	96	91	90	90	91	92	90	87	89	89	85	90	78	85	96	91	90	90	91	92	90	87	89	89	85	90	3.42	1.18	1.97	3.3	2.68	0.6	2.25	1.57	0.58	2.04	0.6	1.62	3.42	1.18	1.97	3.3	2.68	0.6	2.25	1.57	0.58	2.04	0.6	1.62	2449
31259	Soybean meal. dehulled. Schillinger Genetics Inc.	0.25	89.2	10.8	54.3	0.7	2.7	5.9	25.6	12.3	8.2	28.3	2.5	8	9.6	18	4278	3337	3337	3337	3337			3209	3337	3337	3337	3166	3294	3294	3294	3113	11.4	11.9	11.9	11.6			7.6	7.3	7.3	7.3	7.6	7.3	7.3	7.3	4.26	1.45	2.52	4.19	3.6	0.73	2.82	2.07	0.7	2.59	0.76	1.49	1.82	4.64	10.34	6.31	2.29	2.96	2.33	24.93	26.81	0	7.85	2.67	4.64	7.72	6.63	1.34	5.19	3.81	1.29	4.77	1.4	3.35	19.04	11.62	4.22	5.45	4.29	3.83	1.3	2.27	3.77	3.24	0.66	2.37	1.74	0.63	2.38	0.68	1.34	1.64	0.32	0.7	5.38	11.78	0.44	0	63	0.25	0	0	0	0.21	0.28	0.2	0.23	0.3	0.02	2.15	0.27	0.4	26	100	50	0.1	50	0.11	0.09	0.33	0.75	30	15	8	3	5	1.5	0	0	0	2.23	3	2640	430	0.2	2	0	0	0	73	90	90	78	46	85	80	85	75	78	74	77	85	95	70	85	90	90	90	90	0	30	0	30	65.1	48.9	0.6	3337	13.02	2.13	2	2.13	90	90	90	90	90	90	84	84	90	92	90	90	0.15	0.5	0.27	0.35	0.05	0	0	0	0	0.1	0.16	0.4	0.05	0.39	0.19	0	17	51	6.8	0	0	0	15.1	23.2	57.8	2	181.4	29	200	6000	0	1.6	0	0	7000	150	0	0	0	3330	2500	78	90	96	91	90	90	91	92	90	87	89	89	85	90	78	85	96	91	90	90	91	92	90	87	89	89	85	90	4.09	1.32	2.27	3.77	3.28	0.67	2.54	1.8	0.62	2.31	0.65	1.64	4.09	1.32	2.27	3.77	3.28	0.67	2.54	1.8	0.62	2.31	0.65	1.64	2449
31260	Soybean meal. dehul.. Navita AQ ULO. Schillinger Genetics	0.25	88	12	56.1	0.6	2.6	6	22.8	12.3	8.2	25.4	2.5	8	6.7	18	4247	3440	3440	3440	3440			3270	3355	3355	3355	3270	3355	3355	3355	3209	11.7	12.2	12.2	11.9			7.8	7.4	7.4	7.4	7.8	7.4	7.4	7.4	4.19	1.45	2.51	4.27	3.45	0.76	2.83	2.09	0.7	2.63	0.81	1.57	2.04	4.87	10.35	6.34	2	2.41	2.29	24.88	26.24	0	7.47	2.59	4.48	7.62	6.15	1.36	5.05	3.73	1.25	4.69	1.45	3.64	18.46	11.31	3.57	4.3	4.09	3.77	1.31	2.26	3.84	3.1	0.68	2.38	1.76	0.63	2.42	0.73	1.41	1.84	0.32	0.73	5.33	12.16	0.46	0	63	0.26	0	0	0	0.22	0.29	0.21	0.24	0.3	0.02	2.15	0.27	0.4	26	100	50	0.1	50	0.11	0.09	0.33	0.75	30	15	8	3	5	1.5	0	0	0	2.23	3	2640	448	0.2	2	0	0	0	76	90	90	81	52	85	80	85	77	79	77	79	85	95	70	85	90	90	90	90	0	30	0	30	66.9	50.5	0.5	3440	13.19	2.13	2	2.13	90	90	90	90	90	90	84	84	90	92	90	90	0.15	0.5	0.27	0.29	0.04	0	0	0	0	0.09	0.13	0.33	0.04	0.32	0.16	0	14	51	6.8	0	0	0	15.1	23.2	57.8	2	181.4	29	200	6000	0	1.6	0	0	7000	150	0	0	0	3500	2500	78	90	96	91	90	90	91	92	90	87	89	89	85	90	78	85	96	91	90	90	91	92	90	87	89	89	85	90	4.02	1.32	2.26	3.84	3.14	0.7	2.55	1.82	0.62	2.34	0.69	1.84	4.02	1.32	2.26	3.84	3.14	0.7	2.55	1.82	0.62	2.34	0.69	1.84	2449
31261	Soybean meal. dehulled. typical. Schillinger Genetics Inc.	0.25	88	12	48.9	0.9	3.6	6	28.5	12.3	8.2	32.2	2.5	8	13.5	17	4152	3114	3114	3114	3114			2948	3114	3114	3114	2906	3114	3114	3114	2912	10.4	10.9	10.9	10.7			7	6.9	6.9	6.9	7	6.9	6.9	6.9	3.54	1.29	2.23	3.8	3.13	0.7	2.5	1.94	0.63	2.3	0.71	1.41	1.84	4.34	9	5.6	2	2.25	2.1	22.06	23.5	0	7.24	2.64	4.56	7.77	6.4	1.43	5.11	3.97	1.29	4.7	1.45	3.76	18.4	11.45	4.09	4.6	4.29	3.19	1.16	2.01	3.42	2.82	0.63	2.1	1.63	0.57	2.12	0.64	1.27	1.66	0.35	0.66	5.83	11	0.42	0	63	0.24	0	0	0	0.2	0.27	0.19	0.22	0.3	0.02	2.15	0.27	0.4	26	100	50	0.1	50	0.11	0.09	0.33	0.75	30	15	8	3	5	1.5	0	0	0	2.23	3	2640	405	0.2	2	0	0	0	69	90	90	75	41	85	80	85	71	75	70	75	85	95	70	85	90	90	90	90	0	30	0	30	60.7	44	0.8	3114	13.19	2.13	2	2.13	90	90	90	90	90	90	84	84	90	92	90	90	0.15	0.5	0.27	0.47	0.06	0	0	0	0	0.14	0.22	0.54	0.07	0.53	0.26	0	23	51	6.8	0	0	0	15.1	23.2	57.8	2	181.4	29	200	6000	0	1.5	0	0	7000	150	0	0	0	3500	2500	78	90	96	91	90	90	91	92	90	87	89	89	85	90	78	85	96	91	90	90	91	92	90	87	89	89	85	90	3.4	1.17	2.01	3.42	2.85	0.64	2.25	1.69	0.56	2.05	0.6	1.66	3.4	1.17	2.01	3.42	2.85	0.64	2.25	1.69	0.56	2.05	0.6	1.66	2449
31262	Soybean meal. non-dehulled. low heat	0.25	91.7	8.3	47.7	1.6	5.7	6.9	29.8	5.3	1.1	35.5	2.5	8	23.9	18	4283	2998	2998	2998	2998			2955	3255	3255	3255	2912	3212	3212	3212	2801	10.4	10.9	10.9	10.7			7.1	7.3	7.3	7.3	7	7.3	7.3	7.3	2.64	1.14	2.29	3.39	2.63	0.67	1.37	1.97	0.62	2.15	0.6	1.27	1.62	2.99	9.95	5.39	2.05	2.34	2.05	18.87	24	0	5.54	2.39	4.8	7.11	5.51	1.41	2.87	4.13	1.3	4.51	1.26	3.4	20.86	11.3	4.3	4.91	4.3	2.38	1.03	2.06	3.05	2.37	0.6	1.15	1.65	0.56	1.98	0.54	1.14	1.46	0.33	0.71	4.78	10.28	0.45	0	63	0.26	0	0	0	0.22	0.29	0.21	0.24	0.01	0.04	2.05	0.27	0.4	15	98	35	0.11	39	0.11	0	0.24	0.75	22	15	10.8	2.6	11	0	0	500	0	13.47	0	2300	436	1.9	2	0	0	0	64	90	90	70	30	85	80	85	69	76	68	75	85	95	70	85	90	90	90	90	0	30	0	30	58.7	42.9	1.4	2998	10.65	2.13	2	2.13	90	90	90	90	90	90	84	84	90	92	90	90	0.15	0.5	0.27	0.82	0.11	0	0	0	0	0.24	0.37	0.92	0.12	0.91	0.45	0	39	51	6.8	0	0	0	15.1	23.2	57.8	2	181.4	29	200	6000	0	1.6	0	0	7000	150	0	0	0	3500	2500	78	90	96	91	90	90	91	92	90	87	89	89	85	90	78	65	96	91	90	90	91	92	90	87	89	89	85	90	2.53	1.04	2.06	3.05	2.39	0.62	1.23	1.71	0.55	1.91	0.51	1.46	2.53	1.04	2.06	3.05	2.39	0.62	1.23	1.71	0.55	1.91	0.51	1.46	2449
31263	Soybean meal. non-dehulled. high heat	0.25	93.3	6.7	48.8	1.9	6	7.1	29.5	5.3	1.1	35.5	2.5	8	23.9	18	4371	3060	3060	3060	3060			3016	3322	3322	3322	3016	3322	3322	3322	2858	10.7	11.2	11.2	11			7.3	7.5	7.5	7.5	7.3	7.5	7.5	7.5	2.88	1.17	2.34	3.46	2.43	0.69	1.37	2.06	0.63	2.2	0.54	1.23	1.66	3.03	10.67	5.51	2.1	2.39	2.1	19.23	24.97	0	5.9	2.4	4.8	7.09	4.98	1.41	2.81	4.22	1.29	4.51	1.11	3.4	21.87	11.29	4.3	4.9	4.3	2.59	1.05	2.11	3.11	2.19	0.62	1.15	1.73	0.57	2.02	0.49	1.11	1.49	0.32	0.71	4.5	10	0.45	0	63	0.26	0	0	0	0.22	0.29	0.21	0.24	0.01	0.05	2.05	0.27	0.4	15	98	35	0.11	39	0.1	0.07	0.33	0.75	30	15	8	3	5	1.5	0	500	0	13.47	0	2300	436	1.9	2	0	0	0	64	90	90	70	30	85	80	85	69	76	69	76	85	95	70	85	90	90	90	90	0	30	0	30	59.7	43.9	1.7	3060	10.65	2.13	2	2.13	90	90	90	90	90	90	84	84	90	92	90	90	0.15	0.5	0.27	0.97	0.13	0	0	0	0	0.29	0.44	1.1	0.14	1.08	0.53	0	47	51	6.8	0	0	0	15.1	23.2	57.8	2	181.4	29	200	3100	0	1.6	0	0	8220	100	0	0	0	3500	2500	78	90	96	91	90	90	91	92	90	87	89	89	85	90	78	85	96	91	90	90	91	92	90	87	89	89	85	90	2.76	1.06	2.11	3.11	2.21	0.63	1.23	1.79	0.56	1.96	0.46	1.49	2.76	1.06	2.11	3.11	2.21	0.63	1.23	1.79	0.56	1.96	0.46	1.49	2449
31264	Soybean. full-fat. extruded	0.25	89	11	39.5	20.7	6.1	5.8	16.9	13.1	7.7	23	2.5	8.5	4.3	21	5093	4278	4278	4278	4278			4126	4176	4176	4176	4126	4176	4176	4176	4115	15.5	16	16	15.8			11.9	11.7	11.7	11.7	11.9	11.7	11.7	11.7	2.8	1.15	1.78	2.92	2.49	0.59	1.98	1.54	0.51	1.9	0.63	1.22	1.38	3.36	7.23	4.27	1.62	1.9	1.62	17.66	18.65	0	7.09	2.91	4.51	7.39	6.3	1.49	5.01	3.9	1.29	4.81	1.6	3.49	18.3	10.81	4.1	4.81	4.1	2.52	1.03	1.6	2.63	2.24	0.53	1.66	1.29	0.46	1.75	0.57	1.1	1.24	0.33	0.62	5.68	10.68	0.39	0	63	0.22	0	0	0	0.18	0.25	0.18	0.2	0.01	0.03	1.81	0.23	0.8	15	124	30	0.11	45	0.11	0	0.36	3.2	23.33	16.6	11.6	2.8	11.87	0	0	500	0	24.34	0.05	2902	380	2	2	0	0	0	80	90	90	84	60	85	80	85	81	82	81	82	85	95	70	85	90	90	90	90	0	30	0	30	71.2	35.6	18.6	4278	13.8	2.13	2	2.13	90	90	90	90	90	90	84	84	90	92	90	90	2.09	0.76	4.18	10.56	1.41	0	0	0	0	3.13	4.8	11.96	1.56	11.73	5.83	0	509	51	6.8	0	0	0	15.1	23.2	57.8	2	0	36	200	6000	0	1.4	0	0	2480	100	0	0	0	3500	1610	80	90	90	90	90	90	90	90	90	90	90	90	90	90	80	90	93	92	85	85	86	91	87	86	78	85	80	88	2.52	1.03	1.6	2.63	2.24	0.53	1.78	1.39	0.46	1.71	0.57	1.24	2.6	1.06	1.51	2.48	2.14	0.54	1.72	1.32	0.4	1.61	0.5	1.21	2574
31265	Soybean. full-fat. toasted	0.25	88.6	11.4	39.5	22.1	6.5	5.7	14.8	13.6	8	21.3	2.5	8.8	2	22	5153	4432	4432	4432	4432			4277	4277	4277	4277	4277	4277	4277	4277	4268	16	16.6	16.6	16.3			12.3	12.1	12.1	12.1	12.3	12.1	12.1	12.1	2.69	0.95	1.7	2.8	2.37	0.51	1.9	1.46	0.47	1.78	0.55	1.06	1.34	3.24	7.07	4.46	1.7	1.94	1.7	16.63	18.76	0	6.81	2.4	4.3	7.09	6	1.29	4.81	3.7	1.19	4.51	1.39	3.39	17.9	11.29	4.3	4.91	4.3	2.42	0.85	1.53	2.52	2.13	0.46	1.6	1.23	0.42	1.64	0.49	0.95	1.21	0.34	0.59	5.96	10.35	0.37	0	63	0.21	0	0	0	0.18	0.23	0.17	0.19	0.03	0.02	1.81	0.24	0.29	20	129	32	0.11	36	0.11	0	0.29	3.62	22.6	16.1	11.6	2.7	6.11	0	0	500	0	24.34	0.05	2489	362	2	2	0	0	0	82	90	90	86	67	85	80	85	83	83	83	83	85	95	70	85	90	90	90	90	0	30	0	30	72.7	35.6	19.9	4432	14.27	2.13	2	2.13	90	90	90	90	90	90	84	84	90	92	90	90	2.09	0.76	4.18	11.27	1.5	0	0	0	0	3.34	5.13	12.77	1.67	12.52	6.23	0	544	51	6.8	0	0	0	15.1	23.2	57.8	2	0	36	200	5000	0	1.3	0	0	1490	100	0	0	0	3500	2500	78	90	97	92	90	90	93	92	91	86	89	89	85	91	78	90	97	92	90	90	93	92	91	86	89	89	85	91	2.61	0.87	1.53	2.52	2.2	0.47	1.73	1.26	0.42	1.58	0.47	1.22	2.61	0.87	1.53	2.52	2.2	0.47	1.73	1.26	0.42	1.58	0.47	1.22	2574
31268	Soybean meal enzyme-treated. EnzoMeal	0.25	96.9	3.1	61.2	0.5	2	6	27.2	11	6	29.2	0.9	5	17.3	20	4685	3513	3513	3513	3513			3373	3560	3560	3560	3373	3560	3560	3560	3261	12.4	12.7	12.7	12.6			8.2	7.8	7.8	7.8	8.2	7.8	7.8	7.8	4.3	1.58	3.1	4.91	3.55	0.87	3.22	2.38	0.85	3.24	0.89	1.76	2.24	5.46	10.7	6.82	2.65	2.68	2.65	28	28.63	0.07	7.03	2.58	5.07	8.02	5.8	1.42	5.26	3.89	1.39	5.29	1.45	3.66	17.48	11.14	4.33	4.38	4.33	3.87	1.42	2.79	4.42	3.2	0.78	2.7	2	0.77	2.98	0.8	1.58	2.02	0.4	0.8	6.66	13.33	0.5	0	63	0.29	0	0	0	0.24	0.32	0.23	0.27	0.03	0.05	1.36	0.27	0.5	26	100	40	0.2	50	0.11	0.09	0.33	0.7	22	15	6	3	5	3	1	500	0	2.4	0.05	2500	430	2	2	0	0	0	69	90	90	75	30	85	80	85	72	76	72	76	85	95	70	85	90	90	90	90	0	30	0	30	66.9	55.1	0.5	3513	8.76	0.77	0.72	0.77	90	90	90	90	90	90	84	84	90	92	90	90	0.15	0.5	0.27	0.26	0.03	0	0	0	0	0.08	0.12	0.29	0.04	0.29	0.14	0	13	51	6.8	0	0	0	15.1	23.2	57.8	2	181.4	29	200	6000	0	1.8	0	0	4000	100	0	0	0	3500	2500	78	90	96	91	90	90	91	92	90	87	89	89	85	90	78	85	96	91	90	90	91	92	90	87	89	89	85	90	4.13	1.44	2.79	4.42	3.23	0.8	2.9	2.07	0.76	2.88	0.76	2.02	4.13	1.44	2.79	4.42	3.23	0.8	2.9	2.07	0.76	2.88	0.76	2.02	2449
31249	Fermented soybean meal. DaBomb-P.Taiwan	0.35	92	8	53.2	0.8	3.5	6.8	27.7	4	6.2	31.2	2.5	11	11.5	18	4343	3300	3300	3300	3300			3257	3387	3387	3387	3257	3387	3387	3387	3081	11.3	12	12	11.7			7.7	7.6	7.6	7.6	7.7	7.5	7.5	7.5	3.2	1.28	2.24	3.97	3.44	0.92	2.65	1.96	0.61	2.27	0.85	1.77	1.89	4.54	9.43	5.51	2.1	2.42	2.29	22.54	24.49	0	6.02	2.41	4.21	7.46	6.47	1.73	4.98	3.68	1.15	4.27	1.6	3.55	17.73	10.36	3.95	4.55	4.31	2.88	1.15	2.02	3.57	3.1	0.83	2.38	1.76	0.55	2.04	0.77	1.59	1.7	0.25	0.8	3.67	11.76	0.5	0	63	0.29	0	0	0	0.24	0.32	0.23	0.27	0.04	0.1	2.25	0.35	0.4	20	200	50	0.1	60	0.11	0.09	0.33	0.75	30	15	8	3	5	1.5	0	0	0	2.23	3	2640	218	0.2	2	0	0	0	70	90	90	76	41	85	80	85	75	78	75	78	85	95	70	85	90	90	90	90	0	30	0	30	64.4	47.9	0.7	3300	12.79	2.13	2	2.13	90	90	90	90	90	90	90	90	90	90	90	90	0.15	0.5	0.27	0.41	0.05	0	0	0	0	0.12	0.19	0.46	0.06	0.45	0.22	0	20	51	6.8	0	0	0	15.1	23.2	57.8	2	181.4	29	200	800	0	0.8	0	0	3500	3	0	0	0	2470	4100	78	90	96	91	90	90	91	92	90	87	89	89	85	90	78	85	96	91	90	90	91	92	90	87	89	89	85	90	3.07	1.16	2.02	3.57	3.13	0.85	2.38	1.71	0.54	2.02	0.72	1.7	3.07	1.16	2.02	3.57	3.13	0.85	2.38	1.71	0.54	2.02	0.72	1.7	3024
31266	Fermented soybean meal. 53% CP	0.35	92	8	53.2	0.8	3.5	6.8	27.7	4	6.2	31.2	2.5	11	11.5	18	4343	3300	3300	3300	3300			3257	3387	3387	3387	3257	3387	3387	3387	3081	11.3	12	12	11.7			7.7	7.6	7.6	7.6	7.7	7.5	7.5	7.5	3.2	1.28	2.24	3.97	3.44	0.92	2.65	1.96	0.61	2.27	0.85	1.77	1.89	4.54	9.43	5.51	2.1	2.42	2.29	22.54	24.49	0	6.02	2.41	4.21	7.46	6.47	1.73	4.98	3.68	1.15	4.27	1.6	3.55	17.73	10.36	3.95	4.55	4.31	2.88	1.15	2.02	3.57	3.1	0.83	2.38	1.76	0.55	2.04	0.77	1.59	1.7	0.25	0.8	3.67	11.76	0.5	0	63	0.29	0	0	0	0.24	0.32	0.23	0.27	0.04	0.1	2.25	0.35	0.4	20	200	50	0.1	60	0.11	0.09	0.33	0.75	30	15	8	3	5	1.5	0	0	0	2.23	3	2640	218	0.2	2	0	0	0	70	90	90	76	41	85	80	85	75	78	75	78	85	95	70	85	90	90	90	90	0	30	0	30	64.4	47.9	0.7	3300	12.79	2.13	2	2.13	90	90	90	90	90	90	90	90	90	90	90	90	0.15	0.5	0.27	0.41	0.05	0	0	0	0	0.12	0.19	0.46	0.06	0.45	0.22	0	20	51	6.8	0	0	0	15.1	23.2	57.8	2	181.4	29	200	800	0	0.8	0	0	3500	3	0	0	0	2470	4100	78	90	96	91	90	90	91	92	90	87	89	89	85	90	78	85	96	91	90	90	91	92	90	87	89	89	85	90	3.07	1.16	2.02	3.57	3.13	0.85	2.38	1.71	0.54	2.02	0.72	1.7	3.07	1.16	2.02	3.57	3.13	0.85	2.38	1.71	0.54	2.02	0.72	1.7	3024
31267	Fermented soybean meal. Pepsoygen. Nutraferma	0.35	91.3	8.7	53.7	0.8	3.3	4	29.5	7	5	32.8	0.9	1	25.9	19	4438	2974	2974	2974	2974			2885	3196	3196	3196	2841	3196	3196	3196	2752	10.9	11	11	10.9			7.1	7	7	7	7.1	7	7	7	3.5	1.3	2.48	4.09	3.11	0.76	2.71	1.98	0.67	2.69	0.77	1.53	1.97	4.68	8.56	5.67	2.23	2.24	2.29	23.29	23.73	0	6.51	2.42	4.62	7.61	5.79	1.41	5.04	3.68	1.25	5.01	1.43	3.67	15.93	10.55	4.15	4.17	4.26	3.33	1.23	2.36	3.89	2.95	0.72	2.57	1.88	0.64	2.56	0.73	1.45	1.87	0.29	0.82	7.25	20.5	0.52	0	63	0.3	0	0	0	0.25	0.33	0.24	0.28	0.02	0.1	2	0.04	0.5	22	170	38	0.28	17	0.05	0	0.26	0.6	28	16.3	6	2.9	6	0	0	0	0	2.4	0.05	2500	430	2	2	0	0	0	60	90	90	67	12	85	80	85	65	72	64	72	85	95	70	85	90	90	90	90	0	30	0	30	54.8	48.4	0.7	2974	3.93	0.77	0.72	0.77	95	95	95	95	95	95	95	95	95	95	95	95	0.15	0.5	0.27	0.41	0.05	0	0	0	0	0.12	0.19	0.46	0.06	0.45	0.22	0	20	51	6.8	0	0	0	15.1	23.2	57.8	2	181.4	29	200	800	0	0.8	0	0	3500	3	0	0	0	2470	4100	78	90	96	91	90	90	91	92	90	87	89	89	85	90	78	85	96	91	90	90	91	92	90	87	89	89	85	90	3.36	1.18	2.23	3.68	2.83	0.7	2.44	1.72	0.6	2.39	0.65	1.77	3.36	1.18	2.23	3.68	2.83	0.7	2.44	1.72	0.6	2.39	0.65	1.77	3024
31270	Fermented soybean meal. 56% CP. Soytide. CJ	0.35	92	8	56	0.8	3.8	6.9	24.5	4	6.2	28.3	2.5	11	8.6	18	4383	3814	3814	3814	3814			3419	3507	3507	3507	3375	3507	3507	3507	3582	11.9	12.5	12.5	12.2			8	7.8	7.8	7.8	8	7.8	7.8	7.8	4.6	1.56	2.7	4.5	3.25	0.76	2.93	2.16	0.74	2.79	0.76	1.52	2.07	5	9.6	6.43	2.36	2.45	2.49	25.99	26.16	0	8.21	2.79	4.82	8.04	5.8	1.36	5.23	3.86	1.32	4.98	1.36	3.7	17.14	11.48	4.21	4.38	4.45	4.14	1.4	2.43	4.05	2.93	0.68	2.64	1.94	0.67	2.51	0.68	1.37	1.86	0.25	0.8	3.62	11.59	0.4	0	50	0.39	0	0	0	0.33	0.39	0.31	0.35	0.04	0.1	2.25	0.35	0.4	20	200	50	0.1	60	0.11	0.09	0.33	0.75	30	15	8	3	5	1.5	0	0	0	2.23	3	2640	491	0.2	2	0	0	0	84	90	90	87	80	85	85	85	78	80	77	80	85	95	70	85	90	90	90	90	0	30	0	30	77.3	50.4	0.7	3814	22.64	2.13	2.13	2.13	90	90	90	90	90	90	90	90	90	90	90	90	0.15	0.5	0.27	0.41	0.05	0	0	0	0	0.12	0.19	0.46	0.06	0.45	0.22	0	0	51	6.8	0	0	0	15.1	23.2	57.8	1.3	150	36	200	800	0	0.8	0	0	3500	3	0	0	0	2470	4100	78	90	96	91	90	90	91	92	90	87	89	89	85	90	78	85	96	91	90	90	91	92	90	87	89	89	85	90	4.42	1.42	2.43	4.05	2.96	0.7	2.64	1.88	0.66	2.48	0.65	1.86	4.42	1.42	2.43	4.05	2.96	0.7	2.64	1.88	0.66	2.48	0.65	1.86	3024
31271	Fermented plant protein concentrate. 65% CP. Aquatide. CJ	0.35	88	12	65	3	5	8	7	0	0	12	2	0	10	19	4434	3946	3946	3946	3946			3636	3769	3769	3769	3591	3724	3724	3724	3677	13.9	14	14	13.9			9.2	8.4	8.4	8.4	9.2	8.4	8.4	8.4	3.05	1.76	2.58	8.1	2.1	1.2	3.82	2.35	0.36	2.93	1.12	2.32	2.5	6.32	12.26	5.34	2.2	3.34	4.44	28.25	31.2	0	4.69	2.71	3.97	12.46	3.23	1.85	5.88	3.62	0.55	4.51	1.72	3.85	18.86	8.22	3.39	5.14	6.83	2.74	1.58	2.32	7.29	1.89	1.08	3.44	2.11	0.32	2.64	1.01	2.09	2.25	0.25	0.8	3.12	10	0.4	0	50	0.4	0	0	0	0.34	0.4	0.32	0.36	0.04	0.1	2.25	0.35	0.4	20	200	50	0.1	60	0.11	0.09	0.33	0.75	30	15	8	3	5	1.5	0	0	0	2.23	3	2640	491	0.2	2	0	0	0	85	90	90	89	80	85	85	85	82	85	81	84	85	95	70	85	90	90	90	90	0	30	0	30	74.8	58.5	2.7	3946	9.6	1.7	1.7	1.7	90	90	90	90	90	90	90	90	90	90	90	90	0.43	0.09	0.79	1.53	0.2	0	0	0	0	0.45	0.7	1.73	0.23	1.7	0.84	0	0	51	6.8	0	0	0	15.1	23.2	57.8	1.3	150	36	200	800	0	0.8	0	0	3500	3	0	0	0	2470	4100	78	90	96	91	90	90	91	92	90	87	89	89	85	90	78	85	96	91	90	90	91	92	90	87	89	89	85	90	2.93	1.6	2.32	7.29	1.91	1.1	3.44	2.04	0.32	2.61	0.95	2.25	2.93	1.6	2.32	7.29	1.91	1.1	3.44	2.04	0.32	2.61	0.95	2.25	3024
31272	Fermented soybean meal. 48% CP. Soyamax Bio Plus	0.35	91	9	47.4	0.6	3.7	6.8	32.5	10.5	6.6	36.2	4	11	14.6	18	4199	3108	3108	3108	3108			2982	3191	3191	3191	2982	3191	3191	3191	2912	10.2	10.9	10.9	10.6			6.9	7.1	7.1	7.1	6.9	7.1	7.1	7.1	2.85	1.14	2	3.54	3.07	0.82	2.36	1.75	0.54	2.02	0.76	1.58	1.69	4.05	8.41	4.91	1.87	2.16	2.04	20.1	21.84	0	6.02	2.41	4.21	7.46	6.47	1.73	4.98	3.68	1.15	4.27	1.6	3.55	17.73	10.36	3.95	4.55	4.31	2.57	1.03	1.8	3.19	2.76	0.74	2.13	1.57	0.49	1.82	0.68	1.42	1.52	0.35	0.85	5.16	12.54	0.54	0	63	0.31	0	0	0	0.26	0.34	0.25	0.29	0.3	0.5	2.1	0.35	0.4	20	200	50	0.1	60	0.11	0.09	0.33	0.75	30	15	8	3	5	1.5	0	0	0	2.23	3	2640	491	0.2	2	0	0	0	69	90	90	74	45	85	80	85	71	76	71	76	85	95	70	85	90	90	90	90	0	30	0	30	62.8	42.7	0.5	3108	16.3	3.4	3.2	3.4	90	90	90	90	90	90	90	90	90	90	90	90	0.15	0.5	0.27	0.28	0.04	0	0	0	0	0.08	0.13	0.32	0.04	0.31	0.03	0	20	51	6.8	0	0	0	15.1	23.2	57.8	2	181.4	29	200	800	0	0.8	0	0	3500	3	0	0	0	2470	4100	78	90	96	91	90	90	91	92	90	87	89	89	85	90	78	85	96	91	90	90	91	92	90	87	89	89	85	90	2.74	1.04	1.8	3.19	2.79	0.75	2.13	1.52	0.48	1.8	0.64	1.52	2.74	1.04	1.8	3.19	2.79	0.75	2.13	1.52	0.48	1.8	0.64	1.52	3024
31273	Fermented soybean. 52% CP. MrFeed Pro50 C. Menon	0.35	90	10	52	5.2	4.6	9.4	18.8	4	6.2	23.4	2.5	11	3.7	18	4369	3583	3583	3583	3583			3583	3626	3626	3626	3539	3626	3626	3626	3368	12.7	13.3	13.3	13			8.9	8.6	8.6	8.6	8.9	8.5	8.5	8.5	3.84	1.39	1.9	3.64	4.35	1.17	2.32	2.21	0.49	2.34	0.41	1.58	1.51	3.83	8.22	4.92	4.92	2.37	2.39	23.64	24.74	0	7.38	2.67	3.65	7	8.36	2.25	4.46	4.25	0.94	4.5	0.79	2.9	15.8	9.46	9.46	4.56	4.6	3.45	1.25	1.71	3.28	3.91	1.05	2.09	1.99	0.44	2.11	0.37	1.42	1.36	1.6	1.01	17.09	10.78	0.64	0	63	0.03	0	0	0	0.03	0.12	0.02	0.06	0.04	0.1	2.25	0.35	0.4	20	945	234	0.1	60	0.11	0.09	9.28	9.28	138	141	75	31.6	38.5	0.03	61	1707	34	158	0.05	1950	491	0.2	2	0	0	0	77	90	90	82	55	85	80	85	82	83	81	83	85	95	70	85	90	90	90	90	0	30	0	30	69.3	46.8	4.7	3583	12.86	2.13	2	2.13	90	90	90	90	90	90	90	90	90	90	90	90	0.15	0.5	0.27	2.66	0.35	0	0	0	0	0.79	1.21	3.01	0.39	2.95	0.36	0	20	51	6.8	0	0	0	15.1	23.2	57.8	2	181.4	29	200	800	0	0.8	0	0	3500	3	0	0	0	2470	4100	78	90	96	91	90	90	91	92	90	87	89	89	85	90	78	85	96	91	90	90	91	92	90	87	89	89	85	90	3.68	1.26	1.71	3.28	3.96	1.08	2.09	1.92	0.44	2.08	0.35	1.36	3.68	1.26	1.71	3.28	3.96	1.08	2.09	1.92	0.44	2.08	0.35	1.36	3024
31292	Fermented soybean meal. 50% CP. Gentide. GBW	0.35	88	12	51	0.8	3.5	7	25.7	4	6.2	29.2	2.5	11	9.5	17	4137	3186	3186	3186	3186			3144	3268	3268	3268	3144	3268	3268	3268	2975	10.9	11.5	11.5	11.3			7.4	7.3	7.3	7.3	7.4	7.2	7.2	7.2	4.35	1.29	2.63	4.3	3.03	0.64	3.02	2.07	0.61	2.82	0.85	1.49	2.26	5.28	10.01	6.1	2.05	2.51	2.36	24.76	26.14	0	8.53	2.53	5.16	8.43	5.94	1.25	5.92	4.06	1.2	5.53	1.67	4.43	19.63	11.96	4.02	4.92	4.63	3.91	1.16	2.37	3.87	2.73	0.58	2.72	1.86	0.55	2.54	0.77	1.34	2.03	0.26	0.82	3.67	11.76	0.52	0	63	0.3	0	0	0	0.25	0.33	0.24	0.28	0.04	0.1	2.25	0.35	0.4	20	200	50	0.1	60	0.11	0.09	0.33	0.75	30	15	8	3	5	1.5	0	0	0	2.23	3	2640	491	0.2	2	0	0	0	72	90	90	77	44	85	80	85	76	79	76	79	85	95	70	85	90	90	90	90	0	30	0	30	63.4	45.9	0.7	3186	12.85	2.13	2	2.13	90	90	90	90	90	90	90	90	90	90	90	90	0.15	0.5	0.27	0.41	0.05	0	0	0	0	0.12	0.19	0.46	0.06	0.45	0.05	0	20	51	6.8	0	0	0	15.1	23.2	57.8	2	181.4	29	200	800	0	0.8	0	0	3500	3	0	0	0	2470	4100	78	90	96	91	90	90	91	92	90	87	89	89	85	90	78	85	96	91	90	90	91	92	90	87	89	89	85	90	4.18	1.17	2.37	3.87	2.76	0.59	2.72	1.8	0.54	2.51	0.72	2.03	4.18	1.17	2.37	3.87	2.76	0.59	2.72	1.8	0.54	2.51	0.72	2.03	3024
31293	Fermented soybean meal. 49% CP. Pro G Max. Pro Biotech Feed	0.35	88	12	49	4	4	7	24	4	6.2	28	2.5	11	9.5	18	4273	3333	3333	3333	3333			3291	3419	3419	3419	3291	3419	3419	3419	3131	11.6	12.3	12.3	12			8.1	8	8	8	8.1	8	8	8	4.01	1.79	1.88	3.54	3.4	0.8	2.45	2.2	0.85	2	0.94	1.74	1.81	4.26	9.35	5.44	2.1	2.83	2.53	22.92	25	0	8.18	3.66	3.84	7.22	6.94	1.63	5	4.48	1.74	4.08	1.92	3.7	19.09	11.1	4.28	5.78	5.16	3.61	1.61	1.69	3.18	3.06	0.72	2.21	1.98	0.77	1.8	0.85	1.57	1.63	0.26	0.82	3.67	11.76	0.52	0	63	0.3	0	0	0	0.25	0.33	0.24	0.28	0.04	0.1	2.25	0.35	0.4	20	200	50	0.1	60	0.11	0.09	0.33	0.75	30	15	8	3	5	1.5	0	0	0	2.23	3	2640	491	0.2	2	0	0	0	72	90	90	78	44	85	80	85	77	80	77	80	85	95	70	85	90	90	90	90	0	30	0	30	63.4	44.1	3.6	3333	12.32	2.13	2	2.13	90	90	90	90	90	90	90	90	90	90	90	90	0.15	0.5	0.27	2.04	0.27	0	0	0	0	0.6	0.93	2.31	0.3	2.27	0.05	0	20	51	6.8	0	0	0	15.1	23.2	57.8	2	181.4	29	200	800	0	0.8	0	0	3500	3	0	0	0	2470	4100	78	90	96	91	90	90	91	92	90	87	89	89	85	90	78	85	96	91	90	90	91	92	90	87	89	89	85	90	3.85	1.63	1.69	3.18	3.09	0.73	2.21	1.91	0.76	1.78	0.8	1.63	3.85	1.63	1.69	3.18	3.09	0.73	2.21	1.91	0.76	1.78	0.8	1.63	3024
31275	Soy hulls. ADM	0.15	89	11	10	1	36.5	4.6	36.9	50	25	73.4	0.5	1	46.9	15	3640	1274	1274	1274	1274			582	1165	1165	1165	582	1165	1165	1165	1237	2.2	2.2	2.2	2.2			1.5	2.8	2.8	2.8	1.5	2.8	2.8	2.8	0.65	0.26	0.44	0.76	0.71	0.17	0.46	0.45	0.08	0.57	0.21	0.38	0.51	0.97	2	1	0.82	0.62	0.48	4.55	5.64	0	6.5	2.6	4.4	7.6	7.1	1.7	4.6	4.5	0.8	5.7	2.1	5.1	20	10	8.2	6.2	4.8	0.52	0.21	0.35	0.61	0.57	0.14	0.37	0.36	0.06	0.46	0.17	0.3	0.41	0.45	0.19	9.78	4.13	0.12	0	63	0.07	0	0	0	0.06	0.08	0.06	0.06	0.03	0.02	1.16	0.23	0.08	16	295	10	0.1	22	0.11	0.09	0.32	0.6	28	16.3	7	2.9	6	0	0	0	0	1.79	0.05	2400	430	2	2	0	0	0	33	80	90	35	25	85	85	85	16	32	16	32	85	95	70	85	90	90	90	90	0	30	0	30	29.4	8	0.9	1274	18.35	0.43	0.43	0.43	80	80	80	80	80	80	80	80	80	80	80	80	0.15	0.5	0.27	0.51	0.07	0	0	0	0	0.15	0.23	0.58	0.08	0.57	0.28	0	25	51	6.8	0	0	0	15.1	23.2	57.8	5	278	273	180	6000	0	0.4	0	0	4000	100	0	0	0	3500	2500	78	90	96	91	90	90	91	92	90	87	89	89	85	90	78	85	96	91	90	90	91	92	90	87	89	89	85	90	0.62	0.24	0.4	0.68	0.65	0.16	0.41	0.39	0.07	0.51	0.18	0.46	0.62	0.24	0.4	0.68	0.65	0.16	0.41	0.39	0.07	0.51	0.18	0.46	2524
31305	Starch. corn	0.35	88.1	11.9	0	0.4	0.2	0.2	87.3	0.1	0.7	87.5	87.4	0	0	15	3592	3018	3018	3018	3018			3053	3413	3413	3413	2515	3053	3053	3053	3017	6.1	10.2	10.2	6.5			4.6	8.4	8.4	8.4	3.8	7.6	7.6	7.6	0	0	0	0	0	0	0	0	0	0	0	0	0	0	0	0	0	0	0	0	0	0	0	0	0	0	0	0	0	0	0	0	0	0	0	0	0	0	0	0	0	0	0	0	0	0	0	0	0	0	0	0	0.02	0.02	10	10	0.01	0	66	0	0	0	0	0	0	0	0	0.01	0.01	0.01	0.03	0	1	10	1	1.04	1	0.05	0	0	0	0	0	0	0	0	0	0	0	0	0	0	0	13	0	2	0	0	0	84	90	90	84	84	85	80	85	85	95	70	85	85	95	70	85	90	90	90	90	0	30	0	30	74	0	0.4	3017	73.49	74.28	69.91	74.28	90	90	90	90	90	90	90	90	90	90	90	90	0.87	0.3	2.44	0	0	0	0	0	0	0	0	0	0	0	0.11	0	29	0	0	0	0	0	0	0	0	0	0	121	50	0	0	0	0	0	0	0	0	0	0	0	0	85	90	90	90	90	90	90	90	90	90	90	90	90	90	85	90	90	90	90	90	90	90	90	90	90	90	90	90	0	0	0	0	0	0	0	0	0	0	0	0	0	0	0	0	0	0	0	0	0	0	0	0	912
31310	Starch. wheat	0.45	90	10	0.4	0.3	0	0.2	89	65	20	89	97	3	0	15	3674	3269	3269	3269	3269			3490	3894	3894	3894	2902	3490	3490	3490	3268	7.3	11.6	11.6	7.4			5.2	9.6	9.6	9.6	4.3	8.6	8.6	8.6	0	0	0	0	0	0	0	0	0	0	0	0	0	0	0	0	0	0	0	0	0	0	0	0	0	0	0	0	0	0	0	0	0	0	0	0	0	0	0	0	0	0	0	0	0	0	0	0	0	0	0	0	0.03	0.04	15	20	0.02	0	61	0.02	0	0	0	0.02	0.02	0.02	0.02	0.01	0.01	0.01	0.02	0	0	0	0	0	0	0	0	0	0	0	0	0	0	0	0	0	0	0	0	0	0	0	0	0	0	0	0	90	50	50	89	90	85	85	85	95	106	79	95	85	95	70	85	90	90	90	90	0	30	0	30	81	0.2	0.2	3269	80.13	82.45	82.45	82.45	0	0	0	0	0	0	0	0	0	0	0	0	0	0	0	0	0	0	0	0	0	0	0	0	0	0	0.09	0	0	0	0	0	0	0	0	0	0	0	0	0	0	0	0	0	0	0	0	0	0	0	0	0	0	0	0	0	0	0	0	0	0	0	0	0	0	0	0	0	0	0	0	0	0	0	0	0	0	0	0	0	0	0	0	0	0	0	0	0	0	0	0	0	0	0	0	0	0	0	0	0	0	0	0	0	0	1135
31405	Sunflower meal. solvent extract. 30% CP	0.3	89.8	10.2	31.8	2.3	29.1	7.1	19.6	46.4	33.2	48.7	0.3	2	13.2	17	3984	2351	2351	2351	2351			1713	1873	1873	1873	1713	1873	1873	1873	2234	6.4	6.5	6.5	6.5			4.4	4.4	4.4	4.4	4.4	4.4	4.4	4.4	2.43	0.92	1.04	1.67	1.04	0.85	1.33	1.1	0.67	1.36	0.72	1.57	3.71	5.04	0.24	0.51	0.9	0.8	0.8	12.41	7.68	0	7.65	2.9	3.27	5.26	3.27	2.68	4.18	3.46	2.11	4.28	2.27	11.67	0.76	1.61	2.83	2.52	2.52	1.94	0.74	0.83	1.34	0.83	0.68	1.06	0.88	0.54	1.09	0.58	1.26	2.97	0.44	1.16	6.19	16.33	0.73	0	63	0.42	0	0	0	0.35	0.47	0.34	0.39	0.01	0.1	1.44	0.56	0.3	32	271	38	0.36	96	0.06	0	1.4	1.14	139	29.9	11.1	3	3	0	14	500	0	6.77	0	3446	712	0.2	0	0	0	0	55	80	90	59	37	85	80	85	43	47	43	47	85	95	70	85	90	90	90	90	0	30	0	30	49.4	25.4	2.1	2351	18	0.22	0.21	0.22	80	80	80	80	80	80	80	80	80	80	80	80	0.06	0.03	0.18	1.51	0	0	0	0	0	0.24	0.45	1.51	0	1.68	0.2	0	69	65.7	0.1	0	0	0	10.6	19.5	65.7	10	270	48.4	168	0	0	2.6	0	1113.1	4385.6	0	0	0	0	0	500	55	80	80	80	80	80	80	80	80	80	80	80	80	80	55	80	93	83	83	84	79	90	86	80	84	81	79	88	1.94	0.74	0.83	1.34	0.83	0.68	1.06	0.88	0.54	1.09	0.58	2.97	2.26	0.76	0.86	1.4	0.82	0.77	1.14	0.88	0.56	1.1	0.57	3.26	546
31406	Sunflower meal. solvent extracted. dehulled. 38% CP	0.3	89.8	10.2	37.7	1.8	22.8	7.7	19.8	38.7	26.6	42.6	1.9	2	12.1	17	4025	2536	2536	2536	2536			1972	2133	2133	2133	1972	2133	2133	2133	2397	7.4	7.6	7.6	7.5			5	4.9	4.9	4.9	5	4.9	4.9	4.9	3.2	0.94	1.55	2.34	1.32	0.87	1.66	1.36	0.45	1.85	0.64	1.51	0.9	2.56	7.09	3.28	2.19	1.55	0.9	15.54	16.55	0	8.49	2.49	4.11	6.21	3.5	2.31	4.4	3.61	1.19	4.91	1.7	2.39	18.81	8.7	5.81	4.11	2.39	2.56	0.75	1.24	1.87	1.06	0.7	1.33	1.09	0.36	1.48	0.51	1.21	0.72	0.46	1.3	5.97	16.88	0.82	0	63	0.48	0	0	0	0.4	0.53	0.38	0.44	0.01	0.16	1.51	0.59	0.21	51	253	42	2.13	95	0.06	0	1.4	1.5	242	40.6	13.7	3.5	3.1	0	15	500	0	8.26	0	3632	798	0.2	0	0	0	0	58	80	90	63	39	85	80	85	49	53	49	53	85	95	70	85	90	90	90	90	0	30	0	30	52.1	30.2	1.6	2536	16.61	1.62	1.52	1.62	80	80	80	80	80	80	80	80	80	80	80	80	0.06	0.03	0.18	1.18	0	0	0	0	0	0.19	0.35	1.18	0	1.31	0.16	0	54	65.7	0.1	0	0	0	10.6	19.5	65.7	10	270	48.4	168	0	0	2.9	0	1113.6	4387.5	0	0	0	0	0	500	58	80	80	80	80	80	80	80	80	80	80	80	80	80	58	80	93	83	83	84	79	90	86	80	84	81	79	88	2.56	0.75	1.24	1.87	1.06	0.7	1.33	1.09	0.36	1.48	0.51	0.72	2.98	0.78	1.29	1.97	1.04	0.78	1.43	1.09	0.38	1.5	0.51	0.79	546
31407	Sunflower meal. solvent extract. 41% CP	0.3	93	7	41	7.6	21	6.8	16.6	35	24	37.6	0.6	2	11	19	4548	3047	3047	3047	3047			2593	2729	2729	2729	2593	2729	2729	2729	2897	9.9	10	10	10			7.1	6.8	6.8	6.8	7.1	6.8	6.8	6.8	3.49	1.03	1.68	2.54	1.44	0.94	1.8	1.48	0.49	2.01	0.7	1.64	0.98	2.78	7.71	3.57	2.38	1.68	0.98	16.9	18	0	8.51	2.51	4.1	6.2	3.51	2.29	4.39	3.61	1.2	4.9	1.71	2.39	18.81	8.71	5.81	4.1	2.39	2.79	0.82	1.34	2.03	1.15	0.75	1.44	1.18	0.39	1.61	0.56	1.31	0.78	0.21	0.93	3.08	13.67	0.59	0	63	0.34	0	0	0	0.29	0.38	0.27	0.31	0.08	0.1	1.51	0.67	0.38	30	225	44	2	66	0.05	0	1.4	2.27	242.1	40.6	13.67	3.5	3.1	0	14	500	0	23.25	0	3627	571	0.2	0	0	0	0	62	80	90	67	38	85	80	85	57	60	57	60	85	95	70	85	90	90	90	90	0	30	0	30	57.7	32.8	6.8	3047	14.29	0.51	0.48	0.51	80	80	80	80	80	80	80	80	80	80	80	80	0.41	0.25	1.4	4.99	0.01	0	0	0	0	0.81	1.48	4.99	0.01	5.55	0.68	0	229	65.7	0.1	0	0	0	10.6	19.5	65.7	10	270	48.4	168	0	0	2.1	0	1075.3	4236.6	0	0	0	0	0	500	62	80	93	85	84	85	90	90	86	84	84	82	81	88	62	80	93	85	84	85	90	90	86	84	84	82	81	88	3.25	0.88	1.41	2.16	1.3	0.85	1.55	1.24	0.41	1.65	0.57	0.86	3.25	0.88	1.41	2.16	1.3	0.85	1.55	1.24	0.41	1.65	0.57	0.86	546
31408	Sunflower meal. expeller. 31% CP	0.3	90.4	9.7	31.2	5.7	20.5	5.6	27.4	41.4	29.6	47.9	0.5	6.1	11.8	18	4238	2670	2670	2670	2670			2119	2288	2288	2288	2119	2246	2246	2246	2555	7.7	8	8	7.9			5.6	5.7	5.7	5.7	5.6	5.7	5.7	5.7	2.44	0.62	1.19	1.76	0.96	0.59	1.21	0.98	0.28	1.35	0.43	1.02	0.77	1.98	4.86	2.43	1.46	1.18	1.37	11.38	12.5	0	7.83	1.99	3.82	5.65	3.08	1.89	3.88	3.15	0.9	4.33	1.38	2.47	15.6	7.8	4.69	3.79	4.4	1.95	0.5	0.95	1.41	0.77	0.47	0.97	0.78	0.22	1.08	0.34	0.82	0.62	0.39	0.92	7.02	16.57	0.58	0	63	0.34	0	0	0	0.29	0.38	0.27	0.31	0.01	0.1	1.44	0.36	0.3	26	422	41.5	0.09	77	0.06	0	1.4	0.4	86	4	13.45	18	14.8	0	15	500	0	17.44	0	800	565	0.2	0	0	0	0	58	80	90	63	41	85	80	85	50	54	50	53	85	95	70	85	90	90	90	90	0	30	0	30	52.4	24.9	5.1	2670	19.66	0.38	0.36	0.38	80	80	80	80	80	80	80	80	80	80	80	80	0.35	0.25	1.3	3.74	0.01	0	0	0	0	0.6	1.11	3.74	0.01	4.16	0.51	0	172	65.7	0.1	0	0	0	10.6	19.5	65.7	10	270	48.4	168	0	0	2.1	0	1106.8	4360.8	0	0	0	0	0	500	59	80	80	80	80	80	80	80	80	80	80	80	80	80	59	80	93	83	83	84	79	90	86	80	84	81	79	88	1.95	0.5	0.95	1.41	0.77	0.47	0.97	0.78	0.22	1.08	0.34	0.62	2.27	0.51	0.99	1.48	0.76	0.53	1.04	0.78	0.24	1.09	0.34	0.68	609
31409	Sunflower meal. expeller. 35% CP	0.3	90.8	9.2	34.9	5.8	17.5	5.9	26.7	32.6	24.3	44.2	3	4.4	12.5	18	4302	2796	2796	2796	2796			2323	2495	2495	2495	2323	2495	2495	2495	2668	8.5	8.8	8.8	8.6			6.1	6.2	6.2	6.2	6	6.1	6.1	6.1	3	0.81	1.58	2.14	1.24	0.86	1.63	1.23	0.46	1.79	0.6	1.46	0.87	2.5	5.45	2.72	1.64	1.33	1.54	14.74	14.15	0	8.59	2.32	4.53	6.13	3.55	2.46	4.67	3.52	1.32	5.13	1.72	2.49	15.61	7.79	4.7	3.81	4.41	2.4	0.65	1.26	1.71	0.99	0.69	1.3	0.98	0.37	1.43	0.48	1.17	0.7	0.25	0.96	4.23	16.27	0.6	0	63	0.35	0	0	0	0.29	0.39	0.28	0.32	0.08	0.1	1.51	0.75	0.3	41.33	358	39.17	0.08	68.97	0.06	0	1.5	0.8	64.67	15.67	13	12.77	14.8	0	15	500	0	17.64	0	1620	590	0.2	0	0	0	0	59	80	90	65	40	85	80	85	54	58	54	58	85	95	70	85	90	90	90	90	0	30	0	30	53.5	27.9	5.2	2796	17.67	2.55	2.4	2.55	80	80	80	80	80	80	80	80	80	80	80	80	0.35	0.25	1.3	3.79	0.01	0	0	0	0	0.61	1.13	3.79	0.01	4.21	0.51	0	174	65.7	0.1	0	0	0	10.6	19.5	65.7	10	270	48.4	168	0	0	2.2	0	1101.8	4341.1	0	0	0	0	0	500	63	80	80	80	80	80	80	80	80	80	80	80	80	80	63	80	93	83	83	84	79	90	86	80	84	81	79	88	2.4	0.65	1.26	1.71	0.99	0.69	1.3	0.98	0.37	1.43	0.48	0.7	2.79	0.67	1.31	1.8	0.98	0.77	1.4	0.98	0.39	1.45	0.47	0.77	609
31410	Sunflower meal. high protein. Bolivian	0.3	91	9	41.8	3.2	20	8.8	17.2	30	27	37.2	3.2	4	3	17	4168	2834	2834	2834	2834			2418	2459	2459	2459	2376	2459	2459	2459	2681	8.8	9.1	9.1	8.9			6	5.8	5.8	5.8	6	5.7	5.7	5.7	5.7	1	1.5	2.6	1.5	0.96	1.9	1.5	0.54	1.8	0.7	1.66	1	2.9	6.52	3.26	1.96	1.59	1.84	19	16.87	0	13.64	2.39	3.59	6.22	3.59	2.3	4.55	3.59	1.29	4.31	1.68	2.39	15.6	7.8	4.69	3.8	4.4	5.7	1	1.5	2.6	1.5	0.77	1.88	1.5	0.43	1.8	0.56	1.33	0.8	0.21	2	2.38	22.72	1.26	0	63	0.73	0	0	0	0.61	0.81	0.58	0.68	0.09	0.1	1.51	0.54	0.38	27.3	249.34	36.4	2	95	0.05	0	1.5	2.3	242.1	40.6	13.67	3.5	3.1	0	14	500	0	9.79	0	3600	1228	0.2	0	0	0	0	63	80	90	68	44	85	80	85	58	59	57	59	85	95	70	85	90	90	90	90	0	30	0	30	57.3	33.4	2.9	2834	16.37	2.72	2.56	2.72	100	100	100	100	100	80	99	100	80	100	80	80	0.08	0.04	0.18	2.1	0	0	0	0	0	0.34	0.62	2.1	0	2.34	0.28	0	96	65.7	0.1	0	0	0	10.6	19.5	65.7	10	270	48.4	168	0	0	4.5	0	1098.9	4329.7	0	0	0	0	0	500	62	80	93	85	84	85	90	90	86	84	84	82	81	88	62	80	93	85	84	85	90	90	86	84	84	82	81	88	5.3	0.85	1.26	2.21	1.35	0.86	1.63	1.26	0.45	1.48	0.57	0.88	5.3	0.85	1.26	2.21	1.35	0.86	1.63	1.26	0.45	1.48	0.57	0.88	609
31411	Sunflower meal. solvent extracted. 39% CP	0.3	90.8	9.2	38.7	0.7	22	7.3	22.1	39	27	44.1	1.1	4	12	17	4039	2504	2504	2504	2504			1979	2141	2141	2141	1979	2141	2141	2141	2362	7.2	7.5	7.5	7.3			4.8	4.8	4.8	4.8	4.8	4.7	4.7	4.7	5.6	0.9	1.4	2.4	1.4	0.89	1.8	1.5	0.5	1.8	0.69	1.58	0.93	2.73	6.04	3.02	1.82	1.47	1.7	18.19	15.67	0	14.47	2.33	3.62	6.2	3.62	2.3	4.65	3.88	1.29	4.65	1.78	2.4	15.61	7.8	4.7	3.8	4.39	5.6	0.9	1.4	2.4	1.4	0.71	1.8	1.5	0.4	1.8	0.55	1.26	0.74	0.46	1.3	6.3	17.8	0.82	0	63	0.48	0	0	0	0.4	0.53	0.38	0.44	0.09	0.1	1.51	0.33	0.38	27.24	248.79	36.32	2	94	0.06	0	1.5	2	242.1	40.6	13.67	3.5	3.1	0	14	500	0	2.14	0	3600	798	0.2	0	0	0	0	58	80	90	62	40	85	80	85	49	53	49	53	85	95	70	85	90	90	90	90	0	30	0	30	52.7	31	0.6	2504	17.64	0.94	0.88	0.94	100	100	100	100	100	80	100	100	80	100	80	80	0.02	0.03	0.16	0.46	0	0	0	0	0	0.07	0.14	0.46	0	0.51	0.06	0	21	65.7	0.1	0	0	0	10.6	19.5	65.7	10	270	48.4	168	0	0	2.9	0	1101.3	4339.2	0	0	0	0	0	500	62	80	93	85	84	85	90	90	86	84	84	82	81	88	62	80	93	85	84	85	90	90	86	84	84	82	81	88	5.21	0.77	1.18	2.04	1.26	0.8	1.55	1.26	0.42	1.48	0.56	0.82	5.21	0.77	1.18	2.04	1.26	0.8	1.55	1.26	0.42	1.48	0.56	0.82	546
31412	Sunflower meal. expeller. low protein with hulls. USA	0.3	93.9	6.1	18.5	25.5	20	8.4	21.5	35	26	41.5	2.5	4	9	21	5108	3626	3626	3626	3626			3116	3269	3269	3269	3116	3218	3218	3218	3564	12.2	12.5	12.5	12.4			10	10.3	10.3	10.3	10	10.3	10.3	10.3	2.3	0.4	0.6	1.3	0.6	0.43	0.8	0.7	0.24	0.8	0.6	1.03	0.44	1.24	2.89	1.44	0.87	0.7	0.81	8.17	7.75	0	12.43	2.16	3.24	7.03	3.24	2.32	4.32	3.78	1.3	4.32	3.24	2.38	15.62	7.78	4.7	3.78	4.38	2.14	0.35	0.56	1.14	0.49	0.34	0.74	0.67	0.19	0.71	0.48	0.82	0.35	0.25	0.96	2.97	11.42	0.6	0	63	0.35	0	0	0	0.29	0.39	0.28	0.32	0.08	0.1	1.22	0.55	0.3	28.17	257.29	37.56	0.5	68.97	0.05	0	1.4	1.5	240	30	13.45	3.5	14.8	0	14	500	0	78.02	0	3790	589	0.2	0	0	0	0	62	73	90	71	42	85	80	85	61	64	61	63	85	95	70	85	90	90	90	90	0	30	0	30	58.2	13.5	23	3626	17.43	2.13	2	2.13	93	88	93	88	82	80	92	95	80	89	80	80	1.1	1.58	8.72	16.75	0.03	0	0	0	0	2.7	4.97	16.75	0.03	18.62	2.29	0	769	65.7	0.1	0	0	0	10.6	19.5	65.7	10	270	48.4	168	0	0	2.2	0	1065	4196	0	0	0.1	0	0	500	63	80	80	80	80	80	80	80	80	80	80	80	80	80	63	80	93	83	83	84	79	90	86	80	84	81	79	88	1.84	0.32	0.48	1.04	0.48	0.34	0.64	0.56	0.19	0.64	0.48	0.35	2.14	0.33	0.5	1.09	0.47	0.39	0.69	0.56	0.2	0.65	0.47	0.39	610
31413	Sunflower meal. solvent extracted. 35% CP	0.3	92.2	7.8	35.2	0.9	19.6	7.5	29	44	24	48.6	0.6	4	20	17	4044	2426	2426	2426	2426			1820	2062	2062	2062	1820	2062	2062	2062	2297	6.7	6.9	6.9	6.8			4.5	4.7	4.7	4.7	4.5	4.7	4.7	4.7	2.79	0.86	1.37	2.15	1.22	0.76	1.53	1.23	0.44	1.71	0.55	1.31	0.84	2.37	6.51	3.05	1.96	1.4	1.45	14.06	15.76	0	7.93	2.44	3.89	6.11	3.47	2.16	4.35	3.49	1.25	4.86	1.56	2.39	18.49	8.66	5.57	3.98	4.12	2.23	0.69	1.1	1.72	0.98	0.61	1.41	1.12	0.35	1.61	0.44	1.05	0.67	0.61	0.81	8.13	10.8	0.51	0	63	0.29	0	0	0	0.24	0.32	0.23	0.27	0.09	0.1	1.51	0.33	0.3	27.66	252.63	36.88	0.09	68.97	0.05	0	1.4	0.8	64.67	30	13	12.77	14.8	0	15	500	0	2.75	0	3790	497	0.2	0	0	0	0	56	80	90	60	39	85	80	85	45	51	45	51	85	95	70	85	90	90	90	90	0	30	0	30	51.6	28.2	0.8	2426	18.95	0.51	0.48	0.51	80	80	80	80	80	80	92	91	80	94	80	80	0.02	0.03	0.18	0.59	0	0	0	0	0	0.1	0.18	0.59	0	0.66	0.08	0	27	65.7	0.1	0	0	0	10.6	19.5	65.7	10	270	48.4	168	0	0	1.8	0	1084.6	4273.3	0	0	0	0	0	500	63	80	80	80	80	80	80	80	80	80	80	80	80	80	63	80	93	83	83	84	79	90	86	80	84	81	79	88	2.23	0.69	1.1	1.72	0.98	0.61	1.22	0.98	0.35	1.37	0.44	0.67	2.59	0.71	1.14	1.81	0.96	0.68	1.32	0.98	0.37	1.39	0.43	0.74	546
31414	Sunflower meal. low heat	0.3	91.5	8.5	35	1.2	23.5	7.5	24.3	43	24	47.8	0.8	4	19	17	4027	2457	2457	2457	2457			1853	2094	2094	2094	1853	2094	2094	2094	2328	6.7	7	7	6.9			4.5	4.7	4.7	4.7	4.5	4.7	4.7	4.7	2.38	0.83	1.33	2.07	0.95	0.71	1.48	1.18	0.42	1.65	0.46	1.17	0.84	2.32	6.28	2.92	1.88	1.32	1.4	13	15.1	0	6.8	2.37	3.8	5.91	2.71	2.03	4.23	3.37	1.2	4.71	1.31	2.4	17.94	8.34	5.37	3.77	4	2.21	0.66	1.06	1.66	0.76	0.57	1.18	0.94	0.34	1.32	0.37	0.94	0.67	0.25	0.93	3.33	12.4	0.59	0	63	0.34	0	0	0	0.29	0.38	0.27	0.31	0.09	0.1	1.51	0.54	0.3	27.45	250.71	36.6	0.08	70	0.05	0	1.4	1.5	139	30	13.45	3.5	14.8	0	14	500	0	3.67	0	3790	571	0.2	0	0	0	0	57	80	90	61	40	85	80	85	46	52	46	52	85	95	70	85	90	90	90	90	0	30	0	30	52.2	28	1.1	2457	19.12	0.68	0.64	0.68	93	80	80	80	80	80	80	80	80	80	80	80	0.06	0.04	0.18	0.79	0	0	0	0	0	0.13	0.23	0.79	0	0.88	0.1	0	36	65.7	0.1	0	0	0	10.6	19.5	65.7	10	270	48.4	168	0	0	2.1	0	1092.9	4306	0	0	0	0	0	500	59	80	80	80	80	80	80	80	80	80	80	80	80	80	63	72	93	83	83	84	79	90	86	80	84	81	79	88	1.9	0.66	1.06	1.66	0.76	0.57	1.18	0.94	0.34	1.32	0.37	0.67	2.21	0.69	1.1	1.74	0.75	0.64	1.27	0.94	0.35	1.34	0.36	0.74	546
31415	Sunflower meal. high heat	0.3	92	8	34.8	1.2	22.9	7.5	25.6	43	24	48.5	1.5	4	19	17	4046	2306	2306	2306	2306			1740	1983	1983	1983	1740	1983	1983	1983	2190	6.2	6.5	6.5	6.3			4.2	4.5	4.5	4.5	4.2	4.5	4.5	4.5	2.13	0.85	1.4	2.17	0.87	0.71	1.54	1.21	0.4	1.74	0.43	1.14	0.84	2.38	6.58	3.02	1.97	1.35	1.47	13.02	15.66	0	6.12	2.44	4.02	6.24	2.5	2.04	4.43	3.48	1.15	5	1.24	2.41	18.91	8.68	5.66	3.88	4.22	1.7	0.82	1.32	2	0.75	0.57	1.34	1.1	0.32	1.64	0.34	0.91	0.67	0.25	0.92	3.33	12.26	0.58	0	63	0.34	0	0	0	0.29	0.38	0.27	0.31	0.09	0.1	1.44	0.54	0.3	27.6	252.08	36.8	0.08	70	0.05	0	1.4	1.5	64.67	15.67	13	12.77	14.8	0	15	500	0	3.67	0	800	565	0.2	0	0	0	0	54	73	90	57	40	85	80	85	43	49	43	49	85	95	70	85	90	90	90	90	0	30	0	30	49.7	25.4	1.1	2306	19.4	1.28	1.2	1.28	80	96	94	92	86	80	87	91	80	94	80	80	0.06	0.04	0.18	0.79	0	0	0	0	0	0.13	0.23	0.79	0	0.88	0.1	0	36	65.7	0.1	0	0	0	10.6	19.5	65.7	10	270	48.4	168	0	0	2.1	0	1087	4282.6	0	0	0	0	0	500	62	80	80	80	80	80	80	80	80	80	80	80	80	80	63	62	93	83	83	84	79	90	86	80	84	81	79	88	1.7	0.68	1.12	1.74	0.7	0.57	1.23	0.97	0.32	1.39	0.34	0.67	1.98	0.71	1.16	1.82	0.69	0.64	1.32	0.97	0.34	1.41	0.34	0.74	546
31416	Sunflower meal. solvent extracted. Brazil. 36% CP	0.3	90.4	9.6	36.4	1.5	25	6.9	20.6	40	31	45.6	1.6	4	9	17	4046	2752	2752	2752	2752			2185	2306	2306	2306	2185	2266	2266	2266	2601	7.9	8.2	8.2	8.1			5.3	5.2	5.2	5.2	5.3	5.2	5.2	5.2	3	1	1.6	2.5	2.4	0.84	1.8	1.5	0.47	2	0.61	1.45	0.87	2.67	5.68	2.84	1.71	1.38	1.6	17.11	14.69	0	8.24	2.75	4.4	6.87	6.59	2.31	4.95	4.12	1.29	5.5	1.68	2.39	15.6	7.8	4.7	3.79	4.4	2.88	0.96	1.5	2.3	2.06	0.67	1.57	1.37	0.38	1.88	0.49	1.16	0.7	0.61	0.81	8.84	11.73	0.49	0	61	0.31	0	0	0	0.26	0.34	0.25	0.29	0.09	0.1	1.51	0.6	0.3	26	248	34	0.5	79	0.06	0	1.4	1.5	240	30	13	12.77	14.8	0	15	500	0	4.59	0	3790	481	0.2	0	0	0	0	62	90	90	68	41	85	80	85	54	57	54	56	85	95	70	85	90	90	90	90	0	30	0	30	56	32.8	1.4	2752	18.7	1.36	1.28	1.36	96	96	94	92	86	80	87	91	80	94	80	80	0.06	0.04	0.18	0.99	0	0	0	0	0	0.16	0.29	0.99	0	1.1	0.13	0	45	65.7	0.1	0	0	0	10.6	19.5	65.7	10	270	48.4	168	0	0	1.8	0	1106.2	5088.5	0	0	0	0	0	500	63	80	80	80	80	80	80	80	80	80	80	80	80	80	63	80	93	83	83	84	79	90	86	80	84	81	79	88	2.4	0.8	1.28	2	1.92	0.67	1.44	1.2	0.38	1.6	0.49	0.7	2.79	0.83	1.33	2.1	1.9	0.76	1.55	1.2	0.39	1.62	0.48	0.77	6322
31417	Sunflower meal high protein. Fino Industria de Aceite	0.3	89	11	45	3.5	19	8	13.5	29	22	32.5	0.5	3	7	18	4185	3097	3097	3097	3097			2720	2804	2804	2804	2720	2804	2804	2804	2911	10.2	10.3	10.3	10.3			6.9	6.5	6.5	6.5	6.9	6.5	6.5	6.5	4.06	1.13	2.09	2.92	1.61	0.96	2.15	1.5	0.57	2.5	0.73	1.69	1.09	3.24	9.95	3.15	2.56	1.62	1.91	19.49	21.01	0	9.02	2.51	4.64	6.49	3.58	2.13	4.78	3.33	1.27	5.56	1.62	2.42	22.11	7	5.69	3.6	4.24	3.53	0.98	1.82	2.54	1.4	0.84	1.87	1.3	0.5	2.18	0.64	1.47	0.95	0.24	1.6	3	20	0.96	0	60	0.64	0	0	0	0.54	0.69	0.51	0.59	0.01	0.1	1.51	0.74	0.39	47	189	49	0.1	140	0.06	0	1.4	0.4	240	4	13.45	18	14.8	0	15	500	0	10.71	0	1250	936	0.2	0	0	0	0	68	90	90	74	40	85	80	85	65	67	65	67	85	95	70	85	90	90	90	90	0	30	0	30	60.5	40.5	3.2	3097	13	0.43	0.4	0.43	87	87	87	87	87	87	87	87	87	87	87	87	0.09	0.3	1	2.17	0.18	0	0	0	0	0.7	0.49	2.28	0.19	2.41	0.79	0	106	62	5	0	0	0	20	14	65	10	270	48.4	168	0	0	3.4	0	0	4427	0	0	0	0	0	500	62	80	93	85	84	85	90	90	86	84	84	82	81	88	62	80	93	85	84	85	90	90	86	84	84	82	81	88	3.78	0.96	1.76	2.48	1.45	0.86	1.85	1.26	0.48	2.05	0.59	0.96	3.78	0.96	1.76	2.48	1.45	0.86	1.85	1.26	0.48	2.05	0.59	0.96	6322
31418	Sunflower meal 30% CP. ADM	0.3	90	10	30	1.3	25	6	27.7	45	30	52.7	0.3	4	18.4	17	3956	2215	2215	2215	2215			1622	1859	1859	1859	1622	1859	1859	1859	2105	5.9	6.1	6.1	6			4	4.2	4.2	4.2	4	4.2	4.2	4.2	2.36	1	1.2	1.7	1.12	0.69	1.3	1.06	0.4	1.51	0.57	1.26	0.7	2	4.86	2.43	1.46	1.1	1.37	12.34	12.49	0	7.87	3.33	4	5.67	3.73	2.3	4.33	3.53	1.33	5.03	1.9	2.33	16.2	8.1	4.87	3.67	4.57	1.89	0.8	0.96	1.36	0.9	0.55	1.04	0.85	0.32	1.21	0.46	1.01	0.56	0.35	0.35	5.83	5.83	0.21	0	60	0.13	0	0	0	0.11	0.14	0.1	0.12	0.01	0.1	1.44	0.41	0.3	26	240	41	0.09	66	0.06	0	1.4	1.5	242	30	13	3.5	14	0	14	500	0	17	0	3600	500	0.2	0	0	0	0	52	80	90	56	36	85	80	85	41	47	41	47	85	95	70	85	90	90	90	90	0	30	0	30	46.8	24	1.2	2215	18.97	0.26	0.24	0.26	80	80	80	80	80	80	80	80	80	80	80	80	0.06	0.04	0.18	0.66	0.09	0	0	0	0	0.2	0.3	0.75	0.1	0.74	0.29	0	39	51	6.8	0	0	0	15.1	23.2	57.8	1.3	150	36	0	0	12	0.7	0	0	4000	0	0	0	0	0	600	79	79	79	79	79	79	79	79	79	79	79	79	79	79	79	79	79	79	79	79	79	79	79	79	79	79	79	79	1.86	0.79	0.95	1.34	0.88	0.55	1.03	0.84	0.32	1.19	0.45	0.55	1.86	0.79	0.95	1.34	0.88	0.55	1.03	0.84	0.32	1.19	0.45	0.55	650
31419	Sunflower meal 35% CP. ADM	0.3	90	10	35	0.8	20	6	28.2	32	25	48.2	0.6	2	20.6	17	4008	2164	2164	2164	2164			1724	2004	2004	2004	1724	2004	2004	2004	2036	6.5	6.6	6.6	6.6			4.3	4.5	4.5	4.5	4.3	4.5	4.5	4.5	2.8	1.2	1.39	2.5	1.25	0.75	1.9	1.22	0.42	1.73	0.62	1.37	0.87	2.77	5.45	2.72	1.64	1.33	1.54	15.16	14.17	0	8	3.43	3.97	7.14	3.57	2.14	5.43	3.49	1.2	4.94	1.77	2.49	15.57	7.77	4.69	3.8	4.4	2.24	0.96	1.11	2	1	0.6	1.52	0.98	0.34	1.38	0.5	1.1	0.7	0.9	0.95	15	15.83	0.57	0	60	0.37	0	0	0	0.31	0.4	0.3	0.34	0.01	0.1	1.51	0.44	0.3	30	254	44	0.08	87	0.06	0	1.4	1.5	242	30	13	3.5	14	0	14	500	0	17	0	3600	500	0.2	0	0	0	0	50	80	90	54	27	85	80	85	43	50	43	50	85	95	70	85	90	90	90	90	0	30	0	30	45	28	0.7	2164	13.01	0.51	0.48	0.51	80	80	80	80	80	80	80	80	80	80	80	80	0.06	0.04	0.18	0.41	0.05	0	0	0	0	0.12	0.19	0.46	0.06	0.45	0.18	0	24	51	6.8	0	0	0	15.1	23.2	57.8	1.3	150	36	0	0	13	2	0	0	4000	0	0	0	0	0	600	79	79	79	79	79	79	79	79	79	79	79	79	79	79	79	79	79	79	79	79	79	79	79	79	79	79	79	79	2.21	0.95	1.1	1.98	0.99	0.59	1.5	0.96	0.33	1.37	0.49	0.69	2.21	0.95	1.1	1.98	0.99	0.59	1.5	0.96	0.33	1.37	0.49	0.69	650
31420	Sunflower meal. solvent extract. 23% CP	0.3	89.8	10.2	23	2.3	29.1	7.1	28.3	46.4	33.2	57.4	0.3	2	21.9	16	3843	1960	1960	1960	1960			1307	1576	1576	1576	1307	1576	1576	1576	1876	4.9	5	5	5			3.4	3.8	3.8	3.8	3.4	3.8	3.8	3.8	1.86	0.7	0.8	1.74	0.79	0.65	1.25	0.84	0.51	1.04	0.55	1.2	0.54	1.79	4.78	1.77	1.15	0.84	1.07	10.18	10.7	0	8.09	3.04	3.48	7.57	3.44	2.83	5.44	3.65	2.22	4.52	2.39	2.35	20.78	7.7	5	3.65	4.65	1.49	0.56	0.64	1.39	0.63	0.52	1	0.67	0.41	0.83	0.44	0.96	0.43	0.44	1.16	6.19	16.33	0.7	0	60	0.46	0	0	0	0.39	0.5	0.37	0.42	0.01	0.1	1.69	0.56	0.3	32	271	38	0.36	96	0.06	0	1.4	1.14	139	29.9	11.1	3	3	0	14	500	0	6.77	0	3446	712	0.2	0	0	0	0	47	80	90	51	31	85	85	85	34	41	34	41	85	95	70	85	90	90	90	90	0	30	0	30	42.2	18.4	2.1	1960	17.79	0.26	0.26	0.26	80	80	80	80	80	80	80	80	80	80	80	80	0.06	0.03	0.18	1.51	0	0	0	0	0	0.24	0.45	1.51	0	1.68	0.52	0	0	65.7	0.1	0	0	0	10.6	19.5	65.7	10	250	48.4	168	0	0	2.6	0	1113	4385.4	0	0	0	0	0	500	55	80	80	80	80	80	80	80	80	80	80	80	80	80	55	80	93	83	83	84	79	90	86	80	84	81	79	88	1.49	0.56	0.64	1.39	0.63	0.52	1	0.67	0.41	0.83	0.44	0.43	1.73	0.58	0.66	1.46	0.62	0.58	1.08	0.67	0.43	0.84	0.43	0.48	546
31421	Sunflower meal. solvent extract. 28% CP	0.3	89.8	10.2	28	1.8	22.8	7.7	29.5	38.7	26.6	52.3	1.9	2	21.8	16	3872	2091	2091	2091	2091			1549	1820	1820	1820	1549	1820	1820	1820	1988	5.7	5.9	5.9	5.8			3.9	4.3	4.3	4.3	3.9	4.2	4.2	4.2	2.24	0.88	1.12	2.18	1.23	0.81	1.55	1.27	0.42	1.72	0.6	1.41	0.84	2.39	6.34	3.06	2.04	1.44	0.84	13.42	15.16	0	8	3.14	4	7.79	4.39	2.89	5.54	4.54	1.5	6.14	2.14	3	22.64	10.93	7.29	5.14	3	1.79	0.7	0.9	1.74	0.98	0.65	1.24	1.02	0.34	1.38	0.48	1.13	0.67	0.46	1.3	5.97	16.88	0.65	0	50	0.64	0	0	0	0.54	0.64	0.51	0.57	0.01	0.16	1.77	0.59	0.21	51	253	42	2.13	95	0.06	0	1.4	1.5	242	40.6	13.7	3.5	3.1	0	15	500	0	8.26	0	3632	798	0.2	0	0	0	0	50	80	90	54	32	85	85	85	40	47	40	47	85	95	70	85	90	90	90	90	0	30	0	30	44.9	22.4	1.6	2091	16.74	1.62	1.62	1.62	80	80	80	80	80	80	80	80	80	80	80	80	0.06	0.03	0.18	1.18	0	0	0	0	0	0.19	0.35	1.18	0	1.31	0.4	0	0	65.7	0.1	0	0	0	10.6	19.5	65.7	10	250	48.4	168	0	0	2.9	0	1113.6	4387.5	0	0	0	0	0	500	58	80	80	80	80	80	80	80	80	80	80	80	80	80	58	80	93	83	83	84	79	90	86	80	84	81	79	88	1.79	0.7	0.9	1.74	0.98	0.65	1.24	1.02	0.34	1.38	0.48	0.67	2.08	0.73	0.93	1.83	0.97	0.73	1.33	1.02	0.35	1.39	0.47	0.74	546
31505	Sweet potato. dried	0.4	87.9	12.1	4.6	1.3	2.8	3	76.2	10.4	4.8	79	61.6	7	5.6	15	3590	2836	2836	2836	2836			2692	3015	3015	3015	2333	2764	2764	2764	2818	5.8	9	9	6.2			4.4	7.5	7.5	7.5	3.9	6.9	6.9	6.9	0.14	0.12	0.15	0.22	0.14	0.06	0.17	0.15	0.05	0.21	0.09	0.15	0.13	0.3	0.56	0.86	0.22	0.27	0.24	1.41	2.37	0	3.04	2.61	3.26	4.78	3.04	1.3	3.7	3.26	1.09	4.57	1.96	2.83	12.17	18.7	4.78	5.87	5.22	0.12	0.1	0.13	0.19	0.12	0.05	0.14	0.13	0.04	0.18	0.08	0.13	0.11	0.17	0.16	5.66	5.33	0.1	0	61	0.06	0	0	0	0.05	0.07	0.05	0.06	0.11	0.13	1	0.09	1	7	36	9	0.07	43	0.06	0	0.5	0.11	5.6	8	2.1	0.6	0.8	0	24	141867	0	1.94	0.02	1000	95	84	0	0	0	0	77	85	80	79	78	85	80	85	75	84	65	77	85	95	70	85	90	90	90	90	0	30	0	30	67.7	3.9	1	2836	61.59	52.33	49.25	52.33	85	85	85	85	85	85	85	85	85	85	85	85	0.87	0.3	2.44	0.58	0.11	0	0	0	0	0.54	0.04	0.69	0.12	0.64	0.13	0	30	44.53	8.6	0	0	0	41.5	3.2	53.13	10	0	57	646	3800	0	0.3	0	0	0	0	0	0	0	0	0	78	85	85	85	85	85	85	85	85	85	85	85	85	85	78	85	85	85	85	85	85	85	85	85	85	85	85	85	0.12	0.1	0.13	0.19	0.12	0.05	0.14	0.13	0.04	0.18	0.08	0.11	0.12	0.1	0.13	0.19	0.12	0.05	0.14	0.13	0.04	0.18	0.08	0.11	1000
31506	Tomato pulp. dried	2	93.5	6.5	21	13.3	39	5.2	15	54	44.3	54	0	0	9.7	19	4618	2724	2724	2724	2724			1939	2032	2032	2032	1939	2032	2032	2032	2638	7.7	7.7	7.7	7.7			5.8	5.7	5.7	5.7	5.8	5.7	5.7	5.7	0.31	0.22	0.4	0.52	0.5	0.12	0.41	0.4	0.1	0.4	0.02	0.14	0.21	0.62	5.69	2.15	0.31	0.48	0.45	3.38	9.31	0	1.48	1.05	1.91	2.48	2.38	0.57	1.95	1.91	0.48	1.91	0.1	1	27.1	10.24	1.48	2.29	2.14	0.28	0.2	0.36	0.47	0.45	0.11	0.37	0.36	0.09	0.36	0.02	0.13	0.19	0.19	0.4	3.65	7.69	0.24	0	61	0.15	0	0	0	0.13	0.16	0.12	0.14	0.14	0.22	0.93	0.15	1	10.7	56.9	18.8	169	25.9	0.05	0	0.69	3.79	108	53.4	17.2	6	9.8	0	3275.9	151467	0	10.44	0.98	1000	238	91	0	0	0	0	53	90	70	59	35	85	80	85	42	44	42	44	85	95	70	85	90	90	90	90	0	30	0	30	49.6	18.9	9.3	2724	18.9	0	0	0	90	90	90	90	90	90	90	90	90	90	90	90	0.87	0.3	2.44	6.9	0.31	0	0	0	0	2.83	3.06	7.23	0.34	7.66	1.33	0	50	51.85	2.31	0	0	0	21.31	23.01	54.35	10	0	57	100	0	0	0.9	0	0	0	0	0	0	0	0	0	53	90	90	90	90	90	90	90	90	90	90	90	90	90	53	90	90	90	90	90	90	90	90	90	90	90	90	90	0.28	0.2	0.36	0.47	0.45	0.11	0.37	0.36	0.09	0.36	0.02	0.19	0.28	0.2	0.36	0.47	0.45	0.11	0.37	0.36	0.09	0.36	0.02	0.19	1000
31510	Alfalfa protein concentrate	5	92.2	7.8	52.2	8.3	1.9	9.9	19.9	17.2	3.9	21.8	0.9	0.7	16.3	19	4603	3637	3637	3637	3637			3406	3591	3591	3591	3406	3591	3591	3591	3421	13.2	13.3	13.3	13.2			9.2	8.8	8.8	8.8	9.2	8.8	8.8	8.8	3.13	1.32	2.63	4.62	3.15	1.07	3.11	2.5	0.8	3.12	0.5	1.57	2.23	5.34	5.5	5.01	2.11	2.19	3.07	25.45	20.61	0	6	2.53	5.04	8.85	6.03	2.05	5.96	4.79	1.53	5.98	0.96	4.27	10.54	9.6	4.04	4.2	5.88	2.82	1.19	2.37	4.16	2.83	0.96	2.8	2.25	0.72	2.81	0.45	1.41	2.01	3.38	0.85	34.14	8.58	0	0	0.4	0.84	0	0	0	0.71	0.71	0.67	0.71	0.007	0.13	0.7	0.14	0.92	13	538	103	0.2	19	0.4	0.4	0.2	0.7	6	0	83.4	4.5	2.6	0	0	540000	0	867	100	1190	0	0	1318	0	0	0	72	90	90	79	33	85	80	85	74	78	74	78	85	95	70	85	90	90	90	90	0	30	0	30	66.4	47	7.5	3637	7.19	0.77	0.72	0.77	90	90	90	90	90	90	90	90	90	90	90	90	0.95	0.16	0.43	1.67	2.05	0	0	0	0	1.37	0.51	3.73	2.28	1.86	0.58	0	0	20.12	24.69	0.02	0.04	0.01	16.5	6.16	44.96	0	0	0	0	0	0	0	0	0	0	0	0	0	0	0	0	83	85	89	84	82	84	80	85	85	79	79	81	78	84	80	85	89	84	82	84	89	83	85	80	79	81	78	84	2.79	1.11	2.16	3.88	2.52	0.91	2.64	1.97	0.63	2.53	0.39	1.87	2.79	1.11	2.16	3.88	2.8	0.89	2.64	2	0.63	2.53	0.39	1.87	1000
31520	Olive oil cake. with pits. <5% CL	0.4	89.3	10.7	10.2	2.4	35.6	7	34.1	62.5	48.5	69.7	0	3.8	17.4	15	3631	1525	1525	1525	1525			799	1017	1017	1017	799	1017	1017	1017	1487	2.8	3	3	3			2.1	2.6	2.6	2.6	2.1	2.6	2.6	2.6	0.73	0.17	0.62	1.07	0.09	0.15	0.59	0.63	0.1	0.69	0.11	0.26	0.32	0.91	1.33	1.26	0.62	0.76	0.58	4.84	4.98	0	7.16	1.67	6.08	10.49	0.88	1.47	5.78	6.18	0.98	6.77	1.08	3.14	13.04	12.35	6.08	7.45	5.69	0.58	0.14	0.5	0.86	0.07	0.12	0.47	0.5	0.08	0.55	0.09	0.21	0.26	1.4	0.14	20	2	0.08	0	60	0.05	0	0	0	0.04	0.06	0.04	0.05	0.18	0.35	1.02	0.03	0.5	23	0	29	0	22	0	0.3	0	0	0	0	0	0	0	0	0	0	0	0	0	0	82	0	0	0	0	0	39	80	95	42	30	85	85	85	22	28	22	28	85	95	70	85	90	90	90	90	0	30	0	30	34.8	8.2	2.3	1525	20.91	0	0	0	80	80	80	80	80	80	80	80	80	80	80	80	0.21	0.06	1.44	0.22	0.02	0	0	0	0	0.28	1.47	0.24	0.02	0.24	0.28	0	0	9.16	0.83	0	0	0	11.7	61.12	10	0	0	0	0	0	0	0.3	0	0	0	0	0	0	0	0	0	70	80	76	62	64	66	49	69	69	53	54	60	45	65	70	80	76	62	64	66	49	69	69	53	54	60	45	65	0.55	0.11	0.4	0.71	0.04	0.1	0.41	0.33	0.05	0.41	0.05	0.21	0.55	0.11	0.4	0.71	0.04	0.1	0.41	0.33	0.05	0.41	0.05	0.21	1000
31521	Olive oil cake. with pits. >5% CL	0.4	88	12	7.8	9.7	33	6	31.5	59.9	46.5	64.5	0	3.8	14.2	17	3965	1983	1983	1983	1983			1348	1507	1507	1507	1348	1507	1507	1507	1954	5.1	5.3	5.3	5.2			4.2	4.7	4.7	4.7	4.2	4.7	4.7	4.7	0.56	0.13	0.48	0.82	0.07	0.11	0.45	0.49	0.08	0.52	0.09	0.2	0.25	0.7	1.02	0.97	0.48	0.58	0.45	3.71	3.84	0	7.18	1.67	6.15	10.51	0.9	1.41	5.77	6.28	1.03	6.67	1.15	3.21	13.08	12.44	6.15	7.44	5.77	0.45	0.1	0.38	0.66	0.06	0.09	0.36	0.39	0.06	0.42	0.07	0.16	0.2	0.67	0.09	11.17	1.5	0.05	0	60	0.03	0	0	0	0.03	0.03	0.02	0.03	0.17	0.35	0.74	0.03	0.5	23	0	29	0	22	0	0.3	0	0	0	0	0	0	0	0	0	0	0	0	0	0	53	0	0	0	0	0	43	80	95	50	30	85	85	85	34	38	34	38	85	95	70	85	90	90	90	90	0	30	0	30	37.8	6.2	9.2	1983	19.35	0	0	0	80	80	80	80	80	80	80	80	80	80	80	80	0.81	0.22	5.69	0.89	0.07	0	0	0	0	1.08	5.8	0.96	0.08	0.99	0.28	0	0	9.17	0.72	0	0	0	11.13	59.79	9.89	0	0	0	0	0	0	0.2	0	0	0	0	0	0	0	0	0	70	80	77	63	65	67	50	70	70	54	55	61	46	65	70	80	77	63	65	67	50	70	70	54	55	61	46	65	0.43	0.08	0.31	0.55	0.03	0.08	0.31	0.26	0.04	0.32	0.04	0.16	0.43	0.08	0.31	0.55	0.03	0.08	0.31	0.26	0.04	0.32	0.04	0.16	1000
31605	Wheat bran	0.25	87.3	12.7	17.3	3.9	10.4	5.6	50.1	45.3	13.5	60.5	8.1	7.1	31.8	16	3798	2203	2203	2203	2203			1595	2013	2013	2013	1519	1975	1975	1975	2142	5	5.7	5.7	5.2			3.7	5	5	5	3.7	4.9	4.9	4.9	1.16	0.47	0.55	1.04	0.69	0.26	0.67	0.55	0.24	0.8	0.36	0.62	0.47	1.14	3.27	1.21	0.87	0.73	0.8	6.43	7.71	0	6.71	2.72	3.18	6.01	3.99	1.5	3.87	3.18	1.39	4.62	2.08	2.72	18.9	6.99	5.03	4.22	4.62	0.89	0.36	0.42	0.8	0.53	0.2	0.52	0.42	0.18	0.62	0.28	0.48	0.36	0.14	1.11	2.5	19.82	0.68	0	61	0.43	0	0	0	0.36	0.47	0.34	0.4	0.01	0.06	1.17	0.46	0.81	14	157	113	0.27	89	0.06	0	0.37	1.77	196.7	27.9	10.33	3.6	8.36	0	0	267	0	10.5	0.05	1201	660	1	0	0	0	0	55	77	80	58	47	85	80	85	42	53	40	52	85	95	70	85	90	90	90	90	0	30	0	30	48	13.3	3.1	2203	28.44	6.89	6.48	6.89	77	77	77	77	77	77	77	77	77	77	77	77	0.19	0.01	0.15	2.42	0.2	0	0	0	0	0.78	0.55	2.54	0.22	2.69	0.88	0	1697	62	5	0	0	0	20	14	65	0	1013	32.5	0	0	0	2.4	0	0	0.3	0	0	0	0	0	0	55	77	87	82	76	78	71	79	81	70	74	75	77	80	55	77	86	85	78	79	72	77	81	65	71	75	73	79	1.01	0.39	0.42	0.81	0.49	0.21	0.54	0.38	0.18	0.6	0.28	0.38	1	0.4	0.43	0.82	0.5	0.2	0.54	0.36	0.17	0.6	0.26	0.37	358
31606	Wheat germ meal. 30% CP	0.3	88.7	11.3	29.5	9.7	4	4.7	40.8	16.1	4.2	44.8	11.2	17.5	11.9	18	4388	3511	3511	3511	3511			3335	3511	3511	3511	3291	3467	3467	3467	3389	10.7	12.1	12.1	11.3			8.2	9.2	9.2	9.2	8.1	9	9	9	2.04	0.62	0.91	1.68	1.59	0.5	0.97	1	0.24	1.39	0.38	0.88	0.83	1.8	3.98	2.18	1.48	1.09	1.53	10.94	11.47	0	6.92	2.1	3.09	5.7	5.39	1.7	3.29	3.39	0.81	4.71	1.29	2.81	13.49	7.39	5.02	3.7	5.19	1.84	0.56	0.82	1.51	1.43	0.45	0.87	0.9	0.22	1.25	0.34	0.79	0.75	0.08	1.09	1.7	23.19	0.66	0	61	0.42	0	0	0	0.35	0.46	0.34	0.39	0.01	0.07	0.12	0.27	2.1	11.03	134.5	175	0.4	170	0.06	0	0.27	1	80	16	8	2	20	0	0	267	0	37.22	0.05	1200	648	3	0	0	0	0	76	90	90	80	67	85	80	85	76	80	75	79	85	95	70	85	90	90	90	90	0	30	0	30	67.4	26.6	8.7	3511	30.02	9.52	8.96	9.52	90	90	90	90	90	90	90	90	90	90	90	90	0.19	0.01	0.15	6.01	0.49	0	0	0	0	1.94	1.36	6.31	0.54	6.68	0.67	0	3719	62	5	0	0	0	20	14	65	0	284.1	50	0	0	0	2.4	0	0	0	0	0	0	0	0	0	76	90	90	90	90	90	90	90	90	90	90	90	90	90	76	90	93	92	82	84	87	90	86	78	73	82	75	89	1.84	0.56	0.82	1.51	1.43	0.45	0.87	0.9	0.22	1.25	0.34	0.75	1.9	0.57	0.75	1.41	1.38	0.45	0.83	0.78	0.18	1.14	0.28	0.74	1078
31607	Wheat gluten meal. 78% CP	0.55	90.7	9.3	78.2	2.4	0.4	0.7	9	5	2	9.4	1.5	2.9	3	21	5014	4413	4413	4413	4413			4312	4362	4362	4362	4312	4362	4362	4362	4090	16.3	16.5	16.5	16.4			10.8	9.7	9.7	9.7	10.8	9.7	9.7	9.7	3.09	1.72	2.93	5.66	2.16	1.35	4.13	1.99	0.77	3.25	1.56	2.91	2.36	6.49	28	2.46	2.54	3.84	1.98	27.05	42.74	0	3.95	2.2	3.75	7.24	2.76	1.73	5.28	2.55	0.99	4.16	2	3.02	35.82	3.15	3.25	4.91	2.53	2.78	1.55	2.64	5.09	1.94	1.21	3.72	1.79	0.69	2.93	1.4	2.62	2.12	0.1	0.24	13.69	32.87	0.15	0	61	0.09	0	0	0	0.08	0.1	0.07	0.08	0.06	0.05	0.12	0.03	0.1	20.91	45.5	15	0.4	50	0.06	0	0.3	1	100	16	5	2.5	15	0	0	267	0	37.22	0.05	1500	143	3	0	0	0	0	86	90	90	88	58	85	80	85	86	87	86	87	85	95	70	85	90	90	90	90	0	30	0	30	78	70.4	2.2	4413	5.45	1.28	1.2	1.28	90	90	90	90	90	90	90	90	90	90	90	90	0.19	0.01	0.15	1.49	0.12	0	0	0	0	0.48	0.34	1.56	0.13	1.65	0.16	0	800	62	5	0	0	0	20	14	65	0	284.1	50	0	0	0	0.5	0	0	0	0	0	0	0	0	0	86	90	90	90	90	90	90	90	90	90	90	90	90	90	86	90	85	87	87	91	80	85	89	72	83	85	79	79	2.78	1.55	2.64	5.09	1.94	1.21	3.72	1.79	0.69	2.93	1.4	2.12	2.63	1.5	2.55	5.15	1.73	1.15	3.68	1.43	0.64	2.76	1.23	1.86	3532
31608	Wheat middlings	0.1	90	10	15.8	3	7	3.6	60.6	33	13	67.6	31.6	3	20	16	3917	2625	2625	2625	2625			2194	2546	2546	2546	1998	2429	2429	2429	2559	6.1	7.8	7.8	6.4			4.4	6.2	6.2	6.2	4.1	5.9	5.9	5.9	1.01	0.33	0.5	0.87	0.53	0.15	0.59	0.44	0.17	0.64	0.24	0.39	0.43	1.02	2.73	1.11	0.78	0.6	0.7	5.23	6.59	0	6.39	2.09	3.16	5.5	3.35	0.95	3.73	2.78	1.08	4.05	1.52	2.72	17.27	7.02	4.93	3.8	4.43	0.91	0.3	0.45	0.78	0.48	0.14	0.53	0.4	0.15	0.58	0.22	0.35	0.39	0.11	1.31	3.03	36.08	0.8	0	61	0.51	0	0	0	0.43	0.55	0.41	0.47	0.2	0.04	0.1	0.44	0.2	12.71	117.53	132.39	0.33	81.81	0.06	0	0.33	0.91	79.67	16.33	8.67	1.87	15.73	0	0	267	0	15.86	0.05	1207	779	3	0	0	0	0	65	90	65	67	60	85	80	85	56	65	51	62	85	95	70	85	90	90	90	90	0	30	0	30	58.5	14.2	2	2625	40.54	26.83	25.25	26.83	90	90	90	90	90	90	90	90	90	90	90	90	0.19	0.01	0.15	1.86	0.15	0	0	0	0	0.6	0.42	1.95	0.17	2.07	0.68	0	900	62	5	0	0	0	20	14	65	0	284.1	50	0	0	0	2.9	0	0	0	5	0	0	0	0	0	66	90	95	94	92	93	89	93	95	88	91	90	91	92	66	90	95	94	92	93	89	93	95	88	91	90	91	92	0.96	0.31	0.46	0.81	0.47	0.14	0.56	0.39	0.15	0.58	0.22	0.4	0.96	0.31	0.46	0.81	0.47	0.14	0.56	0.39	0.15	0.58	0.22	0.4	358
31609	Wheat shorts	0.1	88.2	11.8	16.3	3.3	6.9	4.3	57.4	40	11	64.3	21.3	3	29	16	3838	2457	2457	2457	2457			1919	2341	2341	2341	1804	2265	2265	2265	2389	5.8	6.9	6.9	6			4.2	5.8	5.8	5.8	4	5.6	5.6	5.6	1.09	0.44	0.52	0.98	0.65	0.24	0.64	0.52	0.23	0.75	0.34	0.58	0.44	1.08	3.08	1.14	0.67	0.68	0.75	6.06	7.1	0	6.69	2.7	3.19	6.01	3.99	1.47	3.93	3.19	1.41	4.6	2.09	2.7	18.9	6.99	4.12	4.17	4.6	0.98	0.4	0.47	0.88	0.59	0.22	0.58	0.47	0.21	0.67	0.31	0.52	0.4	0.14	1.25	3.23	28.86	0.72	0	58	0.52	0	0	0	0.44	0.55	0.42	0.47	0.03	0.04	0.54	0.41	0.2	16.28	103.5	3	0.3	44.1	0.06	0	0.3	1.51	105.2	21.9	8	4.1	19.52	0	0	267	0	26.8	0.05	1698	707	3	0	0	0	0	61	90	80	64	53	85	80	85	50	61	47	59	85	95	70	85	90	90	90	90	0	30	0	30	53.8	14.7	2.6	2457	34.06	18.07	17.01	18.07	90	90	90	90	90	90	90	90	90	90	90	90	0.19	0.01	0.15	2.05	0.17	0	0	0	0	0.66	0.46	2.15	0.18	2.27	0.74	0	800	62	5	0	0	0	20	14	65	0	284.1	50	0	0	0	2.6	0	0	0	0	0	0	0	0	0	61	90	90	90	90	90	90	90	90	90	90	90	90	90	61	90	90	90	90	90	90	90	90	90	90	90	90	90	0.98	0.4	0.47	0.88	0.59	0.22	0.58	0.47	0.21	0.67	0.31	0.4	0.98	0.4	0.47	0.88	0.59	0.22	0.58	0.47	0.21	0.67	0.31	0.4	338
31610	Wheat. flour	0.1	87.7	12.3	12.7	1.8	1.3	1.3	70.6	10	6	71.9	58.9	3	4	16	3800	3040	3040	3040	3040			2926	3192	3192	3192	2546	2964	2964	2964	2988	7.2	10.1	10.1	7.5			5.2	7.8	7.8	7.8	4.7	7.2	7.2	7.2	0.6	0.21	0.33	0.6	0.27	0.13	0.54	0.27	0.13	0.4	0.25	0.38	0.32	0.86	2.95	0.4	0.31	0.43	0.27	3.48	4.93	0	4.71	1.65	2.59	4.71	2.12	1.02	4.24	2.12	1.02	3.14	1.96	2.51	23.17	3.14	2.44	3.38	2.12	0.54	0.19	0.3	0.54	0.24	0.12	0.49	0.24	0.12	0.36	0.23	0.34	0.29	0.1	0.4	7.51	30.07	0.24	0	61	0.15	0	0	0	0.13	0.16	0.12	0.14	0.01	0.07	0.4	0.03	0.25	15.52	24.4	3.71	0.3	53.1	0.06	0	0.08	0.66	12.5	22.72	4.54	1.36	6.36	0	0	167	0	18.61	0.05	1000	238	3	0	0	0	0	79	90	77	80	78	85	80	85	77	84	67	78	85	95	70	85	90	90	90	90	0	30	0	30	69.3	11.5	1.3	3040	56.04	50.02	47.08	50.02	90	90	90	90	90	90	90	90	90	90	90	90	0.19	0.01	0.15	0.5	0.18	0	0	0	0	0.34	0.35	1.01	0.19	0.56	0.39	0	600	28.73	10	0	0	0	19.56	20.28	58	0	284.1	50	0	0	0	0.9	0	0	0	0	0	0	0	0	0	80	90	90	90	90	90	90	90	90	90	90	90	90	90	80	90	96	96	94	95	92	95	96	90	91	92	91	94	0.54	0.19	0.3	0.54	0.24	0.12	0.49	0.24	0.12	0.36	0.23	0.29	0.58	0.2	0.31	0.57	0.25	0.12	0.52	0.24	0.12	0.37	0.23	0.3	775
31611	Buckwheat. grain	0.1	88	12	11	2.5	11	2.1	61.4	13	4	72.4	56.4	3	9	16	3795	2885	2885	2885	2885			2733	3074	3074	3074	2391	2847	2847	2847	2846	6.6	9.4	9.4	6.9			4.9	7.6	7.6	7.6	4.4	7	7	7	1.13	0.26	0.35	0.53	0.6	0.18	0.44	0.44	0.18	0.53	0.2	0.38	0.29	0.73	1.78	0.61	0.5	0.46	1.2	4.64	5.04	0	10.27	2.36	3.18	4.82	5.46	1.64	4	4	1.64	4.82	1.82	2.64	16.18	5.55	4.55	4.18	10.91	0.87	0.2	0.27	0.41	0.46	0.14	0.34	0.34	0.14	0.41	0.15	0.29	0.22	0.1	0.4	4.76	19.04	0.2	0	50	0.19	0	0	0	0.16	0.19	0.15	0.17	0.01	0.07	0.45	0.12	0.14	6	78	40	0.2	31	0.06	0	0.1	0.5	18.4	11.6	4.16	4.8	3.75	0	0	167	0	9.68	0.05	442	195	0.4	0	0	0	0	76	77	80	76	76	85	80	85	72	81	63	75	85	95	70	85	90	90	90	90	0	30	0	30	66.9	8.5	2	2885	55.02	47.94	45.12	47.94	77	77	77	77	77	77	77	77	77	77	77	77	0.19	0.01	0.15	1.55	0.13	0	0	0	0	0.5	0.35	1.63	0.14	1.72	0.56	0	1065	62	5	0	0	0	20	14	65	0	284.1	50	0	0	0	0.7	0	0	0	0	0	0	0	0	0	76	77	77	77	77	77	77	77	77	77	77	77	77	77	76	77	77	77	77	77	77	77	77	77	77	77	77	77	0.87	0.2	0.27	0.41	0.46	0.14	0.34	0.34	0.14	0.41	0.15	0.22	0.87	0.2	0.27	0.41	0.46	0.14	0.34	0.34	0.14	0.41	0.15	0.22	340
31612	Wheat. grain. hard red winter 13.8. 2.1	0.1	88.5	11.5	13.1	2.1	3.1	2.1	68.2	13.9	3.6	71.3	54.2	3.2	10.3	16	3829	2833	2833	2833	2833			2642	2987	2987	2987	2297	2757	2757	2757	2793	6.4	9.1	9.1	6.7			4.7	7.4	7.4	7.4	4.3	6.8	6.8	6.8	0.55	0.21	0.42	0.71	0.29	0.17	0.63	0.34	0.13	0.5	0.23	0.4	0.41	1.04	3.45	0.77	0.5	0.57	0.5	3.95	6.43	0	4.21	1.61	3.21	5.43	2.22	1.3	4.82	2.6	0.99	3.82	1.76	3.14	26.38	5.89	3.82	4.36	3.82	0.37	0.14	0.28	0.48	0.19	0.11	0.42	0.23	0.09	0.33	0.15	0.27	0.27	0.07	0.36	3.41	17.56	0.24	0	67	0.11	0	0	0	0.09	0.13	0.09	0.1	0.02	0.07	0.43	0.12	0.14	6	78	40	0.2	50	0.06	0	0.11	0.39	52	10.53	3.3	1.37	4.53	0	0	100	0	16	0.05	890	235	0.4	0	0	0	0	73	67	80	74	75	85	80	85	69	78	60	72	85	95	70	85	90	90	90	90	0	30	0	30	64.6	8.8	1.7	2833	53.45	46.04	43.34	46.04	67	67	67	67	67	67	67	67	67	67	67	67	0.19	0.01	0.15	1.3	0.11	0	0	0	0	0.42	0.29	1.37	0.12	1.45	0.47	0	800	62	5	0	0	0	20	14	65	0	284.1	50	0	0	0	0.9	0	0	0	10	0	0	0	0	0	74	67	88	90	89	90	81	89	91	83	88	86	91	90	74	67	88	90	89	90	81	89	91	83	88	86	91	90	0.48	0.19	0.37	0.64	0.23	0.15	0.57	0.28	0.11	0.43	0.21	0.37	0.48	0.19	0.37	0.64	0.23	0.15	0.57	0.28	0.11	0.43	0.21	0.37	604
31613	Wheat. Chile	0.1	90.8	9.2	11.5	1	4	1.5	72.8	13.9	3.6	76.8	59.7	3.2	10.3	16	3862	2858	2858	2858	2858			2704	3051	3051	3051	2317	2820	2820	2820	2823	6.2	9.2	9.2	6.5			4.6	7.5	7.5	7.5	4	6.9	6.9	6.9	0.5	0.3	0.5	0.9	0.3	0.1	0.7	0.3	0.13	0.6	0.23	0.33	0.3	1	3.45	0.77	0.5	0.57	0.5	4.33	6.32	0	4.35	2.61	4.35	7.83	2.61	0.87	6.09	2.61	1.13	5.22	2	2.61	30	6.7	4.35	4.96	4.35	0.33	0.2	0.33	0.6	0.2	0.07	0.47	0.2	0.09	0.4	0.15	0.22	0.2	0.04	0.32	2.66	21.33	0.21	0	67	0.1	0	0	0	0.08	0.12	0.08	0.09	0.02	0.07	0.54	0.12	0.12	12	50	33	0.2	50	0.06	0	0.11	0.39	52	10.53	3.3	1.37	4.53	0	0	100	0	14	0.05	890	209	0.4	0	0	0	0	74	67	80	74	75	85	80	85	70	79	60	73	85	95	70	85	90	90	90	90	0	30	0	30	67.2	7.7	0.8	2858	57.6	50.75	47.76	50.75	67	67	67	67	67	67	67	67	67	67	67	67	0.19	0.01	0.15	0.15	0.29	0	0	0	0	0.2	0.14	0.65	0.32	0.17	0.22	0	800	15	29	0	0	0	20	14	65	0	284.1	50	0	0	0	0.8	0	0	0	10	0	0	0	0	0	74	67	88	90	89	90	81	89	91	83	88	86	91	90	74	67	88	90	89	90	81	89	91	83	88	86	91	90	0.44	0.27	0.45	0.81	0.24	0.09	0.64	0.25	0.11	0.52	0.21	0.27	0.44	0.27	0.45	0.81	0.24	0.09	0.64	0.25	0.11	0.52	0.21	0.27	420
31614	Wheat. millrun	0.1	88.6	11.4	17	4.1	8.5	5.4	53.6	33	12	62.1	26.1	3	21	16	3865	2435	2435	2435	2435			1971	2319	2319	2319	1816	2242	2242	2242	2382	5.7	7.1	7.1	5.9			4.2	5.9	5.9	5.9	4	5.6	5.6	5.6	1.14	0.46	0.54	1.02	0.68	0.26	0.66	0.54	0.24	0.78	0.36	0.62	0.46	1.12	3.21	1.19	0.53	0.71	0.78	6.32	7.24	0	6.71	2.71	3.18	6	4	1.53	3.88	3.18	1.41	4.59	2.12	2.71	18.88	7	3.12	4.18	4.59	0.77	0.31	0.37	0.69	0.46	0.18	0.45	0.37	0.16	0.53	0.24	0.42	0.31	0.1	0.92	1.85	17.03	0.56	0	61	0.35	0	0	0	0.29	0.38	0.28	0.32	0.02	0.1	0.54	0.36	0.2	11.01	58	120	0.3	70	0.06	0	0.1	0.5	70	16	5	2	15	0	0	100	0	8.2	0.05	1005	547	3	0	0	0	0	60	68	80	63	58	85	80	85	51	60	47	58	85	95	70	85	90	90	90	90	0	30	0	30	53.2	11.6	3.3	2435	36.04	22.21	20.9	22.21	68	68	68	68	68	68	68	68	68	68	68	68	0.19	0.01	0.15	2.54	0.21	0	0	0	0	0.82	0.57	2.67	0.23	2.82	0.93	0	817	62	5	0	0	0	20	14	65	0	284.1	50	0	0	0	2	0	0	0	5	0	0	0	0	0	61	68	68	68	68	68	68	68	68	68	68	68	68	68	61	68	68	68	68	68	68	68	68	68	68	68	68	68	0.78	0.31	0.37	0.69	0.46	0.18	0.45	0.37	0.16	0.53	0.24	0.31	0.78	0.31	0.37	0.69	0.46	0.18	0.45	0.37	0.16	0.53	0.24	0.31	420
31615	Wheat. red dog 15.3. 3.3	0.1	88	12	15.3	3.3	2.6	2.2	64.6	18.7	4.3	67.2	45.5	3	14.4	16	3901	2847	2847	2847	2847			2574	2964	2964	2964	2301	2769	2769	2769	2793	6.8	9.1	9.1	7.1			5	7.3	7.3	7.3	4.6	6.9	6.9	6.9	1.03	0.41	0.49	0.92	0.61	0.23	0.6	0.49	0.21	0.7	0.32	0.55	0.41	1.01	2.89	1.07	0.49	0.64	0.7	5.69	6.52	0	6.73	2.68	3.2	6.01	3.99	1.5	3.92	3.2	1.37	4.58	2.09	2.68	18.89	6.99	3.21	4.18	4.58	0.79	0.32	0.38	0.71	0.47	0.18	0.46	0.38	0.16	0.54	0.25	0.42	0.32	0.07	0.5	3.18	22.72	0.3	0	61	0.19	0	0	0	0.16	0.21	0.15	0.17	0.02	0.04	0.43	0.16	0.14	6	46	55	0.2	65	0.06	0	0.1	0.82	46	13.3	5.4	2.2	21.85	0	0	100	0	27.84	0.05	1455	297	3	0	0	0	0	72	77	80	73	71	85	80	85	66	76	59	71	85	95	70	85	90	90	90	90	0	30	0	30	63.4	11.8	2.6	2847	47.71	38.68	36.4	38.68	77	77	77	77	77	77	77	77	77	77	77	77	0.19	0.01	0.15	2.05	0.17	0	0	0	0	0.66	0.46	2.15	0.18	2.27	0.74	0	800	62	5	0	0	0	20	14	65	0	284.1	50	0	0	0	1.1	0	0	0	5	0	0	0	0	0	72	77	77	77	77	77	77	77	77	77	77	77	77	77	72	77	77	77	77	77	77	77	77	77	77	77	77	77	0.79	0.32	0.38	0.71	0.47	0.18	0.46	0.38	0.16	0.54	0.25	0.32	0.79	0.32	0.38	0.71	0.47	0.18	0.46	0.38	0.16	0.54	0.25	0.32	604
31616	Wheat. screenings 15.2. 2.4	0.1	88.2	11.8	15.2	2.4	4.4	4.4	61.8	15.5	4.6	66.2	47.7	3	10.9	16	3772	2791	2791	2791	2791			2602	2904	2904	2904	2301	2715	2715	2715	2737	6.6	9	9	6.9			4.9	7.1	7.1	7.1	4.4	6.7	6.7	6.7	1.02	0.41	0.49	0.91	0.61	0.23	0.59	0.49	0.21	0.7	0.32	0.55	0.41	1	2.87	1.06	0.49	0.64	0.7	5.66	6.49	0	6.71	2.7	3.22	5.99	4.01	1.51	3.88	3.22	1.38	4.61	2.11	2.7	18.88	6.97	3.21	4.21	4.61	0.79	0.32	0.38	0.7	0.47	0.18	0.45	0.38	0.16	0.54	0.25	0.42	0.32	0.18	0.43	4.09	9.77	0.26	0	61	0.16	0	0	0	0.13	0.18	0.13	0.15	0.02	0.04	0.5	0.5	0.2	15.4	44.6	50	0.3	21.8	0.06	0	0.1	2	235.1	32.6	3.5	3.5	8.9	0	0	100	0	9.01	0.05	1110	256	0.4	0	0	0	0	73	77	75	74	73	85	80	85	69	77	61	72	85	95	70	85	90	90	90	90	0	30	0	30	64.4	11.7	1.8	2791	48.33	40.55	38.16	40.55	77	77	77	77	77	77	77	77	77	77	77	77	0.19	0.01	0.15	1.49	0.12	0	0	0	0	0.48	0.34	1.56	0.13	1.65	0.54	0	1000	62	5	0	0	0	20	14	65	0	284.1	50	0	0	0	0.9	0	0	0	5	0	0	0	0	0	73	77	77	77	77	77	77	77	77	77	77	77	77	77	73	77	77	77	77	77	77	77	77	77	77	77	77	77	0.79	0.32	0.38	0.7	0.47	0.18	0.45	0.38	0.16	0.54	0.25	0.32	0.79	0.32	0.38	0.7	0.47	0.18	0.45	0.38	0.16	0.54	0.25	0.32	420
31617	Wheat pollard	0.1	90	10	16.1	4	7	3.6	59.3	40	14	66.3	8	7	37.3	17	3975	2067	2067	2067	2067			1510	2027	2027	2027	1471	1987	1987	1987	2010	4.8	5.5	5.5	5.1			3.6	5.1	5.1	5.1	3.5	5	5	5	1.08	0.43	0.52	0.97	0.64	0.24	0.63	0.52	0.23	0.74	0.34	0.58	0.43	1.06	3.04	1.13	0.81	0.68	0.74	6	7.17	0	6.71	2.67	3.23	6.03	3.98	1.49	3.91	3.23	1.43	4.6	2.11	2.67	18.88	7.02	5.03	4.22	4.6	0.83	0.33	0.4	0.75	0.49	0.18	0.49	0.4	0.18	0.57	0.26	0.45	0.33	0.1	0.7	2.77	19.44	0.43	0	61	0.27	0	0	0	0.23	0.29	0.22	0.25	0.01	0.06	0.1	0.46	0.2	14	157	113	0.27	89	0.06	0	0.37	1.77	196.7	27.9	10.33	3.6	8.36	0	0	267	0	10.5	0.05	1201	416	1	0	0	0	0	49	77	80	52	40	85	80	85	38	51	37	50	85	95	70	85	90	90	90	90	0	30	0	30	44.1	12.4	3.2	2067	26.52	6.8	6.4	6.8	77	77	77	77	77	77	77	77	77	77	77	77	0.19	0.01	0.15	2.48	0.2	0	0	0	0	0.8	0.56	2.6	0.22	2.76	0.9	0	1697	62	5	0	0	0	20	14	65	0	284.1	50	0	0	0	1.5	0	0	0.3	0	0	0	0	0	0	55	77	87	82	76	78	71	79	81	70	74	75	77	80	55	77	87	82	76	78	71	79	81	70	74	75	77	80	0.94	0.35	0.4	0.76	0.45	0.19	0.51	0.36	0.17	0.55	0.26	0.34	0.94	0.35	0.4	0.76	0.45	0.19	0.51	0.36	0.17	0.55	0.26	0.34	420
31618	Wheat middlings. ADM	0.1	89	11	14.5	4.2	8.5	5	56.8	33	13	65.3	31.6	3	17.8	16	3862	2626	2626	2626	2626			2202	2549	2549	2549	2008	2395	2395	2395	2566	6.2	7.8	7.8	6.4			4.5	6.3	6.3	6.3	4.2	6	6	6	1.15	0.33	0.53	0.87	0.64	0.25	0.59	0.52	0.21	0.78	0.36	0.61	0.43	1.02	2.75	1.11	0.78	0.6	0.7	5.87	6.73	0	7.93	2.28	3.66	6	4.41	1.72	4.07	3.59	1.45	5.38	2.48	2.97	18.97	7.66	5.38	4.14	4.83	1.03	0.3	0.48	0.78	0.58	0.22	0.53	0.47	0.19	0.7	0.32	0.55	0.39	0.12	0.93	2.4	18.6	0.57	0	61	0.36	0	0	0	0.3	0.39	0.29	0.33	0.2	0.04	0.1	0.41	0.17	10	84	100	0.33	92	0.06	0	0.33	0.91	79.67	16.33	8.67	1.87	15.73	0	0	267	0	15.86	0.05	1207	776	3	0	0	0	0	66	90	65	68	62	85	80	85	57	66	52	62	85	95	70	85	90	90	90	90	0	30	0	30	58.7	13.1	2.7	2626	40.49	26.82	25.24	26.82	90	90	90	90	90	90	90	90	90	90	90	90	0.19	0.01	0.15	2.14	0.29	0	0	0	0	0.63	0.97	2.43	0.32	2.38	0.95	0	900	51	6.8	0	0	0	15.1	23.2	57.8	0	1064	57	153	0	15	2	0	0	0	5	0	0	0	0	0	85	85	85	85	85	85	85	85	85	85	85	85	85	85	85	85	86	85	78	79	72	77	81	65	71	75	73	79	0.98	0.28	0.45	0.74	0.54	0.21	0.5	0.44	0.18	0.66	0.31	0.37	0.99	0.28	0.41	0.69	0.46	0.19	0.48	0.34	0.15	0.58	0.26	0.34	357
31619	Wheat. whole. Ukraine	0.1	95.4	4.6	10.2	2	4.1	4.9	74.2	13	4	78.4	62.4	3	9	17	3944	2997	2997	2997	2997			2839	3234	3234	3234	2484	2958	2958	2958	2961	6.7	9.8	9.8	7.1			5	8	8	8	4.4	7.3	7.3	7.3	0.68	0.27	0.32	0.61	0.41	0.15	0.4	0.32	0.14	0.47	0.21	0.36	0.27	0.67	1.92	0.71	0.51	0.43	0.47	3.77	4.52	0	6.7	2.66	3.15	6.01	4.04	1.48	3.94	3.15	1.38	4.63	2.07	2.66	18.92	7	5.03	4.24	4.63	0.52	0.21	0.25	0.47	0.32	0.12	0.31	0.25	0.11	0.36	0.16	0.28	0.21	0.14	0.95	2.86	19.42	0.58	0	61	0.37	0	0	0	0.31	0.4	0.3	0.34	0.01	0.06	0.43	0.46	0.2	14	157	113	0.27	89	0.05	0	0.37	1.77	196.7	27.9	10.33	3.6	8.36	0	0	267	0	10.5	0.05	1201	565	1	0	0	0	0	75	77	80	76	76	85	80	85	72	82	63	75	85	95	70	85	90	90	90	90	0	30	0	30	71.6	7.8	1.6	2997	59.55	53	49.88	53	77	77	77	77	77	77	77	77	77	77	77	77	0.19	0.01	0.15	1.25	0.1	0	0	0	0	0.4	0.28	1.31	0.11	1.38	0.45	0	1697	62	5	0	0	0	20	14	65	0	284.1	50	0	0	0	2.1	0	0	0.3	0	0	0	0	0	0	55	77	87	82	76	78	81	89	91	83	88	86	91	90	74	67	87	82	76	78	81	89	91	83	88	86	91	90	0.59	0.22	0.24	0.48	0.33	0.13	0.36	0.27	0.12	0.4	0.19	0.24	0.59	0.22	0.24	0.48	0.33	0.13	0.36	0.27	0.12	0.4	0.19	0.24	412
31620	Wheat. whole. Australia	0.1	95	5	10	2.1	3.9	4.3	74.7	13	4	78.6	62.6	3	9	17	3956	3006	3006	3006	3006			2848	3244	3244	3244	2492	2967	2967	2967	2971	6.7	9.9	9.9	7.1			5	8	8	8	4.5	7.4	7.4	7.4	0.67	0.27	0.32	0.6	0.4	0.15	0.39	0.32	0.14	0.46	0.21	0.36	0.27	0.66	1.89	0.7	0.5	0.42	0.46	3.72	4.45	0	6.69	2.7	3.2	5.99	4	1.5	3.9	3.2	1.4	4.6	2.1	2.7	18.88	6.99	5	4.2	4.6	0.52	0.21	0.25	0.46	0.31	0.12	0.3	0.25	0.11	0.35	0.16	0.28	0.21	0.12	0.83	2.82	19.52	0.51	0	61	0.32	0	0	0	0.27	0.35	0.26	0.29	0.01	0.06	0.39	0.46	0.2	14	157	113	0.27	89	0.05	0	0.37	1.77	196.7	27.9	10.33	3.6	8.36	0	0	267	0	10.5	0.05	1201	493	1	0	0	0	0	75	77	80	76	76	85	80	85	72	82	63	75	85	95	70	85	90	90	90	90	0	30	0	30	71.3	7.7	1.7	3006	59.75	53.23	50.1	53.23	77	77	77	77	77	77	77	77	77	77	77	77	0.19	0.01	0.15	1.31	0.11	0	0	0	0	0.42	0.3	1.38	0.12	1.46	0.48	0	1697	62	5	0	0	0	20	14	65	0	68	41	68	0	0	1.8	0	0	0.3	0	0	0	0	0	0	55	77	87	82	76	78	81	89	91	83	88	86	91	90	74	67	87	82	76	78	81	89	91	83	88	86	91	90	0.58	0.22	0.24	0.47	0.32	0.13	0.35	0.27	0.12	0.4	0.19	0.24	0.58	0.22	0.24	0.47	0.32	0.13	0.35	0.27	0.12	0.4	0.19	0.24	541
31621	Wheat flour. Trigo 30. Indonesia	0.1	87.2	12.8	12.7	3.3	1.3	1.6	68.3	0	0	69.6	37.8	3	28.8	16	3853	2273	2273	2273	2273			2312	2813	2813	2813	2081	2658	2658	2658	2221	6.4	8.2	8.2	6.5			4.6	7.1	7.1	7.1	4.3	6.7	6.7	6.7	0.6	0.21	0.33	0.6	0.27	0.13	0.54	0.27	0.13	0.4	0.25	0.38	0.32	0.86	2.95	0.4	0.31	0.43	0.27	3.48	4.93	0	4.72	1.65	2.6	4.72	2.13	1.02	4.25	2.13	1.02	3.15	1.97	2.52	23.23	3.15	2.44	3.39	2.13	0.54	0.19	0.3	0.54	0.24	0.12	0.49	0.24	0.12	0.36	0.23	0.34	0.29	0.1	0.4	6.25	25	0.2	0	50	0.2	0	0	0	0.17	0.2	0.16	0.18	0.01	0.07	0.13	0.03	0.25	15.52	24.4	3.71	0.3	53.1	0.06	0	0.08	0.66	12.5	22.72	4.54	1.36	6.36	0	0	167	0	18.61	0.05	1000	20	3	0	0	0	0	56	90	85	59	49	85	85	85	60	73	54	69	85	95	70	85	90	90	90	90	0	30	0	30	48.8	11.4	2.8	2273	34.1	32.13	32.13	32.13	90	90	90	90	90	90	90	90	90	90	90	90	0.19	0.01	0.15	0.17	0.33	0	0	0	0	0.65	0.67	1.91	0.37	0.18	0.74	0	0	5	10	0	0	0	19.56	20.28	58	2.6	300	53	311	0	0	0.1	0	0	0	0	0	0.1	0	0	0	80	90	90	90	90	90	90	90	90	90	90	90	90	90	80	90	96	96	94	95	92	95	96	90	91	92	91	94	0.54	0.19	0.3	0.54	0.24	0.12	0.49	0.24	0.12	0.36	0.23	0.29	0.58	0.2	0.31	0.57	0.25	0.12	0.52	0.24	0.12	0.37	0.23	0.3	775
31622	Wheat	0.1	89.6	10.4	11.5	2	4.2	1.3	70.6	13.9	3.6	74.8	57.7	3.2	10.3	16	3874	2867	2867	2867	2867			2712	3061	3061	3061	2325	2828	2828	2828	2832	6.4	9.3	9.3	6.7			4.7	7.6	7.6	7.6	4.2	7	7	7	0.5	0.3	0.5	0.9	0.3	0.1	0.7	0.3	0.13	0.6	0.23	0.33	1.3	2	3.45	0.77	0.5	0.57	0.5	4.33	7.32	1	4.35	2.61	4.35	7.83	2.61	0.87	6.09	2.61	1.13	5.22	2	11.3	30	6.7	4.35	4.96	4.35	0.33	0.2	0.33	0.6	0.2	0.07	0.47	0.2	0.09	0.4	0.15	0.22	0.87	0.04	0.32	3.03	24.24	0.21	0	67	0.1	0	0	0	0.08	0.12	0.08	0.09	0.02	0.07	0.56	0.12	0.12	12	50	33	0.2	50	0.06	0	0.11	0.39	52	10.53	3.3	1.37	4.53	0	0	100	0	14	0.05	890	209	0.4	0	0	0	0	74	67	80	74	75	85	80	85	70	79	60	73	85	95	70	85	90	90	90	90	0	30	0	30	66.3	7.7	1.6	2867	56.11	49.05	46.17	49.05	67	67	67	67	67	67	67	67	67	67	67	67	0.19	0.01	0.15	0.3	0.58	0	0	0	0	0.4	0.28	1.29	0.64	0.33	0.45	0	800	15	29	0	0	0	20	14	65	0	284.1	50	0	0	0	0.8	0	0	0	10	0	0	0	0	0	74	67	88	90	89	90	81	89	91	83	88	86	91	90	74	67	88	90	89	90	81	89	91	83	88	86	91	90	0.44	0.27	0.45	0.81	0.24	0.09	0.64	0.25	0.11	0.52	0.21	1.17	0.44	0.27	0.45	0.81	0.24	0.09	0.64	0.25	0.11	0.52	0.21	1.17	604
31660	Triticale. grain	0.15	89.1	10.9	12.4	1.5	2.6	1.6	71	14.6	3.7	73.6	55.3	3.7	10.9	16	3829	2910	2910	2910	2910			2719	3063	3063	3063	2374	2833	2833	2833	2865	6.5	9.4	9.4	6.9			4.8	7.5	7.5	7.5	4.3	7	7	7	0.55	0.35	0.6	0.6	0.4	0.23	0.53	0.37	0.14	0.49	0.38	0.61	0.36	0.89	3.19	0.75	0.52	0.56	0.51	4.26	6.27	0	4.45	2.83	4.85	4.85	3.23	1.86	4.29	2.99	1.13	3.96	3.07	2.91	25.79	6.06	4.2	4.53	4.12	0.43	0.28	0.47	0.47	0.32	0.18	0.42	0.29	0.11	0.39	0.3	0.48	0.28	0.07	0.39	4.26	23.78	0.24	0	61	0.15	0	0	0	0.13	0.16	0.12	0.14	0.01	0.06	0.49	0.12	0.5	6	39	24	0.31	27	0.06	0	0.05	0.6	14.7	6.8	4.21	2.3	8.25	0	0	167	0	1.62	0.05	458	232	1	0	0	0	0	75	79	84	76	75	85	80	85	71	80	62	74	85	95	70	85	90	90	90	90	0	30	0	30	66.8	9.8	1.3	2910	55.2	47.01	44.24	47.01	79	79	79	79	79	79	79	79	79	79	79	79	0.2	0	0.02	0.95	0.1	0	0	0	0	0.28	0.15	1.05	0.11	1.05	0.34	0	100	62.8	6.7	0	0	0	18.6	10	69.5	10	380	57	100	0	0	0.8	0	0	0	0	0	0	0	0	0	75	79	88	84	84	86	81	89	85	76	88	84	87	83	75	79	88	81	86	85	82	91	81	77	84	80	83	81	0.48	0.29	0.5	0.52	0.32	0.2	0.45	0.28	0.12	0.41	0.33	0.3	0.48	0.28	0.52	0.51	0.33	0.21	0.43	0.28	0.12	0.39	0.32	0.29	1000
40105	Bacterial single cell protein	1.5	94.6	5.4	71.8	5.5	0.8	10.1	6.3	5	2	7.1	1.2	1	3	20	4854	4223	4223	4223	4223			4126	4175	4175	4175	4126	4175	4175	4175	3930	15.9	16	16	16			10.8	9.7	9.7	9.7	10.8	9.7	9.7	9.7	1.82	1.62	3.66	6.29	4.18	1.5	3.72	3.3	2.83	4.7	0.55	2.05	4.01	7.73	10.63	8.81	4.03	3.76	6.29	33.62	38.08	0	2.54	2.26	5.1	8.77	5.83	2.09	5.18	4.6	3.94	6.55	0.77	5.59	14.81	12.28	5.62	5.24	8.77	1.63	1.45	3.27	5.62	3.74	1.34	3.33	2.95	2.53	4.2	0.49	1.83	3.58	1.52	2.33	15	23	1.4	0	60	0.93	0	0	0	0.78	1	0.74	0.85	0.3	0.8	0.1	0.2	0.78	39.43	182.74	33.66	1	0.7	0.05	1.89	1.3	18	140	150	20	20	28	42	0	0	0	37.22	0.05	2000	1363	5	0	0	0	0	82	89	91	87	50	85	80	85	85	86	85	86	85	95	70	85	90	90	90	90	0	30	0	30	77.5	63.9	5	4223	3.57	0.98	0.92	0.98	89	89	89	89	89	89	89	89	89	89	89	89	0.87	0.3	2.44	0.16	1	0	0	0	0	3.07	0.47	1.87	1.11	0.18	2.32	0	0	2.9	18.07	0	0	0	55.55	8.56	33.89	23	0	0	0	0	0	5	0	0	0	0	0	0	0	0	0	82	89	89	89	89	89	89	89	89	89	89	89	89	89	82	89	89	89	89	89	89	89	89	89	89	89	89	89	1.62	1.44	3.26	5.6	3.72	1.33	3.31	2.94	2.52	4.18	0.49	3.57	1.62	1.44	3.26	5.6	3.72	1.33	3.31	2.94	2.52	4.18	0.49	3.57	1000
40106	Bacterial protein meal. dried. Dansk Bioprotein	1.5	98.6	1.4	68.1	10.4	0	8	12.1	0	0	12.1	0	0	12.1	22	5301	3870	3870	3870	3870			3870	4029	4029	4029	3870	4029	4029	4029	3626	15.2	15.2	15.2	15.2			10.6	9.9	9.9	9.9	10.6	9.9	9.9	9.9	3.81	1.29	2.72	5.04	3.47	1.5	3	2.79	1.29	3.75	0.54	2.04	2.25	5.25	6.54	5.52	3.13	2.38	4.43	28.66	24.79	0	5.6	1.89	3.99	7.4	5.1	2.2	4.41	4.1	1.89	5.51	0.79	3.3	9.6	8.11	4.6	3.5	6.51	3.24	1.1	2.31	4.28	2.95	1.28	2.55	2.37	1.1	3.19	0.46	1.73	1.91	2	1	25	12.5	0	0	0	1	0	0	0	0.84	0.85	0.8	0.84	0.34	1	0.02	0.29	0.7	10.8	237	158	0.12	122.4	0	0.02	0.1	0.2	27.2	2.8	2	2	0.35	0.01	0	0	600	0.74	0.5	818	50	0	0	0	0	0	67	78	90	73	0	85	85	85	73	76	73	76	85	95	70	85	90	90	90	90	0	30	0	30	66.1	53.1	9.4	3870	0	0	0	0	85	85	85	85	85	85	85	85	85	85	85	85	0.87	0.3	2.44	0	0	0	0	0	0	5.78	0.89	3.52	0	0	2.49	0	0	0	0	0	0	0	55.55	8.56	33.89	0	0	0	0	0	0	0	0	0	0	0	0	0	0	0	0	85	85	85	85	85	85	85	85	85	85	85	85	85	85	85	85	85	85	85	85	85	85	85	85	85	85	85	85	3.24	1.1	2.31	4.28	2.95	1.28	2.55	2.37	1.1	3.19	0.46	1.91	3.24	1.1	2.31	4.28	2.95	1.28	2.55	2.37	1.1	3.19	0.46	1.91	1000
40108	Single cell bacterial protein. BioProtein. Norferm	1.5	93.5	6.5	69.5	8.1	0	6.2	9.7	0	0	9.7	0	0	9.7	21	5069	4055	4055	4055	4055			4055	4157	4157	4157	4055	4157	4157	4157	3784	15.8	15.8	15.8	15.8			10.9	10	10	10	10.9	10	10	10	3.93	1.24	2.48	4.35	3.15	1.52	2.32	2.79	0.76	3.22	0.38	1.9	1.97	4.29	6.1	4.78	2.56	2.11	3.71	25.76	21.61	0	5.66	1.78	3.57	6.26	4.53	2.19	3.34	4.01	1.09	4.63	0.55	2.84	8.78	6.88	3.68	3.04	5.34	3.63	1.08	2.15	3.79	2.91	1.34	1.97	2.4	0.57	2.83	0.27	1.61	1.68	2	1.59	32.25	25.64	0	0	0	1.58	0	0	0	1.33	1.34	1.26	1.33	0.34	1	0.02	0.3	0.7	87.9	341	3	0.2	120	0	0	0	1	55	150	20	20	28	42	0	0	0	37.22	0.05	2000	0	0	0	0	0	0	75	85	95	80	0	85	85	85	80	82	80	82	85	95	70	85	90	90	90	90	0	30	0	30	70.1	59.1	7.7	4055	0	0	0	0	92	87	87	87	92	88	85	86	76	88	72	85	0.87	0.3	2.44	1.51	0.41	0	0	0	0	4.5	0.69	2.75	0.45	1.68	1.94	0	0	18.7	5	0	0	0	55.55	8.56	33.89	0	0	0	0	0	0	0	0	0	0	0	0	0	0	0	0	85	85	85	85	85	85	85	85	85	85	85	85	85	85	85	85	85	85	85	85	85	85	85	85	85	85	85	85	3.34	1.05	2.11	3.7	2.68	1.29	1.97	2.37	0.65	2.74	0.32	1.67	3.34	1.05	2.11	3.7	2.68	1.29	1.97	2.37	0.65	2.74	0.32	1.67	1000
40109	Bacterial single cell protein. 53% CP	1.5	83.2	16.8	53.4	0.4	0.8	15.4	13.2	0	0	14	1.3	1	11.7	15	3619	3184	3184	3184	3184			2786	2931	2931	2931	2786	2931	2931	2931	2966	10.6	10.7	10.7	10.6			6.9	6.4	6.4	6.4	6.9	6.4	6.4	6.4	1.35	1.21	2.72	4.68	3.11	1.12	2.76	2.46	2.11	3.49	0.55	1.67	4.01	6.77	10.63	5.07	4.03	3.76	6.29	25.01	34.34	0	2.53	2.27	5.09	8.76	5.82	2.1	5.17	4.61	3.95	6.54	1.03	7.51	19.91	9.5	7.55	7.04	11.78	1.21	1.08	2.43	4.18	2.78	1	2.47	2.2	1.89	3.12	0.49	1.49	3.58	2	2.33	13	15.12	0	0	0	2.32	0	0	0	1.95	1.97	1.86	1.95	0.5	1	0.1	0.3	0.78	39.43	182.74	33.66	1	0.7	0.06	1.89	1.3	18	140	150	20	20	28	42	0	0	0	37.22	0.05	2000	1363	5	0	0	0	0	81	89	91	88	85	85	85	85	77	81	77	81	85	95	70	85	90	90	90	90	0	30	0	30	67.4	47.5	0.4	3184	11.9	1.11	1.11	1.11	89	89	89	89	89	89	89	89	89	89	89	89	0.87	0.3	2.44	0.01	0.07	0	0	0	0	0.22	0.03	0.14	0.08	0.01	0.09	0	0	2.9	18.07	0	0	0	55.55	8.56	33.89	23	0	0	0	0	0	5	0	0	0	0	0	0	0	0	0	82	89	89	89	89	89	89	89	89	89	89	89	89	89	82	89	89	89	89	89	89	89	89	89	89	89	89	89	1.2	1.08	2.42	4.17	2.77	1	2.46	2.19	1.88	3.11	0.49	3.57	1.2	1.08	2.42	4.17	2.77	1	2.46	2.19	1.88	3.11	0.49	3.57	1000
40110	Methanotrophic bacterial meal. StringPro. StringBio	1.5	92.6	7.4	78.3	4.2	2.1	6.8	1.2	0	0	3.3	0	0	0	21	4940	4397	4397	4397	4397			4298	4298	4298	4298	4298	4298	4298	4298	4077	16.6	16.6	16.6	16.6			11.1	9.7	9.7	9.7	11.1	9.7	9.7	9.7	4.82	2.08	3.37	5.51	3.22	1.3	2.95	2.84	1.56	2.43	3.8	5.1	2.62	5.57	4.38	4.8	4.11	2.37	4.9	30.08	26.99	0	6.16	2.66	4.3	7.04	4.11	1.66	3.77	3.63	2	3.1	4.86	3.35	5.59	6.13	5.25	3.03	6.26	4.31	1.86	3.01	4.93	2.88	1.16	2.64	2.54	1.4	2.17	3.4	4.56	2.34	1.92	1.03	28	15.12	0	0	0	2.32	0	0	0	1.95	1.97	1.86	1.95	0.3	0.7	0.02	0.11	0.78	39.43	182.74	33.66	1	0.7	0.06	1.89	1.3	18	140	150	20	20	28	42	0	0	0	37.22	0.05	2000	1363	5	0	0	0	0	86	89	91	89	85	85	85	85	87	87	87	87	85	95	70	85	90	90	90	90	0	30	0	30	79.6	69.7	3.8	4397	2.77	0	0	0	89	89	89	89	89	89	89	89	89	89	89	89	0.87	0.3	2.44	0.12	0.76	0	0	0	0	2.34	0.36	1.43	0.85	0.14	0.09	0	0	2.9	18.07	0	0	0	55.55	8.56	33.89	23	0	0	0	0	0	5	0	0	0	0	0	0	0	0	0	82	89	89	89	89	89	89	89	89	89	89	89	89	89	82	89	89	89	89	89	89	89	89	89	89	89	89	89	4.29	1.85	3	4.91	2.86	1.16	2.63	2.53	1.39	2.16	3.39	2.33	4.29	1.85	3	4.91	2.86	1.16	2.63	2.53	1.39	2.16	3.39	2.33	1000
40111	Bacterial protein meal. KnipBio	1.5	96.3	3.7	50.9	0.8	0.5	4.1	40	0	0	40.5	0	0	0	19	4594	4042	4042	4042	4042			2618	2618	2618	2618	2618	2618	2618	2618	3835	10.1	10.1	10.1	10.1			6.6	5.7	5.7	5.7	6.6	5.7	5.7	5.7	3.28	1.13	1.72	3.32	2.5	0.88	2.09	1.97	0.97	2.75	0.34	1.22	1.44	3.53	6.32	4.39	2.52	1.88	3.75	20.6	20.65	0	6.44	2.22	3.38	6.52	4.92	1.73	4.1	3.88	1.9	5.4	0.66	2.84	12.43	8.62	4.96	3.7	7.37	2.93	1.01	1.54	2.97	2.24	0.79	1.86	1.76	0.86	2.46	0.3	1.09	1.29	0.14	0.62	3.5	15.12	0	0	0	2.32	0	0	0	1.95	1.97	1.86	1.95	0.01	0.12	0.02	0.11	0.78	39.43	182.74	33.66	1	0.7	0.06	1.89	1.3	18	140	150	20	20	28	42	0	0	0	37.22	0.05	2000	1363	5	0	0	0	0	86	89	91	88	85	85	85	85	57	57	57	57	85	95	70	85	90	90	90	90	0	30	0	30	82.8	45.3	0.8	4042	34.42	0	0	0	89	89	89	89	89	89	89	89	89	89	89	89	0.87	0.3	2.44	0.02	0.15	0	0	0	0	0.47	0.07	0.28	0.17	0.03	0.09	0	0	2.9	18.07	0	0	0	55.55	8.56	33.89	23	0	0	0	0	0	5	0	0	0	0	0	0	0	0	0	82	89	89	89	89	89	89	89	89	89	89	89	89	89	82	89	89	89	89	89	89	89	89	89	89	89	89	89	2.92	1.01	1.53	2.95	2.23	0.78	1.86	1.76	0.86	2.45	0.3	1.29	2.92	1.01	1.53	2.95	2.23	0.78	1.86	1.76	0.86	2.45	0.3	1.29	1000
40112	Single cell protein. Proton. AerBio	1.5	94	6	68.6	6.4	0	2.6	16.4	0	0	16.4	0	0	7	21	5131	3849	3849	3849	3849			3849	3951	3951	3951	3849	3951	3951	3951	3582	15	15	15	15			10.2	9.3	9.3	9.3	10.2	9.3	9.3	9.3	5.2	1.5	3.13	5.81	4.66	2.03	3.13	3.4	1.04	4.56	0.5	2.53	1.74	4.87	4.81	4.62	4.1	2.75	6.68	34.46	25.2	0	7.58	2.19	4.56	8.48	6.8	2.96	4.56	4.96	1.52	6.65	0.73	2.54	7.01	6.74	5.98	4.01	9.75	4.8	1.31	2.71	5.06	4.31	1.79	2.65	2.92	0.79	4.01	0.36	2.14	1.49	0.84	0.67	32.25	25.64	0	0	0	1.58	0	0	0	1.33	1.34	1.26	1.33	0.01	1	0.02	0.3	0.7	87.9	341	3	0.2	120	0	0	0	1	55	150	20	20	28	42	0	0	0	37.22	0.05	2000	0	0	0	0	0	0	70	85	95	75	0	85	85	85	75	77	75	77	85	95	70	85	90	90	90	90	0	30	0	30	65.8	58.1	6.1	3849	0	0	0	0	92	87	87	87	92	88	85	86	76	88	72	85	0.87	0.3	2.44	12.82	3.43	0	0	0	0	38.09	5.87	23.23	3.81	14.25	1.94	0	0	18.7	5	0	0	0	55.55	8.56	33.89	0	0	0	0	0	0	0	0	0	0	0	0	0	0	0	0	85	85	85	85	85	85	85	85	85	85	85	85	85	85	85	85	85	85	85	85	85	85	85	85	85	85	85	85	4.42	1.28	2.66	4.94	3.96	1.72	1.72	2.66	2.89	0.89	0.43	1.48	4.42	1.28	2.66	4.94	3.96	1.72	1.72	2.66	2.89	0.89	0.43	1.48	1000
40204	Sylpro. forestry by-products Torula yeast. Arbiom	1.5	93	7	60	5	2	7	19	7.2	0.6	21	0	0	20.4	20	4704	3904	3904	3904	3904			3293	3528	3528	3528	3293	3528	3528	3528	3670	12.7	12.7	12.7	12.7			8.6	8.2	8.2	8.2	8.6	8.2	8.2	8.2	2.39	0.91	2.31	3.42	3.45	0.58	2.1	2.35	0.62	2.79	0.49	1.07	1.67	3.77	8.07	4.32	2.27	1.97	3.33	20.92	22.12	0	3.98	1.52	3.85	5.7	5.75	0.97	3.5	3.92	1.03	4.65	0.82	2.78	13.45	7.2	3.78	3.28	5.55	2.03	0.77	1.96	2.91	2.93	0.49	1.79	2	0.53	2.37	0.42	0.91	1.42	0.13	1.78	1.85	25.42	1.07	0	60	0.71	0	0	0	0.6	0.76	0.57	0.65	0.1	0.8	1.6	0.3	0.04	4	30	35	1	25	0.9	0	0	0	0	0	0	0	0	0	0	0	0	0	0	0	0	0	0	0	0	0	79	85	85	83	72	85	85	85	70	75	70	75	85	95	70	85	90	90	90	90	0	30	0	30	73.5	51	4.3	3904	15.12	0	0	0	85	85	85	85	85	85	85	85	85	85	85	85	0.87	0.3	2.44	0	0	0	0	0	0	1.76	1.38	1.75	0	0	1.2	0	0	0	0	0	0	0	35.24	27.68	35.08	0	0	0	0	0	0	3.8	0	0	0	0	0	0	0	0	0	85	85	93	91	90	91	92	90	91	92	85	85	75	90	85	85	93	91	90	91	92	90	91	92	85	85	75	90	2.22	0.83	2.08	3.11	3.17	0.52	1.91	2.16	0.53	2.37	0.37	1.5	2.22	0.83	2.08	3.11	3.17	0.52	1.91	2.16	0.53	2.37	0.37	1.5	1000
40205	Yeast. Brewers yeast. 25% CP	0.6	94	6	25	3	0.5	4	61.5	10	5	62	20	3	34	18	4209	2273	2273	2273	2273			2147	2652	2652	2652	2020	2567	2567	2567	2184	6.7	7.8	7.8	6.9			4.8	6.4	6.4	6.4	4.6	6.2	6.2	6.2	1.74	0.78	1.37	2.23	1.75	0.55	1.25	1.3	0.5	1.5	0.6	1.15	1.1	2.35	4.05	2.67	1.06	1.39	2.14	12.97	13.01	0.01	6.96	3.12	5.48	8.92	7	2.2	5	5.2	2	6	2.4	4.4	16.2	10.68	4.24	5.56	8.56	1.34	0.6	1.06	1.72	1.35	0.42	0.96	1	0.39	1.16	0.46	0.89	0.85	0.2	0.45	5	11.25	0	0	0	0.45	0	0	0	0.38	0.38	0.36	0.38	0.12	0.12	1.95	0.2	0.8	20	80	35	1	100	0.05	0	1.4	20	300	180	15.3	40	100	0	0	0	0	1.49	0	3500	0	5	89	0	0	0	50	77	90	54	37	85	80	85	51	63	48	61	85	95	70	85	90	90	90	90	0	30	0	30	47	19.3	2.7	2273	22.94	17	16	17	77	77	77	77	77	77	77	77	77	77	77	77	0.87	0.3	2.44	0.09	0.1	0	0	0	0	1.74	0.22	0.96	0.11	0.1	1.26	0	0	2.9	3.33	0	0	0	58.1	7.3	32	23	0	0	0	0	0	0	0	0	0	0	0	0	0	0	0	76	77	77	77	77	77	77	77	77	77	77	77	77	77	76	77	84	81	75	76	83	77	74	70	78	73	68	82	1.34	0.6	1.05	1.72	1.35	0.42	0.96	1	0.39	1.16	0.46	0.85	1.46	0.63	1.03	1.69	1.45	0.42	0.93	0.91	0.39	1.1	0.41	0.9	1000
40206	Yeast. Brewer's dried yeast. 45% CP	0.6	92.6	7.5	44.3	1.9	1.8	5.8	38.7	6.2	1.8	40.5	12	2	24.7	18	4324	2637	2637	2637	2637			2594	2940	2940	2940	2508	2854	2854	2854	2481	9	9.6	9.6	9.1			6.1	6.7	6.7	6.7	6	6.6	6.6	6.6	2.4	1.08	2.08	3.2	2.99	0.73	1.91	1.86	0.57	2.25	0.65	1.38	1.5	3.41	6.34	4.23	1.97	1.83	2.95	19.07	19.47	0.01	5.42	2.44	4.7	7.23	6.75	1.65	4.31	4.2	1.29	5.08	1.47	3.39	14.32	9.55	4.45	4.13	6.66	1.85	0.83	1.6	2.47	2.31	0.56	1.47	1.43	0.44	1.73	0.5	1.06	1.16	0.23	0.92	3.93	15.75	0	0	0	0.91	0	0	0	0.76	0.77	0.73	0.76	0.13	0.07	1.95	0.24	1.62	22.1	81.9	5.06	2.86	75.5	0.05	0	0.97	13.4	271	62.5	26.9	28.5	64.2	0	0	0	0	1.56	0	3844	31	5	200	0	0	0	57	77	90	61	34	85	80	85	60	68	58	66	85	95	70	85	90	90	90	90	0	30	0	30	52.8	34.1	1.7	2637	13.77	10.2	9.6	10.2	77	77	77	77	77	77	77	77	77	77	77	77	0.87	0.3	2.44	0.06	0.1	0	0	0	0	1.12	0.14	0.62	0.11	0.06	0.81	0	0	2.9	5.19	0	0	0	58.1	7.3	32	23	0	0	0	0	0	0	0	0	0	0	0	0	0	0	0	76	77	77	77	77	77	77	77	77	77	77	77	77	77	76	77	84	81	75	76	83	77	74	70	78	73	68	82	1.85	0.83	1.6	2.46	2.3	0.56	1.47	1.43	0.44	1.73	0.5	1.16	2.02	0.87	1.56	2.43	2.48	0.56	1.41	1.3	0.44	1.64	0.44	1.23	1000
40207	Yeast. Brewer's dried yeast. 50% CP	0.6	92.5	7.5	51.1	2.3	1.3	6.2	31.6	8.8	2.5	32.9	10.9	1.9	17.6	19	4436	2972	2972	2972	2972			2839	3105	3105	3105	2795	3061	3061	3061	2791	10.2	10.8	10.8	10.3			6.9	7.2	7.2	7.2	6.8	7.1	7.1	7.1	2.67	1.11	2.85	4.76	3.38	0.83	4.07	2.33	0.72	3.4	1.01	1.84	1.65	5.72	6.5	4.69	2.18	2.14	2.64	26.12	20.81	0.01	5.22	2.17	5.57	9.31	6.61	1.62	7.96	4.56	1.41	6.65	1.98	3.24	12.71	9.18	4.25	4.18	5.16	2.06	0.86	2.2	3.67	2.61	0.64	3.14	1.8	0.56	2.62	0.78	1.42	1.28	0.3	1.32	4.87	21.46	0	0	0	1.31	0	0	0	1.1	1.11	1.05	1.1	0.18	0.12	1.95	0.23	0.5	23	78	34	1	114	0.05	0	0.63	9.9	448	109	42.8	37	91.8	0	0	0	0	1.64	0	3984	0	5	220	0	0	0	63	77	90	67	42	85	80	85	64	70	63	69	85	95	70	85	90	90	90	90	0	30	0	30	58.3	39.4	2.1	2972	13.83	9.27	8.72	9.27	77	77	77	77	77	77	77	77	77	77	77	77	0.87	0.3	2.44	0.07	0.1	0	0	0	0	1.34	0.17	0.74	0.11	0.07	0.96	0	0	2.9	4.35	0	0	0	58.1	7.3	32	23	0	0	0	0	0	0	0	0	0	0	0	0	0	0	0	74	77	77	77	77	77	77	77	77	77	77	77	77	77	74	77	84	81	75	76	83	77	74	70	78	73	68	82	2.06	0.85	2.19	3.67	2.6	0.64	3.13	1.79	0.56	2.62	0.78	1.27	2.24	0.9	2.14	3.62	2.81	0.64	3.01	1.63	0.56	2.48	0.69	1.36	1000
40208	Yeast protein	0.6	93.1	6.9	42.6	0.5	4.3	5.2	40.5	6	3	44.8	13	2	26.8	18	4271	2477	2477	2477	2477			2434	2776	2776	2776	2349	2733	2733	2733	2327	8.3	9	9	8.4			5.5	6.3	6.3	6.3	5.4	6.2	6.2	6.2	2.2	0.97	2.12	3.24	2.97	0.73	1.96	2.46	0.58	2.61	0.73	1.46	2.3	4.26	5.95	4.69	1.97	2.58	3.06	19.84	21.28	0.01	5.16	2.28	4.97	7.6	6.97	1.71	4.6	5.77	1.36	6.12	1.71	5.39	13.95	11	4.62	6.05	7.18	1.7	0.75	1.63	2.5	2.29	0.56	1.51	1.9	0.45	2.01	0.56	1.13	1.77	0.31	1.21	5.92	23.13	0	0	0	1.2	0	0	0	1.01	1.02	0.96	1.01	0.1	0	1.95	0.3	0.59	117.43	241.33	39.44	0.55	25.33	0.05	0	1.4	20	400	180	15.3	40	100	0	0	0	0	1.64	0	3500	300	5	0	0	0	0	54	77	90	58	33	85	80	85	57	65	55	64	85	95	70	85	90	90	90	90	0	30	0	30	50.3	32.8	0.5	2477	14.77	11.05	10.4	11.05	77	77	77	77	77	77	77	77	77	77	77	77	0.87	0.3	2.44	0.01	0.1	0	0	0	0	0.3	0.04	0.16	0.11	0.02	0.21	0	0	2.9	19.54	0	0	0	58.1	7.3	32	23	0	0	0	0	0	0	0	0	0	0	0	0	0	0	0	76	77	77	77	77	77	77	77	77	77	77	77	77	77	76	77	84	81	75	76	83	77	74	70	78	73	68	82	1.69	0.75	1.63	2.49	2.29	0.56	1.51	1.89	0.45	2.01	0.56	1.77	1.85	0.79	1.59	2.46	2.46	0.56	1.45	1.72	0.45	1.91	0.5	1.89	1000
40209	Yeast. Torula. dehydrated	0.6	92.8	7.2	48.4	1.9	2.1	7.3	33.2	6	3	35.3	11	1.9	19.4	18	4338	2776	2776	2776	2776			2690	2993	2993	2993	2646	2950	2950	2950	2605	9.6	10.2	10.2	9.7			6.5	6.8	6.8	6.8	6.4	6.7	6.7	6.7	2.34	1.2	2.29	3.79	3.15	0.78	2.54	2.33	0.52	2.61	0.55	1.33	1.7	4.24	7.03	3.51	1.61	2.48	3.35	21.55	20.23	0.01	4.84	2.48	4.74	7.84	6.52	1.61	5.25	4.82	1.08	5.4	1.14	3.52	14.54	7.26	3.33	5.13	6.93	1.8	0.93	1.77	2.92	2.43	0.6	1.96	1.8	0.4	2.01	0.42	1.03	1.31	0.37	1.07	5.09	14.73	0	0	0	1.06	0	0	0	0.89	0.9	0.85	0.89	0.05	0.12	1.95	0.14	0.56	41.5	137.5	11	0.02	51.15	0.05	0	1.17	25.66	509.1	104.4	34.48	50	6.66	0	0	0	0	1.64	0	2962	300	5	0	0	0	0	60	77	90	64	37	85	80	85	62	69	61	68	85	95	70	85	90	90	90	90	0	30	0	30	55.7	37.2	1.7	2776	13.06	9.35	8.8	9.35	77	77	77	77	77	77	77	77	77	77	77	77	0.87	0.3	2.44	0.05	0.1	0	0	0	0	1.1	0.14	0.6	0.11	0.06	0.79	0	0	2.9	5.28	0	0	0	58.1	7.3	32	23	0	0	0	0	0	0	0	0	0	0	0	0	0	0	0	75	77	77	77	77	77	77	77	77	77	77	77	77	77	75	77	84	81	75	76	83	77	74	70	78	73	68	82	1.8	0.92	1.76	2.92	2.43	0.6	1.96	1.79	0.4	2.01	0.42	1.31	1.97	0.97	1.72	2.88	2.61	0.6	1.88	1.63	0.41	1.91	0.37	1.39	1000
40211	Proplex-DY. dried yeast. Archer Daniels Midland	0.6	91.5	8.5	48	3.6	3.1	3.1	33.7	8.8	2.5	36.8	10.9	1.9	21.5	19	4539	3313	3313	3313	3313			3177	3495	3495	3495	3132	3449	3449	3449	3115	11.5	12.1	12.1	11.6			7.8	8.1	8.1	8.1	7.7	8	8	8	2.11	1.1	2.18	3.86	2.6	0.95	3.5	2.08	0.37	2.7	0.6	1.55	1.11	4.61	6.43	4.01	1.9	1.96	2.7	21.45	18.71	0.01	4.4	2.29	4.54	8.04	5.42	1.98	7.29	4.33	0.77	5.63	1.25	2.31	13.4	8.35	3.96	4.08	5.63	1.9	0.99	1.96	3.47	2.34	0.85	3.15	1.87	0.33	2.43	0.54	1.39	1	0.25	0.9	8.06	29.03	0	0	0	0.89	0	0	0	0.75	0.76	0.71	0.75	0.15	0.09	0.1	0.7	0.38	11	51	9	1.76	47	0.05	0	0.63	9.9	448	109	42.8	37	91.8	0	0	0	0	1.64	0	3984	0	5	220	0	0	0	67	90	90	73	37	85	80	85	70	77	69	76	85	95	70	85	90	90	90	90	0	30	0	30	61.3	43.2	3.2	3313	13.62	9.27	8.72	9.27	90	90	90	90	90	90	90	90	90	90	90	90	0.87	0.3	2.44	0.1	0.1	0	0	0	0	2.09	0.26	1.15	0.11	0.12	1.51	0	0	2.9	2.78	0	0	0	58.1	7.3	32	0	0	0	0	0	0	0	0	0	0	0	0	0	0	0	0	75	90	90	90	90	90	90	90	90	90	90	90	90	90	90	90	84	81	75	76	83	77	74	70	78	73	68	82	1.9	0.99	1.96	3.47	2.34	0.85	3.15	1.87	0.33	2.43	0.54	1	1.77	0.89	1.64	2.93	2.16	0.73	2.59	1.46	0.29	1.97	0.41	0.91	1000
40212	NuPro. yeast protein extract. Alltech	0.6	92.5	7.5	50	0.2	0.4	8.2	33.7	8.8	2.5	34.1	11.5	2	18.1	18	4226	3296	3296	3296	3296			3169	3423	3423	3423	3085	3381	3381	3381	3078	11.2	11.9	11.9	11.4			7.4	7.6	7.6	7.6	7.3	7.5	7.5	7.5	1.88	0.97	1.94	3.6	3.4	0.74	1.87	1.94	0.49	2.46	0.4	1.14	1.65	3.52	5.1	3.75	1.94	1.94	2.97	19.29	17.75	0.09	3.76	1.94	3.88	7.2	6.8	1.48	3.74	3.88	0.98	4.92	0.8	3.3	10.2	7.5	3.88	3.88	5.94	1.79	0.92	1.84	3.42	3.23	0.7	1.78	1.84	0.47	2.34	0.38	1.08	1.57	0.05	1.53	0.6	18.65	0	0	0	1.52	0	0	0	1.28	1.29	1.22	1.28	1.68	0.1	1.6	0.32	0.46	3	52	32	1.9	160	0.05	0.28	0.92	10	103	16.6	5.95	23.6	35	6.21	0	0	0	1.6	0	3990	0	5	210	0	0	0	71	95	90	78	42	85	80	85	75	81	73	80	85	95	70	85	90	90	90	90	0	30	0	30	65.7	47.5	0.2	3296	14.32	9.78	9.2	9.78	95	95	95	95	95	95	95	95	95	95	95	95	0.87	0.3	2.44	0.01	0.1	0	0	0	0	0.12	0.01	0.06	0.11	0.01	0.08	0	0	2.9	50	0	0	0	58.1	7.3	32	0	50	0	0	0	0	0	0	0	0	0	0	0	0	0	0	75	90	90	90	90	90	90	90	90	90	90	90	90	90	90	90	84	81	75	76	83	77	74	70	78	73	68	82	1.69	0.87	1.75	3.24	3.06	0.67	1.68	1.75	0.44	2.21	0.36	1.49	1.58	0.79	1.46	2.74	2.82	0.57	1.38	1.36	0.38	1.8	0.27	1.35	1000
40213	Yeast. Saccharomydes cerevisiae. Biotide extra. Biorigin	0.6	92	8	50	0.5	0.5	15	26	50	10	26.5	0	0	16.5	17	3944	3273	3273	3273	3273			2563	2761	2761	2761	2563	2761	2761	2761	3067	9.9	9.9	9.9	9.9			6.4	6	6	6	6.4	6	6	6	1.1	0.4	1	1.8	1.8	0.2	0.9	1.2	0	1.3	0.1	0.3	0.8	1.7	3.9	2.9	1.8	1.5	2.5	9.7	13.5	0	2.2	0.8	2	3.6	3.6	0.4	1.8	2.4	0	2.6	0.2	1.6	7.8	5.8	3.6	3	5	1.05	0.38	0.95	1.71	1.71	0.19	0.86	1.14	0	1.24	0.1	0.29	0.76	0.09	3.03	0.6	20.2	0	0	0	3.03	0	0	0	2.55	2.58	2.42	2.55	0.4	0.1	2	0.38	0	0	0	0	0	0	0	0	0	0	0	0	0	0	0	0	0	0	0	0	0	0	0	0	0	0	0	0	77	90	85	83	66	85	85	85	65	70	65	70	85	95	70	85	90	90	90	90	0	30	0	30	70.8	45	0.4	3273	17.49	0	0	0	95	95	95	95	95	95	95	95	95	95	95	95	0	0	0	0	0	0	0	0	0	0.29	0.04	0.16	0	0	0.12	0	0	0	0	0	0	0	58.1	7.3	32	0	0	0	0	0	0	0	0	0	0	0	0	0	0	0	0	75	90	90	90	90	90	90	90	90	90	90	90	90	90	90	90	84	81	75	76	83	77	74	70	78	73	68	82	0.99	0.36	0.9	1.62	1.62	0.18	0.81	1.08	0	1.17	0.09	0.72	0.92	0.32	0.75	1.37	1.49	0.15	0.67	0.84	0	0.95	0.07	0.66	1000
40214	Autolysed Dried Yeast. Hicell. Biorigin	0.6	92	8	40	3.5	3	10	35.5	50	10	38.5	0	0	28.5	17	4147	3027	3027	3027	3027			2322	2654	2654	2654	2322	2654	2654	2654	2862	9	9	9	9			6.1	6.2	6.2	6.2	6.1	6.2	6.2	6.2	1.15	0.98	2.36	2.57	3.19	0.77	1.79	2.16	0.43	2.47	0.35	1.12	1.64	3.43	4.7	4.16	2	2	3.3	17.87	18.15	0	2.88	2.45	5.9	6.43	7.98	1.93	4.47	5.4	1.08	6.18	0.88	4.1	11.75	10.4	5	5	8.25	1.09	0.93	2.24	2.44	3.03	0.73	1.7	2.05	0.41	2.35	0.33	1.06	1.56	0.11	1.5	1.1	15	0	0	0	1.5	0	0	0	1.26	1.27	1.2	1.26	0.32	0	1.88	0.25	0.5	45	220	30	0.2	300	0	0.2	2.91	3.92	161	103	5.28	21	26.3	0.01	0	0	0	0	0	0	0	0	0	0	0	0	67	90	85	73	45	85	85	85	56	64	56	64	85	95	70	85	90	90	90	90	0	30	0	30	61.6	36	3	3027	17.33	0	0	0	95	95	95	95	95	95	95	95	95	95	95	95	0	0	0	0	0	0	0	0	0	2.03	0.26	1.12	0	0	0.84	0	0	0	0	0	0	0	58.1	7.3	32	0	0	0	0	0	0	0	0	0	0	0	0	0	0	0	0	75	90	90	90	90	90	90	90	90	90	90	90	90	90	90	90	84	81	75	76	83	77	74	70	78	73	68	82	1.03	0.88	2.12	2.31	2.87	0.69	1.61	1.94	0.39	2.22	0.31	1.48	0.97	0.79	1.77	1.95	2.65	0.59	1.32	1.51	0.34	1.8	0.24	1.34	1000
40215	Dried yeast. Proplex DY. ADM	0.6	91.5	8.5	48	3.6	3.1	3.1	33.7	10	5	36.8	20	1.9	9.9	19	4539	3268	3268	3268	3268			3132	3359	3359	3359	3041	3268	3268	3268	3098	10.8	11.8	11.8	10.9			7.4	7.9	7.9	7.9	7.2	7.7	7.7	7.7	2.11	1.1	2.18	3.2	2.6	0.95	1.91	1.9	0.37	2.7	0.6	1.55	1.5	3.41	6.3	4.2	1.9	1.8	2.9	19.02	19.2	0	4.4	2.29	4.54	6.67	5.42	1.98	3.98	3.96	0.77	5.63	1.25	3.13	13.13	8.75	3.96	3.75	6.04	1.63	0.85	1.68	2.47	2	0.73	1.47	1.46	0.29	2.08	0.46	1.19	1.16	0.1	0.61	3.22	19.67	0	0	0	0.6	0	0	0	0.5	0.51	0.48	0.5	0.12	0.07	0.07	0.7	1.2	11	51	9	2.9	47	0.05	0	1	13.4	271	62.5	26.9	28.5	64.2	0	0	0	0	1.56	0	3844	31	5	200	0	0	0	70	77	90	72	60	85	85	85	69	74	67	72	85	95	70	85	90	90	90	90	0	30	0	30	64.1	37	3.2	3268	22.08	17	17	17	77	77	77	77	77	77	77	77	77	77	77	77	0.87	0.3	2.44	0.7	0	0	0.01	0	0.01	2.09	0.26	1.15	0.01	0.78	0.86	0	0	19.5	0	0	0.19	0	58.1	7.3	32	0	0	0	0	0	0	0	0	0	0	0	0	0	0	0	0	75	90	90	90	90	90	90	90	90	90	90	90	90	90	90	90	84	81	75	76	83	77	74	70	78	73	68	82	1.9	0.99	1.96	2.88	2.34	0.85	1.72	1.71	0.33	2.43	0.54	1.35	1.77	0.89	1.64	2.43	2.16	0.73	1.41	1.33	0.29	1.97	0.41	1.23	1000
40216	Yeast protein concentrate. AB Vista. England	0.6	89.3	10.8	34	3.6	0	6	45.6	15	5	45.6	0	0	40.6	17	4109	2136	2136	2136	2136			1931	2424	2424	2424	1931	2424	2424	2424	2004	7.5	7.5	7.5	7.5			5.2	5.8	5.8	5.8	5.2	5.8	5.8	5.8	1.35	0.78	1.25	5.13	0.99	0.49	1.47	1.07	0	1.49	0.66	1.15	0.87	2.34	8.75	1.87	1.32	1.34	1.23	14.02	16.04	0	3.97	2.3	3.68	15.09	2.91	1.44	4.33	3.15	0	4.38	1.94	2.56	25.74	5.5	3.88	3.94	3.62	1.15	0.66	1.06	4.36	0.84	0.42	1.25	0.91	0	1.27	0.56	0.98	0.74	1.2	1	19.9	16.58	0	0	0	0.99	0	0	0	0.83	0.84	0.79	0.83	0.36	1	1.95	0.2	0.05	10	150	80	0.5	107	0	0	0	0	0	0	0	0	0	0	0	0	0	0	0	0	0	0	0	0	0	0	45	85	90	52	11	85	85	85	47	59	47	59	85	95	70	85	90	90	90	90	0	30	0	30	40.2	28.9	3.3	2136	5.02	0	0	0	85	85	85	85	85	85	85	85	85	85	85	85	0.87	0.3	2.44	0.04	0.02	0.16	0.19	1.74	1.93	1.72	0.05	1.81	2.18	0.22	0.86	0	0	1	0.66	4.46	5.36	48.07	47.48	1.32	50	0	0	0	0	0	0	0	0	0	0	0	0	0	0	0	0	85	85	85	85	85	85	85	85	85	85	85	85	85	85	85	85	84	81	75	76	83	77	74	70	78	73	68	82	1.15	0.66	1.06	4.36	0.84	0.42	1.25	0.91	0	1.27	0.56	0.74	1.13	0.63	0.94	3.9	0.82	0.38	1.09	0.75	0	1.09	0.45	0.71	1000
40217	Baker's yeast cell wall. Leva-Mos. DSM	0.6	92	8	20	15	3.5	10	43.5	50	12	47	1	0	34	19	4436	2972	2972	2972	2972			2262	2662	2662	2662	2262	2662	2662	2662	2894	9	9.1	9.1	9			7	7.8	7.8	7.8	7	7.7	7.7	7.7	0.79	0.46	0.74	3.02	0.58	0.29	0.87	0.63	0	0.88	0.39	0.68	0.51	1.38	5.15	1.1	0.78	0.79	0.72	8.25	9.44	0	3.97	2.3	3.68	15.09	2.91	1.44	4.33	3.15	0	4.38	1.94	2.56	25.74	5.5	3.88	3.94	3.62	0.68	0.39	0.63	2.57	0.5	0.25	0.74	0.54	0	0.75	0.33	0.58	0.44	1.99	1.66	19.9	16.58	0	0.92	0	0.73	0	0	0.92	1.17	1.22	0.63	0.89	0.36	1	1.6	0.2	0.05	10	150	80	0.5	107	0	0	0	0	0	0	0	0	0	0	0	0	0	0	0	0	0	0	0	0	0	0	59	85	90	67	39	85	85	85	51	60	51	60	85	95	70	85	90	90	90	90	0	30	0	30	54.3	17	13.5	2972	18.33	0.85	0.85	0.85	85	85	85	85	85	85	85	85	85	85	85	85	0.87	0.3	2.44	0.15	0.1	0.67	0.8	7.21	8.01	7.12	0.2	7.5	9.02	0.91	4.23	0	4	1	0.66	4.46	5.36	48.07	47.48	1.32	50	0	0	0	0	0	0	0	0	0	0	0	0	0	0	0	0	85	85	85	85	85	85	85	85	85	85	85	85	85	85	85	85	84	81	75	76	83	77	74	70	78	73	68	82	0.68	0.39	0.63	2.57	0.5	0.25	0.74	0.54	0	0.75	0.33	0.44	0.67	0.37	0.55	2.29	0.48	0.22	0.64	0.44	0	0.64	0.26	0.42	1000
40218	Vinasse. from yeast production. 30% CP	0.6	62.4	37.6	30.7	0.9	0	8.8	22	0	0	22	0	1.9	20.1	11	2710	1653	1653	1653	1653			1653	1897	1897	1897	1653	1897	1897	1897	1531	6.2	6.3	6.3	6.2			4.1	4.2	4.2	4.2	4.1	4.2	4.2	4.2	0.14	0.11	0.17	0.2	0.26	0.2	0.06	0.12	0.12	0.16	0.06	0.26	0.18	0.24	9.18	0.49	0.28	0.23	0.26	1.54	10.68	0	0.46	0.36	0.55	0.65	0.85	0.65	0.2	0.39	0.39	0.52	0.2	0.59	29.9	1.6	0.91	0.75	0.85	0.13	0.1	0.15	0.18	0.23	0.18	0.05	0.11	0.11	0.14	0.05	0.23	0.16	0.22	0.14	2.5	1.59	0.01	0	10	0.12	0	0	0	0.1	0.1	0.1	0.1	1.22	1.59	3.64	0.04	0.96	8	160	20	0	86	0	0	0	0	0	0	0	0	0	0	0	0	0	0	0	0	14	0	0	0	0	0	54	87	85	61	7	85	80	85	61	70	61	70	85	95	70	85	90	90	90	90	0	30	0	30	33.7	26.7	0.8	1653	1.54	0	0	0	90	90	90	90	90	90	90	90	90	90	90	90	0.31	0.1	0.05	0.02	0	0	0	0	0	0.46	0.17	0.02	0	0.02	0	0	0	2.22	0	0	0	0	51.11	18.88	2.22	0	0	0	0	0	0	0	0	0	0	0	0	0	0	0	0	80	90	93	92	89	91	91	91	91	88	89	89	90	91	80	90	93	92	89	91	91	91	91	88	89	89	90	91	0.13	0.1	0.15	0.18	0.24	0.18	0.05	0.11	0.11	0.14	0.05	0.16	0.13	0.1	0.15	0.18	0.24	0.18	0.05	0.11	0.11	0.14	0.05	0.16	1000
40219	Vinasse. from yeast production. 40% CP	0.6	68.1	31.9	41.7	0.7	0	7	18.7	0	0	18.7	0	2.4	16.3	13	3176	2763	2763	2763	2763			2192	2382	2382	2382	2192	2382	2382	2382	2597	8.2	8.3	8.3	8.3			5.4	5.3	5.3	5.3	5.4	5.3	5.3	5.3	0.35	0.15	0.23	0.27	0.35	0.27	0.08	0.17	0.17	0.21	0.08	0.35	0.25	0.33	12.5	0.67	0.38	0.31	0.35	2.25	14.54	0	0.84	0.36	0.55	0.65	0.84	0.65	0.19	0.41	0.41	0.5	0.19	0.6	29.98	1.61	0.91	0.74	0.84	0.31	0.14	0.21	0.24	0.31	0.24	0.07	0.15	0.15	0.19	0.07	0.31	0.23	0.17	0.1	2.43	1.43	0.01	0	10	0.09	0	0	0	0.08	0.08	0.07	0.08	1.04	3	1.3	0.14	1.05	9	175	22	0	94	0	0	0	0	0	0	0	0	0	0	0	0	0	0	0	0	10	0	0	0	0	0	83	87	85	87	85	85	80	85	69	75	69	75	85	95	70	85	90	90	90	90	0	30	0	30	56.5	36.3	0.6	2763	15.9	0	0	0	90	90	90	90	90	90	90	90	90	90	90	90	0.25	0.08	0.04	0.02	0	0	0	0	0	0.38	0.14	0.02	0	0.02	0	0	0	2.85	0	0	0	0	54.28	20	2.85	0	0	0	0	0	0	0	0	0	0	0	0	0	0	0	0	80	90	93	92	89	91	91	91	91	88	89	89	90	91	80	90	93	92	89	91	91	91	91	88	89	89	90	91	0.33	0.14	0.2	0.25	0.32	0.25	0.07	0.15	0.15	0.19	0.07	0.23	0.33	0.14	0.2	0.25	0.32	0.25	0.07	0.15	0.15	0.19	0.07	0.23	1000
40220	Vinasse. from yeast production. 48% CP	0.6	70.1	29.9	46.7	1	0	6.8	15.6	0	0	15.6	0	2.1	13.5	14	3360	2924	2924	2924	2924			2453	2621	2621	2621	2453	2621	2621	2621	2737	9.2	9.3	9.3	9.3			6.1	5.8	5.8	5.8	6.1	5.8	5.8	5.8	0.21	0.16	0.26	0.3	0.4	0.3	0.09	0.19	0.19	0.24	0.09	0.39	0.28	0.37	14	0.75	0.42	0.35	0.4	2.34	16.29	0	0.45	0.34	0.56	0.64	0.86	0.64	0.19	0.41	0.41	0.51	0.19	0.6	29.98	1.61	0.9	0.75	0.86	0.19	0.14	0.23	0.27	0.36	0.27	0.08	0.17	0.17	0.22	0.08	0.35	0.25	0.14	0.15	2.06	2.21	0.02	0	10	0.13	0	0	0	0.11	0.11	0.1	0.11	0.87	1.22	1.44	0.06	1.09	9	181	23	0	98	0	0	0	0	0	0	0	0	0	0	0	0	0	0	0	0	15	0	0	0	0	0	83	87	85	87	85	85	80	85	73	78	73	78	85	95	70	85	90	90	90	90	0	30	0	30	58.1	40.6	0.9	2924	13.23	0	0	0	90	90	90	90	90	90	90	90	90	90	90	90	0.36	0.11	0.06	0.02	0	0	0	0	0	0.53	0.2	0.02	0	0.02	0	0	0	2	0	0	0	0	53	20	2	0	0	0	0	0	0	0.1	0	0	0	0	0	0	0	0	0	80	90	93	92	89	91	91	91	91	88	89	89	90	91	80	90	93	92	89	91	91	91	91	88	89	89	90	91	0.2	0.15	0.23	0.27	0.36	0.27	0.08	0.17	0.17	0.21	0.08	0.25	0.2	0.15	0.23	0.27	0.36	0.27	0.08	0.17	0.17	0.21	0.08	0.25	1000
40221	Mycoprotein. P. variotti. Pekilo. Enifer	1.5	92.5	7.5	62.5	0.8	0	9.2	20	0	0	20	0	0	0	18	4410	3836	3836	3836	3836			3131	3131	3131	3131	3131	3131	3131	3131	3587	12	12	12	12			7.8	6.7	6.7	6.7	7.8	6.7	6.7	6.7	0.28	0.21	0.35	0.4	0.54	0.4	0.12	0.25	0.25	0.32	0.12	0.52	0.38	0.5	18.74	1	0.56	0.47	0.54	3.13	21.81	0	0.45	0.34	0.56	0.64	0.86	0.64	0.19	0.41	0.41	0.51	0.19	0.6	29.98	1.61	0.9	0.75	0.86	0.25	0.19	0.31	0.36	0.48	0.36	0.11	0.23	0.23	0.29	0.11	0.47	0.34	0.19	0.2	2.06	2.21	0.02	0	10	0.13	0	0	0	0.11	0.11	0.1	0.11	0.87	1.22	1.44	0.06	1.09	9	181	23	0	98	0	0	0	0	0	0	0	0	0	0	0	0	0	0	0	0	15	0	0	0	0	0	83	87	85	87	85	85	80	85	71	71	71	71	85	95	70	85	90	90	90	90	0	30	0	30	76.8	54.4	0.6	3836	17.03	0	0	0	90	90	90	90	90	90	90	90	90	90	90	90	0.36	0.11	0.06	0.02	0	0	0	0	0	0.4	0.15	0.02	0	0.02	0	0	0	2	0	0	0	0	53	20	2	0	0	0	0	0	0	0.1	0	0	0	0	0	0	0	0	0	80	90	93	92	89	91	91	91	91	88	89	89	90	91	80	90	93	92	89	91	91	91	91	88	89	89	90	91	0.26	0.2	0.31	0.37	0.49	0.37	0.11	0.22	0.23	0.29	0.11	0.34	0.26	0.2	0.31	0.37	0.49	0.37	0.11	0.22	0.23	0.29	0.11	0.34	1000
41005	Algae. Spirulina. 55% CP	9	92.8	7.2	55.3	4	2.1	7.6	23.9	5	2	26	20	1	3	19	4546	3728	3728	3728	3728			3637	3773	3773	3773	3546	3682	3682	3682	3517	12.8	13.8	13.8	12.9			8.7	8.8	8.8	8.8	8.5	8.6	8.6	8.6	4.03	0.94	3.41	5.28	4.09	1.63	2.57	3.31	0.9	3.7	1.06	2.7	3.72	6.29	7.58	5	2.5	2.75	3.85	29.86	26.46	0	7.29	1.7	6.16	9.56	7.4	2.95	4.65	5.99	1.63	6.69	1.92	6.72	13.71	9.04	4.52	4.97	6.96	3.33	0.78	2.81	4.36	3.38	1.35	2.12	2.74	0.74	3.06	0.88	2.23	3.07	0.31	0.76	4.1	10.06	0	0	0	0.75	0	0	0	0.63	0.64	0.6	0.63	2.38	0.1	1.36	0.31	1.13	36	701.67	27.67	0.07	48.9	5387.33	0	0.15	0.94	128.2	34.8	3.64	36.7	23.8	0.01	101	967	0	37.22	0.26	660	0	3.42	0	0	0	0	78	83	90	82	75	85	80	85	80	83	78	81	85	95	70	85	90	90	90	90	0	30	0	30	72.4	45.9	3.6	3728	19.49	16.99	15.99	16.99	83	83	83	83	83	83	83	83	83	83	83	83	0.87	0.3	2.44	0.69	0.1	0	0.01	0	0.01	2.22	0.45	1.2	0.12	0.77	1.67	0	1680	17.43	2.51	0	0.19	0	55.72	11.2	30.17	0	0	0	0	0	0	0	0	0	0	0	0	0	0	0	0	65	83	83	83	83	83	83	83	83	83	83	83	83	83	65	83	83	83	83	83	83	83	83	83	83	83	83	83	3.34	0.78	2.83	4.38	3.39	1.36	2.13	2.75	0.75	3.07	0.88	3.08	3.34	0.78	2.83	4.38	3.39	1.36	2.13	2.75	0.75	3.07	0.88	3.08	1000
41006	Algae. Spirulina. 69% CP	9	95.1	5	69.1	4.8	0.5	7	13.7	4	1	14.2	9.2	1	3	21	4919	3935	3935	3935	3935			3886	3935	3935	3935	3837	3886	3886	3886	3682	14.3	14.8	14.8	14.4			9.7	9.2	9.2	9.2	9.6	9.1	9.1	9.1	5.48	1.02	3.48	5.77	4.29	1.5	3.17	3.55	0.62	4.82	1.8	3.3	3.55	6.72	10.58	7.01	3.29	3.73	4.91	33.7	34.87	0	7.94	1.48	5.04	8.36	6.21	2.17	4.59	5.14	0.9	6.98	2.61	5.14	15.32	10.15	4.76	5.4	7.11	4.4	0.82	2.79	4.63	3.44	1.2	2.54	2.85	0.5	3.87	1.44	2.65	2.85	0.32	1.2	4.57	17.14	0	0	0	1.19	0	0	0	1	1.01	0.95	1	0.61	0.1	1.36	0.34	0.88	33	1500	34	0.07	1.2	5260.61	0	0.3	0.4	118.9	13	3	37	44	0.01	80	834	0	89.33	0.26	650	0	3.42	0	0	0	0	77	80	90	80	70	85	80	85	79	80	78	79	85	95	70	85	90	90	90	90	0	30	0	30	73.2	55.2	4.3	3935	9.94	7.82	7.36	7.82	80	80	80	80	80	80	80	80	80	80	80	80	0.87	0.3	2.44	0.84	0.02	0	0.01	0	0.01	2.67	0.54	1.45	0.04	0.93	2.01	0	2300	17.43	0.5	0	0.19	0	55.72	11.2	30.17	0	0	0	0	0	0	0	0	0	0	0	0	0	0	0	0	73	80	80	80	80	80	80	80	80	80	80	80	80	80	73	80	80	80	80	80	80	80	80	80	80	80	80	80	4.38	0.82	2.78	4.62	3.43	1.2	2.54	2.84	0.5	3.86	1.44	2.84	4.38	0.82	2.78	4.62	3.43	1.2	2.54	2.84	0.5	3.86	1.44	2.84	1000
41007	Algal single cell protein	6	94.5	5.5	42	7.8	5.5	12.3	27	22	13	32.4	9.4	1	9	18	4414	3223	3223	3223	3223			2914	3046	3046	3046	2869	3002	3002	3002	3068	10.7	11.2	11.2	10.8			7.6	7.7	7.7	7.7	7.5	7.6	7.6	7.6	3.66	0.81	2.59	3.88	3.21	1.18	1.73	2.17	0.38	3.22	1.09	2.27	2.59	4.32	6.45	2.92	1.82	1.48	2.27	22.84	18.62	0	8.71	1.94	6.16	9.23	7.64	2.82	4.12	5.16	0.9	7.66	2.59	6.16	15.35	6.95	4.33	3.52	5.4	0.76	0.17	0.54	0.81	0.67	0.25	0.36	0.45	0.08	0.67	0.23	0.47	0.54	2.2	0.94	17.88	7.64	0	0	0	0.93	0	0	0	0.78	0.79	0.74	0.78	0.36	0.1	1.36	0.7	0.48	36	1200	24	0.07	9.9	5289.12	0	0.3	0.5	100	20	3	33	30	0.01	100	834	0	111.67	0.26	670	0	3.5	0	0	0	0	67	80	90	73	51	85	80	85	66	69	65	68	85	95	70	85	90	90	90	90	0	30	0	30	63.3	33.6	7	3223	16.53	8	7.53	8	21	21	21	21	21	21	21	21	21	21	21	21	0.87	0.3	2.44	0.65	0.04	0	0.01	0	0.01	4.34	0.87	2.35	0.06	0.72	3.27	0	3000	8.35	0.5	0	0.19	0	55.72	11.2	30.17	0	0	0	0	0	0	0	0	0	0	0	0	0	0	0	0	37	21	21	21	21	21	21	21	21	21	21	21	21	21	37	21	21	21	21	21	21	21	21	21	21	21	21	21	0.77	0.17	0.54	0.82	0.67	0.25	0.36	0.46	0.08	0.68	0.23	0.54	0.77	0.17	0.54	0.82	0.67	0.25	0.36	0.46	0.08	0.68	0.23	0.54	1000
41008	Algae. Schizochytrium sp	6	96	4	16.3	51.4	14	3.7	10.6	10	15	24.6	13.6	1	0	28	6709	5703	5703	5703	5703			5568	5635	5635	5635	5501	5568	5568	5568	5643	21.8	22.5	22.5	21.9			18.3	18.7	18.7	18.7	18.2	18.5	18.5	18.5	2.91	0.51	0.49	0.89	0.79	0.41	0.6	0.65	0.35	0.88	0.25	0.66	0.35	0.95	0.68	1.32	0.76	0.68	0.88	8.48	4.92	0	17.85	3.13	3.01	5.46	4.85	2.52	3.68	3.99	2.15	5.4	1.53	2.15	4.17	8.1	4.66	4.17	5.4	2.34	0.41	0.39	0.71	0.63	0.33	0.48	0.52	0.28	0.71	0.2	0.53	0.28	0.45	0.3	12.16	8.1	0	0	0	0.29	0	0	0	0.24	0.25	0.23	0.24	0.16	0	0.55	0.31	0.74	1	13	36	0.13	36	5208.33	0	0.84	2.33	64.48	18.02	6.58	21.89	7.99	0.05	92.22	434	0	43.55	0	957	0	5	2000	0	0	0	80	80	90	85	64	85	80	85	83	84	82	83	85	95	70	85	90	90	90	90	0	30	0	30	76.8	13	46.3	5703	15.74	11.56	10.88	11.56	80	80	80	80	80	80	80	80	80	80	80	80	0.87	0.3	2.44	0.65	0.43	2.91	3.5	31.39	34.89	28.64	5.76	15.51	39.25	3.95	21.58	0	3000	1.26	0.84	5.66	6.81	61.07	55.72	11.2	30.17	0	0	0	0	0	0	0	0	0	0	0	0	0	0	0	0	73	80	80	80	80	80	80	80	80	80	80	80	80	80	73	80	80	80	80	80	80	80	80	80	80	80	80	80	2.33	0.41	0.39	0.71	0.63	0.33	0.48	0.52	0.28	0.7	0.2	0.28	2.33	0.41	0.39	0.71	0.63	0.33	0.48	0.52	0.28	0.7	0.2	0.28	1000
41009	Algal meal SP1. Alltech	6	96.3	3.7	12	65.3	12	3.6	3.4	10	14	15.4	4.4	1	0	31	7390	6355	6355	6355	6355			6208	6208	6208	6208	6208	6208	6208	6208	6311	25.4	25.6	25.6	25.4			21.6	21.6	21.6	21.6	21.6	21.6	21.6	21.6	1.36	0.51	0.49	0.9	0.79	0.41	0.28	0.65	0.17	0.89	0.25	0.66	0.35	0.63	0.68	1.32	0.76	0.68	0.89	6.45	4.93	0	11.33	4.25	4.08	7.5	6.58	3.42	2.33	5.42	1.42	7.42	2.08	2.92	5.67	11	6.33	5.67	7.42	1.09	0.41	0.39	0.72	0.63	0.33	0.22	0.52	0.14	0.71	0.2	0.53	0.28	0.45	0.3	12.5	8.33	0	0	0	0.29	0	0	0	0.24	0.25	0.23	0.24	0.16	0	0.55	0.31	0.74	1	13	36	0.13	36	5192.11	0	0.84	2.33	64.48	18.02	6.58	21.89	7.99	0.05	92.22	434	0	43.55	0	957	0	5	2000	0	0	0	81	80	90	86	52	85	80	85	84	84	84	84	85	95	70	85	90	90	90	90	0	30	0	30	78	9.6	58.8	6355	8.01	3.74	3.52	3.74	80	80	80	80	80	80	80	80	80	80	80	80	0.87	0.3	2.44	0.65	0.43	2.91	3.5	31.39	34.89	36.39	7.31	19.7	39.25	3.96	27.42	0	3000	1	0.66	4.46	5.36	48.07	55.72	11.2	30.17	0	0	0	0	0	0	0	0	0	0	0	0	0.1	0.1	0	0	73	80	80	80	80	80	80	80	80	80	80	80	80	80	73	80	80	80	80	80	80	80	80	80	80	80	80	80	1.09	0.41	0.39	0.72	0.63	0.33	0.22	0.52	0.14	0.71	0.2	0.28	1.09	0.41	0.39	0.72	0.63	0.33	0.22	0.52	0.14	0.71	0.2	0.28	1000
41010	DHA Gold. algae meal. DSM	6	96	4	15.1	53.4	13	3.5	11	9	12	24	4	2	6	28	6804	5512	5512	5512	5512			5376	5444	5444	5444	5376	5444	5444	5444	5456	21.7	22	22	21.8			18.3	18.5	18.5	18.5	18.3	18.5	18.5	18.5	0.97	0.27	0.59	1.03	0.5	0.35	0.66	0.62	0.61	0.86	1.51	1.86	0.08	0.74	2.25	2.11	0.85	0.45	1.04	6.46	8.29	0	6.42	1.79	3.91	6.82	3.31	2.32	4.37	4.11	4.04	5.7	10	0.53	14.9	13.97	5.63	2.98	6.89	0.78	0.22	0.47	0.83	0.4	0.28	0.53	0.5	0.49	0.69	1.21	1.49	0.06	0.3	0.2	8.57	5.71	0	0	0	0.19	0	0	0	0.16	0.16	0.15	0.16	0.16	0	0.55	0.31	0.74	1	13	36	0.13	36	5208.33	0	0.84	2.33	64.48	18.02	6.58	21.89	7.99	0.05	92.22	434	0	43.55	0	957	0	5	2000	0	0	0	73	80	90	81	34	85	80	85	79	80	79	80	85	95	70	85	90	90	90	90	0	30	0	30	70.1	12.1	48.1	5512	8.16	3.4	3.2	3.4	80	80	80	80	80	80	80	80	80	80	80	80	0.87	0.3	2.44	1.07	2.67	2.72	3.26	26.7	29.96	29.75	5.98	16.11	36.25	4.21	22.42	0	3000	2	5	5.1	6.1	50	55.72	11.2	30.17	0	0	0	0	0	0	0	0	0	0	0	0	0.1	0	0	0	73	80	80	80	80	80	80	80	80	80	80	80	80	80	73	80	80	80	80	80	80	80	80	80	80	80	80	80	0.78	0.22	0.47	0.82	0.4	0.28	0.53	0.5	0.49	0.69	1.21	0.06	0.78	0.22	0.47	0.82	0.4	0.28	0.53	0.5	0.49	0.69	1.21	0.06	1000
41011	AlgaPrime DHA. Corbion	6	99	1	9	58.8	5	3	23.2	12	10	28.2	4	1	13.2	30	7134	5636	5636	5636	5636			5493	5707	5707	5707	5493	5707	5707	5707	5603	22.5	22.8	22.8	22.6			19.3	19.7	19.7	19.7	19.2	19.7	19.7	19.7	0.37	0.14	0.32	0.5	0.31	0.23	0.35	0.44	0.1	0.43	0.19	0.42	0.18	0.53	0.8	1.16	0.37	0.38	0.44	3.19	3.52	0	4.11	1.56	3.56	5.56	3.44	2.56	3.89	4.89	1.11	4.78	2.11	2	8.89	12.89	4.11	4.22	4.89	0.28	0.1	0.21	0.36	0.16	0.15	0.21	0.29	0.07	0.23	0.15	0.3	0.08	0.4	0.3	13.33	10	0	0	0	0.3	0	0	0	0.25	0.26	0.24	0.25	0.16	0	0.55	0.31	0.74	1	13	36	0.13	36	6.76	0	0.84	2.33	64.48	18.02	6.58	21.89	7.99	0.05	92.22	434	0	43.55	0	957	0	5	2000	0	0	0	71	80	90	79	29	85	80	85	77	80	77	80	85	95	70	85	90	90	90	90	0	30	0	30	70.3	7.2	52.9	5636	8.18	3.4	3.2	3.4	75	73	66	73	51	65	59	66	74	53	80	43	28.69	1.25	0.11	0.88	0.41	2.65	3.23	28.81	32.05	32.76	6.59	17.74	36.06	3.92	14.11	0	3000	1.5	0.7	4.5	5.5	49	55.72	11.2	30.17	0	0	0	0	0	0	0	0	0	0	0	0	0.1	0.1	0	0	80	85	85	85	85	85	85	85	85	85	85	85	85	85	80	85	85	85	85	85	85	85	85	85	85	85	85	85	0.31	0.12	0.27	0.43	0.26	0.2	0.3	0.37	0.08	0.37	0.16	0.15	0.31	0.12	0.27	0.43	0.26	0.2	0.3	0.37	0.08	0.37	0.16	0.15	1000
41012	Algae meal. BioProcess Algae LLC.. USA	6	89.3	10.7	51.7	8.2	1	6	22.4	6	5	23.4	1.5	1	15.9	19	4632	2779	2779	2779	2779			2733	2918	2918	2918	2687	2918	2918	2918	2596	10.4	10.5	10.5	10.4			7.1	6.9	6.9	6.9	7.1	6.9	6.9	6.9	1.83	0.74	1.5	3.44	2.74	0.61	2.51	1.57	2	2.26	0.7	1.31	1.16	3.67	3.77	3.49	2.42	1.38	3.45	19.2	16.37	0	3.54	1.43	2.9	6.65	5.3	1.18	4.85	3.04	3.87	4.37	1.35	2.24	7.29	6.75	4.68	2.67	6.67	1.57	0.53	1.23	2.89	2.22	0.51	1.46	1.32	1.7	1.9	0.6	1.11	1	1.78	1.87	29.66	31.16	0	0	0	1.86	0	0	0	1.56	1.58	1.49	1.56	0.01	0.1	0.1	1.06	0.9	52.49	12.3	98.91	0.5	30.96	0.1	0	1.3	18	140	150	20	20	28	42	0	0	0	37.22	0.05	2000	0	5	0	0	0	0	57	77	50	60	18	85	85	85	59	63	58	63	85	95	70	85	90	90	90	90	0	30	0	30	50.9	39.8	4.1	2779	4.21	1.28	1.28	1.28	86	72	82	84	81	84	58	84	85	84	85	86	0.87	0.3	2.44	1.43	0.21	0	0.02	0	0.02	4.57	0.92	2.47	0.25	1.59	1.96	3280	3000	17.43	2.51	0	0.19	0	55.72	11.2	30.17	0	0	0	0	0	0	0	0	0	0	0	0	0	0	0	0	85	85	85	85	85	85	85	85	85	85	85	85	85	85	85	85	85	85	85	85	85	85	85	85	85	85	85	85	1.56	0.63	1.28	2.92	2.33	0.52	2.13	1.33	1.7	1.92	0.6	0.99	1.56	0.63	1.28	2.92	2.33	0.52	2.13	1.33	1.7	1.92	0.6	0.99	1000
41013	Algae. dried (Nannochloropsis sp. and Isochrysis sp.)	6	93.6	6.4	42.1	18.2	7.2	15	11.1	24	12	18.3	5	1	0.3	20	4814	4188	4188	4188	4188			3851	3899	3899	3899	3851	3851	3851	3851	4014	15	15.3	15.3	15			11.2	10.7	10.7	10.7	11.1	10.6	10.6	10.6	1.47	1.89	1.43	2.44	1.98	0.8	1.6	1.94	0.38	2.19	1.09	1.89	1.09	2.69	6.02	4.08	1.89	1.77	4.59	16.12	20.53	3	3.49	4.49	3.4	5.8	4.7	1.9	3.8	4.61	0.9	5.2	2.59	2.59	14.3	9.69	4.49	4.2	10.9	1.32	1.7	1.29	2.2	1.78	0.72	1.44	1.75	0.34	1.97	0.98	1.7	0.98	1.41	0.29	9.4	1.93	0	0	0	0.28	0	0	0	0.24	0.24	0.22	0.24	2.4	0.5	0.55	3.9	0.73	2	117	11	0.21	124	0.05	0	2.4	0.1	30	6	12.5	3.6	2.8	0	0	100	0	0.22	0.05	1536	0	0.2	0	0	0	0	80	90	90	87	73	85	80	85	80	81	80	80	85	95	70	85	90	90	90	90	0	30	0	30	74.9	37.9	16.3	4188	13.39	4.25	4	4.25	90	90	90	90	90	90	90	90	90	90	90	90	0.87	0.3	2.44	0.66	0.86	0.85	0.5	0.07	0.57	10.12	2.03	5.48	1.59	1.68	5.12	0	200	3.64	4.73	4.69	2.75	0.41	55.72	11.2	30.17	23	150	57	200	0	0	0	0	0	0	0	0	0	0	0	0	66	90	90	90	90	90	90	90	90	90	90	90	90	90	66	90	90	90	90	90	90	90	90	90	90	90	90	90	1.32	1.7	1.29	2.2	1.78	0.72	1.44	1.75	0.34	1.97	0.98	0.98	1.32	1.7	1.29	2.2	1.78	0.72	1.44	1.75	0.34	1.97	0.98	0.98	1000
41030	Spirulina. Earthrise Nutritional. USA	9	95.8	4.2	63.8	2	0.5	7	22.5	6.5	5	23	1.5	1	15.5	20	4720	2974	2974	2974	2974			2879	3068	3068	3068	2832	3068	3068	3068	2763	10.9	11	11	10.9			7.2	6.9	6.9	6.9	7.2	6.9	6.9	6.9	4.27	0.87	3.06	5.02	2.62	1.29	2.53	2.77	1.5	3.54	0.55	1.84	2.39	4.92	8.21	5.64	2.92	2.4	4.33	27.47	26.44	0	6.69	1.36	4.79	7.87	4.11	2.02	3.96	4.34	2.35	5.55	0.86	3.74	12.86	8.84	4.58	3.76	6.78	3.33	0.7	2.42	4.02	2.2	1.11	2.13	2.33	1.28	2.66	0.47	1.58	2.03	0.24	1.01	3.42	14.42	0	0	0	1	0	0	0	0.84	0.85	0.8	0.84	0.39	0.1	1.36	0.29	0.8	5.3	422.2	37.1	0.5	71.5	0.05	0	1.3	18	140	150	20	20	28	42	0	0	0	37.22	0.05	2000	0	5	0	0	0	0	58	72	98	63	19	85	80	85	61	65	60	65	85	95	70	85	90	90	90	90	0	30	0	30	55.6	46	2	2974	4.36	1.28	1.2	1.28	78	80	79	80	84	86	84	84	85	75	85	85	0.87	0.3	2.44	0.35	0.05	0	0	0	0	1.12	0.23	0.61	0.06	0.39	0.48	804	3000	17.43	2.51	0	0.19	0	55.72	11.2	30.17	0	0	0	0	0	0	0	0	0	0	0	0	0	0	0	0	85	85	85	85	85	85	85	85	85	85	85	85	85	85	85	85	85	85	85	85	85	85	85	85	85	85	85	85	3.63	0.74	2.6	4.27	2.23	1.1	2.15	2.35	1.28	3.01	0.47	2.03	3.63	0.74	2.6	4.27	2.23	1.1	2.15	2.35	1.28	3.01	0.47	2.03	1000
41125	Seaweed. dried	1.2	93.1	6.9	10.9	5	7.2	12.5	57.4	25	12.6	64.6	5	1	46	16	3709	1521	1521	1521	1521			1187	1781	1781	1781	1150	1743	1743	1743	1476	4.3	4.6	4.6	4.3			3.2	4.7	4.7	4.7	3.2	4.6	4.6	4.6	0.38	0.49	0.37	0.63	0.51	0.21	0.42	0.5	0.1	0.57	0.28	0.49	0.28	0.7	1.56	1.06	0.49	0.46	1.19	4.18	5.32	0	3.48	4.48	3.39	5.76	4.67	1.92	3.84	4.58	0.92	5.22	2.56	2.56	14.27	9.7	4.48	4.21	10.89	0.34	0.44	0.33	0.57	0.46	0.19	0.38	0.45	0.09	0.51	0.25	0.44	0.25	1.41	0.29	11.28	2.32	0.14	0	50	0.14	0	0	0	0.12	0.14	0.11	0.12	2.4	0.5	1.24	2	0.73	2	117	11	0.21	124	0.05	0	2.4	0.1	30	6	12.5	3.6	2.8	0	0	100	0	0.22	0.05	1536	141	0.2	0	0	0	0	37	90	90	41	21	85	80	85	32	48	31	47	85	95	70	85	90	90	90	90	0	30	0	30	34.4	9.8	4.5	1521	13.57	4.25	4	4.25	90	90	90	90	90	90	90	90	90	90	90	90	0.87	0.3	2.44	0.18	0.24	0.23	0.14	0.02	0.16	1.72	1.15	1.66	0.44	0.46	1.41	0	200	3.64	4.73	4.69	2.75	0.41	34.4	23	33.1	23	150	57	200	0	0	0.5	0	0	0	0	0	0	0	0	0	66	90	90	90	90	90	90	90	90	90	90	90	90	90	66	90	90	90	90	90	90	90	90	90	90	90	90	90	0.34	0.44	0.33	0.57	0.46	0.19	0.38	0.45	0.09	0.51	0.25	0.25	0.34	0.44	0.33	0.57	0.46	0.19	0.38	0.45	0.09	0.51	0.25	0.25	1000
41126	Seaweed. dried (Gracilaria arcuata)	1.2	96	4	13	6.7	7.3	9	60.1	24	12	67.4	5	1	49.4	17	4092	1759	1759	1759	1759			1432	2046	2046	2046	1391	2046	2046	2046	1706	5.3	5.6	5.6	5.3			4	5.5	5.5	5.5	3.9	5.4	5.4	5.4	0.45	0.58	0.44	0.75	0.61	0.25	0.49	0.6	0.12	0.67	0.34	0.59	0.34	0.83	1.85	1.26	0.58	0.54	1.41	4.96	6.32	0	3.47	4.47	3.4	5.79	4.71	1.93	3.78	4.63	0.93	5.17	2.62	2.62	14.28	9.72	4.47	4.17	10.88	0.4	0.52	0.4	0.67	0.55	0.22	0.44	0.54	0.11	0.6	0.31	0.53	0.31	1.41	0.29	15.66	3.22	0.14	0	50	0.14	0	0	0	0.12	0.14	0.11	0.12	2.4	0.5	1.24	2	0.73	2	117	11	0.21	124	0.05	0	2.4	0.1	30	6	12.5	3.6	2.8	0	0	100	0	0.22	0.05	1536	141	0.2	0	0	0	0	37	90	90	43	20	85	80	85	35	50	34	50	85	95	70	85	90	90	90	90	0	30	0	30	35.5	11.7	6	1759	13.47	4.25	4	4.25	90	90	90	90	90	90	90	90	90	90	90	90	0.87	0.3	2.44	0.24	0.32	0.31	0.18	0.03	0.21	2.3	1.54	2.21	0.59	0.62	1.88	0	200	3.64	4.73	4.69	2.75	0.41	34.4	23	33.1	23	150	57	200	0	0	0.5	0	0	0	0	0	0	0	0	0	66	90	90	90	90	90	90	90	90	90	90	90	90	90	66	90	90	90	90	90	90	90	90	90	90	90	90	90	0.4	0.52	0.4	0.67	0.55	0.22	0.44	0.54	0.11	0.6	0.31	0.31	0.4	0.52	0.4	0.67	0.55	0.22	0.44	0.54	0.11	0.6	0.31	0.31	1000
41127	Seaweed. dried (Ulva lactuca)	1.2	89.6	10.4	11.5	6.1	7	9.3	55.7	24	12	62.7	5	1	44.7	16	3764	1619	1619	1619	1619			1318	1882	1882	1882	1280	1845	1845	1845	1571	4.8	5.1	5.1	4.8			3.6	5	5	5	3.6	5	5	5	0.4	0.52	0.39	0.67	0.54	0.22	0.44	0.53	0.1	0.6	0.3	0.52	0.3	0.74	1.64	1.12	0.52	0.48	1.25	4.41	5.61	0	3.48	4.52	3.39	5.83	4.7	1.91	3.83	4.61	0.87	5.22	2.61	2.61	14.26	9.74	4.52	4.17	10.87	0.36	0.47	0.35	0.6	0.49	0.2	0.4	0.48	0.09	0.54	0.27	0.47	0.27	1.41	0.29	15.16	3.11	0.14	0	50	0.14	0	0	0	0.12	0.14	0.11	0.12	2.4	0.5	1.24	2	0.73	2	117	11	0.21	124	0.06	0	2.4	0.1	30	6	12.5	3.6	2.8	0	0	100	0	0.22	0.05	1536	141	0.2	0	0	0	0	38	90	90	43	21	85	80	85	35	50	34	49	85	95	70	85	90	90	90	90	0	30	0	30	34	10.4	5.5	1619	13.17	4.25	4	4.25	90	90	90	90	90	90	90	90	90	90	90	90	0.87	0.3	2.44	0.22	0.29	0.29	0.17	0.02	0.19	2.09	1.4	2.01	0.53	0.56	1.71	0	200	3.64	4.73	4.69	2.75	0.41	34.4	23	33.1	23	150	57	200	0	0	0.5	0	0	0	0	0	0	0	0	0	66	90	90	90	90	90	90	90	90	90	90	90	90	90	66	90	90	90	90	90	90	90	90	90	90	90	90	90	0.36	0.47	0.35	0.6	0.49	0.2	0.4	0.48	0.09	0.54	0.27	0.27	0.36	0.47	0.35	0.6	0.49	0.2	0.4	0.48	0.09	0.54	0.27	0.27	1000
41129	Seaweed. dried. Green. Nutrigreen	1.2	89	11	13.8	1.1	6.7	26.3	41.1	24	12	47.8	5	1	29.8	12	2823	1327	1327	1327	1327			1016	1383	1383	1383	960	1355	1355	1355	1270	3.5	3.8	3.8	3.5			2.4	3.3	3.3	3.3	2.3	3.2	3.2	3.2	0.48	0.62	0.47	0.8	0.65	0.26	0.52	0.63	0.12	0.72	0.36	0.62	0.36	0.88	1.97	1.34	0.62	0.58	1.5	5.27	6.73	0	3.48	4.49	3.41	5.8	4.71	1.88	3.77	4.57	0.87	5.22	2.61	2.61	14.28	9.71	4.49	4.2	10.87	0.43	0.56	0.42	0.72	0.58	0.23	0.47	0.57	0.11	0.65	0.32	0.56	0.32	1.41	0.29	5.36	1.1	0.14	0	50	0.14	0	0	0	0.12	0.14	0.11	0.12	2.4	0.5	1.24	3.9	1	2	117	11	0.21	124	0.06	0	2.4	0.1	30	6	12.5	3.6	2.8	0	0	100	0	0.22	0.05	1536	141	0.2	0	0	0	0	45	90	90	47	28	85	80	85	36	49	34	48	85	95	70	85	90	90	90	90	0	30	0	30	40.1	12.4	1	1327	13.39	4.25	4	4.25	90	90	90	90	90	90	90	90	90	90	90	90	0.87	0.3	2.44	0.04	0.05	0.05	0.03	0	0.03	0.38	0.25	0.36	0.1	0.1	0.31	0	200	3.64	4.73	4.69	2.75	0.41	34.4	23	33.1	23	150	57	200	0	0	0.5	0	0	0	0	0	0	0	0	0	66	90	90	90	90	90	90	90	90	90	90	90	90	90	66	90	90	90	90	90	90	90	90	90	90	90	90	90	0.43	0.56	0.42	0.72	0.58	0.23	0.47	0.57	0.11	0.65	0.32	0.32	0.43	0.56	0.42	0.72	0.58	0.23	0.47	0.57	0.11	0.65	0.32	0.32	1000
41130	Seaweed. dried. Brown. Nutrikelp	1.2	89	11	7.1	0.8	4.5	27.3	49.3	24	12	53.8	5	1	35.8	11	2663	985	985	985	985			639	1092	1092	1092	612	1065	1065	1065	956	2.1	2.3	2.3	2.1			1.5	2.7	2.7	2.7	1.4	2.6	2.6	2.6	0.25	0.32	0.24	0.41	0.33	0.13	0.27	0.33	0.06	0.37	0.18	0.31	0.18	0.45	1.02	0.69	0.32	0.3	0.77	2.71	3.46	0	3.52	4.51	3.38	5.78	4.65	1.83	3.8	4.65	0.85	5.21	2.54	2.54	14.37	9.72	4.51	4.22	10.85	0.22	0.29	0.22	0.37	0.3	0.12	0.24	0.3	0.05	0.33	0.16	0.28	0.16	1.41	0.29	5.16	1.06	0.14	0	50	0.14	0	0	0	0.12	0.14	0.11	0.12	2.4	0.5	1.5	3.9	1	2	117	11	0.21	124	0.06	0	2.4	0.1	30	6	12.5	3.6	2.8	0	0	100	0	0.22	0.05	1536	141	0.2	0	0	0	0	38	90	90	37	25	85	80	85	24	41	23	40	85	95	70	85	90	90	90	90	0	30	0	30	33.8	6.4	0.7	985	13.45	4.25	4	4.25	90	90	90	90	90	90	90	90	90	90	90	90	0.87	0.3	2.44	0.03	0.04	0.04	0.02	0	0.03	0.28	0.18	0.26	0.07	0.07	0.22	0	200	3.64	4.73	4.69	2.75	0.41	34.4	23	33.1	23	150	57	200	0	0	0.5	0	0	0	0	0	0	0	0	0	66	90	90	90	90	90	90	90	90	90	90	90	90	90	66	90	90	90	90	90	90	90	90	90	90	90	90	90	0.22	0.29	0.22	0.37	0.3	0.12	0.24	0.3	0.05	0.33	0.16	0.16	0.22	0.29	0.22	0.37	0.3	0.12	0.24	0.3	0.05	0.33	0.16	0.16	1000
42005	Water lentil (Lemna) Protein Concentrate. Parabel	5.5	96.9	3.1	62	6	0.5	7	21.4	6.5	5	21.9	1.5	1	14.4	21	4945	2571	2571	2571	2571			2473	2670	2670	2670	2473	2621	2621	2621	2415	9.5	9.6	9.6	9.5			6.6	6.4	6.4	6.4	6.6	6.4	6.4	6.4	3.87	1.46	3.19	5.77	3.39	1.21	3.76	2.55	1.5	4.05	0.55	1.76	2.65	6.41	6.24	5.28	3.62	2.05	3.97	30.75	24.36	0	6.24	2.35	5.14	9.3	5.47	1.95	6.06	4.11	2.42	6.53	0.89	4.27	10.06	8.51	5.84	3.31	6.4	3.25	1.11	2.36	4.33	2.75	0.92	2.74	1.94	1.27	3.08	0.47	1.39	2.15	0.69	1.43	9.85	20.42	0	0	0	1.42	0	0	0	1.19	1.21	1.14	1.19	0.84	0.1	0.94	0.35	1.16	16.8	2310.1	766.5	0.5	1648.5	0.05	0	1.3	18	140	150	20	20	28	42	0	0	0	37.22	0.05	2000	0	5	0	0	0	0	48	55	82	52	20	85	80	85	50	54	50	53	85	95	70	85	90	90	90	90	0	30	0	30	46.5	34.1	4.9	2571	4.38	1.28	1.2	1.28	84	76	74	75	81	76	73	76	85	76	85	81	0.87	0.3	2.44	0.08	0.05	0.34	0.41	3.65	4.06	2.06	1.38	2.39	4.57	0.46	1.43	2392	3000	1.26	0.84	5.66	6.81	61.07	34.4	23	40	0	0	0	0	0	0	0	0	0	0	0	0	0	0	0	0	85	85	85	85	85	85	85	85	85	85	85	85	85	85	85	85	85	85	85	85	85	85	85	85	85	85	85	85	3.29	1.24	2.71	4.9	2.88	1.03	3.2	2.17	1.27	3.44	0.47	2.25	3.29	1.24	2.71	4.9	2.88	1.03	3.2	2.17	1.27	3.44	0.47	2.25	1000
50104	Algae oil. Veramaris®	25	99.3	0.8	0	98.8	0	0.4	0.1	0	0	0.1	0	0	0	39	9211	8751	8751	8751	8751			8751	8751	8751	8751	8751	8751	8751	8751	8751	36.6	36.6	36.6	36.6			31.9	31.9	31.9	31.9	31.9	31.9	31.9	31.9	0	0	0	0	0	0	0	0	0	0	0	0	0	0	0	0	0	0	0	0	0	0	0	0	0	0	0	0	0	0	0	0	0	0	0	0	0	0	0	0	0	0	0	0	0	0	0	0	0	0	0	0	0.06	0.04	15	10	0	0	0	0.04	0	0	0	0.03	0.03	0.03	0.03	0.05	0.01	0.01	0.01	0.01	0	0	0	0	0	0	0	0	0	0	0	0	0	0	0	0	6667	0	100	0	100	50	2	0	0	0	0	95	85	95	95	20	85	80	85	95	95	95	95	0	0	0	0	0	0	0	0	0	30	0	30	94.3	0	93.9	8751	0.01	0	0	0	0	0	0	0	0	0	0	0	0	0	0	0	29.6	2.2	0	2.96	0	2.67	15.7	44	59.7	23	0	71	66.33	6.26	1.08	500	4000	3	0	2.7	15.89	40.28	23.28	0	71.86	0	0	0	0	0	0	0	0	0	0	0	0	0	0	0	0	95	0	0	0	0	0	0	0	0	0	0	0	0	0	95	90	0	0	0	0	0	0	0	0	0	0	0	0	0	0	0	0	0	0	0	0	0	0	0	0	0	0	0	0	0	0	0	0	0	0	0	0	1000
50105	Fish oil. anchovy	1.5	99	1	0	99	0	0	0	0	0	0	0	0	0	39	9228	8767	8767	8767	8767			8767	8767	8767	8767	8767	8767	8767	8767	8767	36.7	36.7	36.7	36.7			32	32	32	32	32	32	32	32	0	0	0	0	0	0	0	0	0	0	0	0	0	0	0	0	0	0	0	0	0	0	0	0	0	0	0	0	0	0	0	0	0	0	0	0	0	0	0	0	0	0	0	0	0	0	0	0	0	0	0	0	0	0	0	0	0	0	0	0	0	0	0	0	0	0	0	0	0	0	0	0	0	0	0	0	0	180	0	0	0	0	0	0	0	0	0	0	3000000	3000	3.72	0	0	0	0	0	0	0	0	95	0	95	95	0	0	0	0	95	95	95	95	0	0	0	0	0	0	0	0	0	30	0	30	94.1	0	94.1	8767	0	0	0	0	0	0	0	0	0	0	0	0	0	0	0	0	14	2	15	1.2	0.3	0.1	17	8.8	25.8	34.6	24.9	33.3	29	1.44	1.08	3533	0	1.21	0.3	0.1	17.17	8.89	34.95	25.15	33.64	0	0	0	0	0	0	0	0	0	0	0	0	18	3	0	0	95	0	0	0	0	0	0	0	0	0	0	0	0	0	0	0	0	0	0	0	0	0	0	0	0	0	0	0	0	0	0	0	0	0	0	0	0	0	0	0	0	0	0	0	0	0	0	0	0	0	0	0	740
50106	Fish oil. capelin	1.5	99	1	0	99	0	0	0	0	0	0	0	0	0	39	9228	8767	8767	8767	8767			8767	8767	8767	8767	8767	8767	8767	8767	8767	36.7	36.7	36.7	36.7			32	32	32	32	32	32	32	32	0	0	0	0	0	0	0	0	0	0	0	0	0	0	0	0	0	0	0	0	0	0	0	0	0	0	0	0	0	0	0	0	0	0	0	0	0	0	0	0	0	0	0	0	0	0	0	0	0	0	0	0	0	0	0	0	0	0	0	0	0	0	0	0	0	0	0	0	0	0	0	0	0	0	0	0	0	129.8	0	0	0	0	0	0	0	0	0	0	1500000	3000	0	0	0	0	0	50	0	0	0	95	0	95	95	0	0	0	0	95	95	95	95	0	0	0	0	0	0	0	0	0	30	0	30	94.1	0	94.1	8767	0	0	0	0	0	0	0	0	0	0	0	0	0	0	0	0	10.6	0.3	2.44	1.7	0.4	0.1	4.6	3	7.6	20	61.7	12.2	8.89	2	0.99	3243	0	1.72	0.4	0.1	4.65	3.03	20.2	62.32	12.32	0	0	0	0	0	0	0	0	0	0	0	0	18	2.5	0	0	95	0	0	0	0	0	0	0	0	0	0	0	0	0	0	0	0	0	0	0	0	0	0	0	0	0	0	0	0	0	0	0	0	0	0	0	0	0	0	0	0	0	0	0	0	0	0	0	0	0	0	0	930
50107	Fish oil. channel catfish. farmed	1.5	99	1	0	99	0	0	0	0	0	0	0	0	0	39	9228	8305	8305	8305	8305			8305	8305	8305	8305	8305	8305	8305	8305	8305	34.8	34.8	34.8	34.8			30.3	30.3	30.3	30.3	30.3	30.3	30.3	30.3	0	0	0	0	0	0	0	0	0	0	0	0	0	0	0	0	0	0	0	0	0	0	0	0	0	0	0	0	0	0	0	0	0	0	0	0	0	0	0	0	0	0	0	0	0	0	0	0	0	0	0	0	0	0	0	0	0	0	0	0	0	0	0	0	0	0	0	0	0	0	0	0	0	0	0	0	0	129	0	0	0	0	0	0	0	0	0	0	1500000	3000	0	0	0	0	0	0	0	0	0	90	0	90	90	0	0	0	0	90	90	90	90	0	0	0	0	0	0	0	0	0	30	0	30	89.1	0	89.1	8305	0	0	0	0	0	0	0	0	0	0	0	0	0	0	0	0	19.36	0.3	2.44	12.47	0.89	1.43	0.63	1.25	1.88	24.9	53.4	14	3.08	15.44	1.08	3500	0	12.6	0.9	1.44	0.64	1.26	25.15	53.94	14.14	0	0	0	0	0	0	0	0	0	0	0	0	18	5	0	0	90	0	0	0	0	0	0	0	0	0	0	0	0	0	0	0	0	0	0	0	0	0	0	0	0	0	0	0	0	0	0	0	0	0	0	0	0	0	0	0	0	0	0	0	0	0	0	0	0	0	0	0	1000
50109	Fish oil. herring. Pacific	1.5	99	1	0	99	0	0	0	0	0	0	0	0	0	39	9228	8490	8490	8490	8490			8490	8490	8490	8490	8490	8490	8490	8490	8490	35.5	35.5	35.5	35.5			31	31	31	31	31	31	31	31	0	0	0	0	0	0	0	0	0	0	0	0	0	0	0	0	0	0	0	0	0	0	0	0	0	0	0	0	0	0	0	0	0	0	0	0	0	0	0	0	0	0	0	0	0	0	0	0	0	0	0	0	0	0	0	0	0	0	0	0	0	0	0	0	0	0	0	0	0	0	0	0	0	0	0	0	0	129.8	0	0	0	0	0	0	0	0	0	0	1500000	3000	0	0	0	0	0	0	0	0	0	92	0	92	92	0	0	0	0	92	92	92	92	0	0	0	0	0	0	0	0	0	30	0	30	91.1	0	91.1	8490	0	0	0	0	0	0	0	0	0	0	0	0	0	0	0	0	18.3	2.2	16.9	1.68	0.64	0.45	8.1	4.8	12.9	24.1	53	19.9	15.05	2.36	3.16	7660	0	1.7	0.65	0.45	8.18	4.85	24.34	53.54	20.1	0	0	0	0	0	0	0	0	0	0	0	0	18	1.7	0	0	92	0	0	0	0	0	0	0	0	0	0	0	0	0	0	0	0	0	0	0	0	0	0	0	0	0	0	0	0	0	0	0	0	0	0	0	0	0	0	0	0	0	0	0	0	0	0	0	0	0	0	0	990
50110	Fish oil. mackerel	1.5	99	1	0	99	0	0	0	0	0	0	0	0	0	39	9228	8490	8490	8490	8490			8490	8490	8490	8490	8490	8490	8490	8490	8490	35.5	35.5	35.5	35.5			31	31	31	31	31	31	31	31	0	0	0	0	0	0	0	0	0	0	0	0	0	0	0	0	0	0	0	0	0	0	0	0	0	0	0	0	0	0	0	0	0	0	0	0	0	0	0	0	0	0	0	0	0	0	0	0	0	0	0	0	0	0	0	0	0	0	0	0	0	0	0	0	0	0	0	0	0	0	0	0	0	0	0	0	0	180	0	0	0	0	0	0	0	0	0	0	1500000	3000	0	0	0	0	0	0	0	0	0	92	0	92	92	0	0	0	0	92	92	92	92	0	0	0	0	0	0	0	0	0	30	0	30	91.1	0	91.1	8490	0	0	0	0	0	0	0	0	0	0	0	0	0	0	0	0	28.2	3.9	3.9	1.09	1.39	3.96	7.6	7.7	15.31	25.5	51.48	21.2	18.55	5.61	1.08	4260	0	1.1	1.4	4	7.68	7.78	25.76	52	21.41	0	0	0	0	0	0	0	0	0	0	0	0	18	8	0	0	92	0	0	0	0	0	0	0	0	0	0	0	0	0	0	0	0	0	0	0	0	0	0	0	0	0	0	0	0	0	0	0	0	0	0	0	0	0	0	0	0	0	0	0	0	0	0	0	0	0	0	0	390
50111	Fish oil. Menhaden	1.5	99	1	0	99	0	0	0	0	0	0	0	0	0	39	9228	8490	8490	8490	8490			8490	8490	8490	8490	8490	8490	8490	8490	8490	35.5	35.5	35.5	35.5			31	31	31	31	31	31	31	31	0	0	0	0	0	0	0	0	0	0	0	0	0	0	0	0	0	0	0	0	0	0	0	0	0	0	0	0	0	0	0	0	0	0	0	0	0	0	0	0	0	0	0	0	0	0	0	0	0	0	0	0	0	0	0	0	0	0	0	0	0	0	0	0	0	0	0	0	0	0	0	0	0	0	0	0	0	180	0	0	0	0	0	0	0	0	0	0	1500000	3000	0	0	0	0	0	0	0	0	0	92	0	92	92	0	0	0	0	92	92	92	92	0	0	0	0	0	0	0	0	0	30	0	30	91.1	0	91.1	8490	0	0	0	0	0	0	0	0	0	0	0	0	0	0	0	0	28.9	4	13.5	1.59	0.64	0.99	9.11	10.09	19.2	33.3	36.63	28.9	22.04	2.87	1.08	5210	0	1.61	0.65	1	9.2	10.19	33.64	37	29.19	0	0	0	0	0	0	0	0	0	0	0	0	18	8	0	0	92	0	0	0	0	0	0	0	0	0	0	0	0	0	0	0	0	0	0	0	0	0	0	0	0	0	0	0	0	0	0	0	0	0	0	0	0	0	0	0	0	0	0	0	0	0	0	0	0	0	0	0	950
50112	Fish oil. Atlantic salmon. farmed by product	1.5	99	1	0	99	0	0	0	0	0	0	0	0	0	39	9228	8490	8490	8490	8490			8490	8490	8490	8490	8490	8490	8490	8490	8490	35.5	35.5	35.5	35.5			31	31	31	31	31	31	31	31	0	0	0	0	0	0	0	0	0	0	0	0	0	0	0	0	0	0	0	0	0	0	0	0	0	0	0	0	0	0	0	0	0	0	0	0	0	0	0	0	0	0	0	0	0	0	0	0	0	0	0	0	0	0	0	0	0	0	0	0	0	0	0	0	0	0	0	0	0	0	0	0	0	0	0	0	0	129	0	0	0	0	0	0	0	0	0	0	1500000	3000	0	0	0	0	0	0	0	0	0	92	0	92	92	0	0	0	0	92	92	92	92	0	0	0	0	0	0	0	0	0	30	0	30	91.1	0	91.1	8490	0	0	0	0	0	0	0	0	0	0	0	0	0	0	0	0	12.5	3	30	3.03	4.06	0.7	7.7	5.15	12.85	23.6	47.52	25.8	18.79	4.15	1.08	3599	0	3.06	4.1	0.71	7.78	5.2	23.84	48	26.06	0	0	0	0	0	0	0	0	0	0	0	0	18	8	0	0	92	0	0	0	0	0	0	0	0	0	0	0	0	0	0	0	0	0	0	0	0	0	0	0	0	0	0	0	0	0	0	0	0	0	0	0	0	0	0	0	0	0	0	0	0	0	0	0	0	0	0	0	710
50113	Fish oil. Pacific salmon. sea caught	1.5	99	1	0	99	0	0	0	0	0	0	0	0	0	39	9228	8490	8490	8490	8490			8490	8490	8490	8490	8490	8490	8490	8490	8490	35.5	35.5	35.5	35.5			31	31	31	31	31	31	31	31	0	0	0	0	0	0	0	0	0	0	0	0	0	0	0	0	0	0	0	0	0	0	0	0	0	0	0	0	0	0	0	0	0	0	0	0	0	0	0	0	0	0	0	0	0	0	0	0	0	0	0	0	0	0	0	0	0	0	0	0	0	0	0	0	0	0	0	0	0	0	0	0	0	0	0	0	0	153	0	0	0	0	0	0	0	0	0	0	1500000	3000	0	0	0	0	0	0	0	0	0	92	0	92	92	0	0	0	0	92	92	92	92	0	0	0	0	0	0	0	0	0	30	0	30	91.1	0	91.1	8490	0	0	0	0	0	0	0	0	0	0	0	0	0	0	0	0	20.4	0.3	2.44	1.2	0.6	0.9	12	13.8	25.8	18.6	41.2	33.5	29.34	2.33	1.08	4850	0	1.21	0.61	0.91	12.12	13.94	18.79	41.62	33.84	0	0	0	0	0	0	0	0	0	0	0	0	18	8	0	0	92	0	0	0	0	0	0	0	0	0	0	0	0	0	0	0	0	0	0	0	0	0	0	0	0	0	0	0	0	0	0	0	0	0	0	0	0	0	0	0	0	0	0	0	0	0	0	0	0	0	0	0	900
50114	Fish oil. pollock	1.5	99	1	0	99	0	0	0	0	0	0	0	0	0	39	9228	8490	8490	8490	8490			8490	8490	8490	8490	8490	8490	8490	8490	8490	35.5	35.5	35.5	35.5			31	31	31	31	31	31	31	31	0	0	0	0	0	0	0	0	0	0	0	0	0	0	0	0	0	0	0	0	0	0	0	0	0	0	0	0	0	0	0	0	0	0	0	0	0	0	0	0	0	0	0	0	0	0	0	0	0	0	0	0	0	0	0	0	0	0	0	0	0	0	0	0	0	0	0	0	0	0	0	0	0	0	0	0	0	153	0	0	0	0	0	0	0	0	0	0	1500000	3000	0	0	0	0	0	0	0	0	0	92	0	92	92	0	0	0	0	92	92	92	92	0	0	0	0	0	0	0	0	0	30	0	30	91.1	0	91.1	8490	0	0	0	0	0	0	0	0	0	0	0	0	0	0	0	0	20.4	0.3	2.44	0.9	0.7	0.4	12.6	9.7	22.3	19.84	57.88	18.29	25.56	1.44	1.08	3492	0	0.91	0.71	0.4	12.73	9.8	20.04	58.46	18.47	0	0	0	0	0	0	0	0	0	0	0	0	18	8	0	0	92	0	0	0	0	0	0	0	0	0	0	0	0	0	0	0	0	0	0	0	0	0	0	0	0	0	0	0	0	0	0	0	0	0	0	0	0	0	0	0	0	0	0	0	0	0	0	0	0	0	0	0	700
50115	Fish oil. redfish	1.5	99	1	0	99	0	0	0	0	0	0	0	0	0	39	9228	8490	8490	8490	8490			8490	8490	8490	8490	8490	8490	8490	8490	8490	35.5	35.5	35.5	35.5			31	31	31	31	31	31	31	31	0	0	0	0	0	0	0	0	0	0	0	0	0	0	0	0	0	0	0	0	0	0	0	0	0	0	0	0	0	0	0	0	0	0	0	0	0	0	0	0	0	0	0	0	0	0	0	0	0	0	0	0	0	0	0	0	0	0	0	0	0	0	0	0	0	0	0	0	0	0	0	0	0	0	0	0	0	153	0	0	0	0	0	0	0	0	0	0	1500000	3000	0	0	0	0	0	0	0	0	0	92	0	92	92	0	0	0	0	92	92	92	92	0	0	0	0	0	0	0	0	0	30	0	30	91.1	0	91.1	8490	0	0	0	0	0	0	0	0	0	0	0	0	0	0	0	0	20.4	0.3	2.44	0.9	0.3	0.3	8	8.9	16.9	20.3	55.5	20.3	19.11	1.33	1.08	3538	0	0.91	0.3	0.3	8.08	8.99	20.51	56.06	20.51	0	0	0	0	0	0	0	0	0	0	0	0	18	8	0	0	92	0	0	0	0	0	0	0	0	0	0	0	0	0	0	0	0	0	0	0	0	0	0	0	0	0	0	0	0	0	0	0	0	0	0	0	0	0	0	0	0	0	0	0	0	0	0	0	0	0	0	0	700
50116	Fish oil. sardine. Pacific-California	1.5	99	1	0	99	0	0	0	0	0	0	0	0	0	39	9228	8490	8490	8490	8490			8490	8490	8490	8490	8490	8490	8490	8490	8490	35.5	35.5	35.5	35.5			31	31	31	31	31	31	31	31	0	0	0	0	0	0	0	0	0	0	0	0	0	0	0	0	0	0	0	0	0	0	0	0	0	0	0	0	0	0	0	0	0	0	0	0	0	0	0	0	0	0	0	0	0	0	0	0	0	0	0	0	0	0	0	0	0	0	0	0	0	0	0	0	0	0	0	0	0	0	0	0	0	0	0	0	0	153	0	0	0	0	0	0	0	0	0	0	1500000	3000	0	0	0	0	0	0	0	0	0	92	0	92	92	0	0	0	0	92	92	92	92	0	0	0	0	0	0	0	0	0	30	0	30	91.1	0	91.1	8490	0	0	0	0	0	0	0	0	0	0	0	0	0	0	0	0	19.3	4.04	11.18	1.3	1.6	1.6	17.89	12.9	30.79	28.6	31.1	34.3	35.99	3.22	1.08	2928	0	1.31	1.62	1.62	18.07	13.03	28.89	31.41	34.65	0	0	0	0	0	0	0	0	0	0	0	0	18	1.7	0	0	92	0	0	0	0	0	0	0	0	0	0	0	0	0	0	0	0	0	0	0	0	0	0	0	0	0	0	0	0	0	0	0	0	0	0	0	0	0	0	0	0	0	0	0	0	0	0	0	0	0	0	0	1441
50117	Fish oil. tuna. white. orbital oil (head)	1.5	99	1	0	99	0	0	0	0	0	0	0	0	0	39	9228	8305	8305	8305	8305			8305	8305	8305	8305	8305	8305	8305	8305	8305	34.8	34.8	34.8	34.8			30.3	30.3	30.3	30.3	30.3	30.3	30.3	30.3	0	0	0	0	0	0	0	0	0	0	0	0	0	0	0	0	0	0	0	0	0	0	0	0	0	0	0	0	0	0	0	0	0	0	0	0	0	0	0	0	0	0	0	0	0	0	0	0	0	0	0	0	0	0	0	0	0	0	0	0	0	0	0	0	0	0	0	0	0	0	0	0	0	0	0	0	0	153	0	0	0	0	0	0	0	0	0	0	1500000	3000	0	0	0	0	0	0	0	0	0	90	0	90	90	0	0	0	0	90	90	90	90	0	0	0	0	0	0	0	0	0	30	0	30	89.1	0	89.1	8305	0	0	0	0	0	0	0	0	0	0	0	0	0	0	0	0	18.4	0.3	2.44	1.29	0.5	2.2	5.9	25.25	31.15	31.8	27.5	39.6	35.16	3.87	1.08	3685	0	1.3	0.5	2.22	5.96	25.5	32.12	27.78	40	0	0	0	0	0	0	0	0	0	0	0	0	18	8	0	0	90	0	0	0	0	0	0	0	0	0	0	0	0	0	0	0	0	0	0	0	0	0	0	0	0	0	0	0	0	0	0	0	0	0	0	0	0	0	0	0	0	0	0	0	0	0	0	0	0	0	0	0	1000
50118	Fish oil. tuna. white oil	1.5	99	1	0	99	0	0	0	0	0	0	0	0	0	39	9228	8305	8305	8305	8305			8305	8305	8305	8305	8305	8305	8305	8305	8305	34.8	34.8	34.8	34.8			30.3	30.3	30.3	30.3	30.3	30.3	30.3	30.3	0	0	0	0	0	0	0	0	0	0	0	0	0	0	0	0	0	0	0	0	0	0	0	0	0	0	0	0	0	0	0	0	0	0	0	0	0	0	0	0	0	0	0	0	0	0	0	0	0	0	0	0	0	0	0	0	0	0	0	0	0	0	0	0	0	0	0	0	0	0	0	0	0	0	0	0	0	153	0	0	0	0	0	0	0	0	0	0	1500000	3000	0	0	0	0	0	0	0	0	0	90	0	90	90	0	0	0	0	90	90	90	90	0	0	0	0	0	0	0	0	0	30	0	30	89.1	0	89.1	8305	0	0	0	0	0	0	0	0	0	0	0	0	0	0	0	0	18.4	0.3	2.44	1.5	0.4	2.7	7.1	25.6	32.7	35.2	23.3	39	36.77	4.68	1.08	3685	0	1.52	0.4	2.73	7.17	25.86	35.56	23.54	39.39	0	0	0	0	0	0	0	0	0	0	0	0	18	8	0	0	90	0	0	0	0	0	0	0	0	0	0	0	0	0	0	0	0	0	0	0	0	0	0	0	0	0	0	0	0	0	0	0	0	0	0	0	0	0	0	0	0	0	0	0	0	0	0	0	0	0	0	0	1000
50119	Fish oil. Pangasius (basa)	1.5	99	1	0	99	0	0	0	0	0	0	0	0	1	39	9228	8305	8305	8305	8305			8305	8305	8305	8305	8305	8305	8305	8305	8305	34.8	34.8	34.8	34.8			30.3	30.3	30.3	30.3	30.3	30.3	30.3	30.3	0	0	0	0	0	0	0	0	0	0	0	0	0	0	0	0	0	0	0	0	0	0	0	0	0	0	0	0	0	0	0	0	0	0	0	0	0	0	0	0	0	0	0	0	0	0	0	0	0	0	0	0	0	0	0	0	0	0	0	0	0	0	0	0	0	0	0	0	0	0	0	0	0	0	0	0	0	153	0	0	0	0	0	0	0	0	0	0	1500000	3000	0	0	0	0	0	0	0	0	0	90	0	90	90	0	0	0	0	90	90	90	90	0	0	0	0	0	0	0	0	0	30	0	30	89.1	0	89.1	8305	0	0	0	0	0	0	0	0	0	0	0	0	0	0	0	0	19.5	0.3	2.44	8.51	1.08	1.04	0.32	4.79	5.11	43.07	35.05	17.87	6.88	10.62	1.07	5000	0	8.6	1.09	1.05	0.32	4.84	43.5	35.4	18.05	0	0	0	0	0	0	0	0	0	0	0	0	18	2	0	0	90	0	0	0	0	0	0	0	0	0	0	0	0	0	0	0	0	0	0	0	0	0	0	0	0	0	0	0	0	0	0	0	0	0	0	0	0	0	0	0	0	0	0	0	0	0	0	0	0	0	0	0	700
50120	Krill oil	4.2	99	1	0	99	0	0	0	0	0	0	0	0	0	39	9228	8767	8767	8767	8767			8767	8767	8767	8767	8767	8767	8767	8767	8767	36.7	36.7	36.7	36.7			32	32	32	32	32	32	32	32	0	0	0	0	0	0	0	0	0	0	0	0	0	0	0	0	0	0	0	0	0	0	0	0	0	0	0	0	0	0	0	0	0	0	0	0	0	0	0	0	0	0	0	0	0	0	0	0	0	0	0	0	0	0	0	0	0	0	0	0	0	0	0	0	0	0	0	0	0	0	0	0	0	0	0	0	0	153	0	0	0	0	0	0	0	0	0	20	6667	3000	18.61	0	0	0	0	727	0	730	0	95	0	95	95	0	0	0	0	95	95	95	95	0	0	0	0	0	0	0	0	0	30	0	30	94.1	0	94.1	8767	0	0	0	0	0	0	0	0	0	0	0	0	0	0	0	0	16.8	0.3	2.44	2.1	2.4	0.3	17.4	11.4	28.81	32.2	21.4	40.8	34.67	2.66	1.08	3992	0	2.12	2.42	0.3	17.58	11.52	32.53	21.62	41.21	0	0	0	0	0	0	0	0	0	0	0	0	5	9	0	0	95	0	0	0	0	0	0	0	0	0	0	0	0	0	0	0	0	0	0	0	0	0	0	0	0	0	0	0	0	0	0	0	0	0	0	0	0	0	0	0	0	0	0	0	0	0	0	0	0	0	0	0	4470
50121	Squid oil	4.5	99	1	0	99	0	0	0	0	0	0	0	0	0	39	9228	8305	8305	8305	8305			8305	8305	8305	8305	8305	8305	8305	8305	8305	34.8	34.8	34.8	34.8			30.3	30.3	30.3	30.3	30.3	30.3	30.3	30.3	0	0	0	0	0	0	0	0	0	0	0	0	0	0	0	0	0	0	0	0	0	0	0	0	0	0	0	0	0	0	0	0	0	0	0	0	0	0	0	0	0	0	0	0	0	0	0	0	0	0	0	0	0	0	0	0	0	0	0	0	0	0	0	0	0	0	0	0	0	0	0	0	0	0	0	0	0	153	0	0	0	0	0	0	0	0	0	0	6667	3000	0	0	0	0	0	0	0	0	0	90	0	90	90	0	0	0	0	90	90	90	90	0	0	0	0	0	0	0	0	0	30	0	30	89.1	0	89.1	8305	0	0	0	0	0	0	0	0	0	0	0	0	0	0	0	0	21.7	0.3	2.44	1.49	0.3	0.4	14.1	17	31.1	31.48	27.23	40.19	34.88	2.09	9.9	13000	0	1.5	0.3	0.4	14.24	17.17	31.8	27.5	40.6	0	0	0	0	0	0	0	0	0	0	0	0	0.2	0.1	0	0	90	0	0	0	0	0	0	0	0	0	0	0	0	0	0	0	0	0	0	0	0	0	0	0	0	0	0	0	0	0	0	0	0	0	0	0	0	0	0	0	0	0	0	0	0	0	0	0	0	0	0	0	1000
50122	Fish oil. Tuna oil. crude. co-products	1.5	99	1	0	99	0	0	0	0	0	0	0	0	0	39	9228	8305	8305	8305	8305			8305	8305	8305	8305	8305	8305	8305	8305	8305	34.8	34.8	34.8	34.8			30.3	30.3	30.3	30.3	30.3	30.3	30.3	30.3	0	0	0	0	0	0	0	0	0	0	0	0	0	0	0	0	0	0	0	0	0	0	0	0	0	0	0	0	0	0	0	0	0	0	0	0	0	0	0	0	0	0	0	0	0	0	0	0	0	0	0	0	0	0	0	0	0	0	0	0	0	0	0	0	0	0	0	0	0	0	0	0	0	0	0	0	0	153	0	0	0	0	0	0	0	0	0	0	1500000	3000	0	0	0	0	0	0	0	0	0	90	0	90	90	0	0	0	0	90	90	90	90	0	0	0	0	0	0	0	0	0	30	0	30	89.1	0	89.1	8305	0	0	0	0	0	0	0	0	0	0	0	0	0	0	0	0	18.6	6.1	15.9	1.3	0.1	2.4	6.3	25.5	31.8	34.21	19.8	43.56	35.44	4.1	1.08	9084	0	1.31	0.1	2.42	6.36	25.76	34.56	20	44	0	0	0	0	0	0	0	0	0	0	0	0	5	8	0	0	90	0	0	0	0	0	0	0	0	0	0	0	0	0	0	0	0	0	0	0	0	0	0	0	0	0	0	0	0	0	0	0	0	0	0	0	0	0	0	0	0	0	0	0	0	0	0	0	0	0	0	0	1000
50123	Fish oil. mixed fish. SEA	1.5	99	1	0	99	0	0	0	0	0	0	0	0	0	39	9228	8490	8490	8490	8490			8490	8490	8490	8490	8490	8490	8490	8490	8490	35.5	35.5	35.5	35.5			31	31	31	31	31	31	31	31	0	0	0	0	0	0	0	0	0	0	0	0	0	0	0	0	0	0	0	0	0	0	0	0	0	0	0	0	0	0	0	0	0	0	0	0	0	0	0	0	0	0	0	0	0	0	0	0	0	0	0	0	0	0	0	0	0	0	0	0	0	0	0	0	0	0	0	0	0	0	0	0	0	0	0	0	0	129.8	0	0	0	0	0	0	0	0	0	0	1500000	3000	0	0	0	0	0	0	0	0	0	92	0	92	92	0	0	0	0	92	92	92	92	0	0	0	0	0	0	0	0	0	30	0	30	91.1	0	91.1	8490	0	0	0	0	0	0	0	0	0	0	0	0	0	0	0	0	18.3	2.2	16.9	1.68	0.64	0.45	8.1	4.8	12.9	24.1	53	19.9	15.05	2.36	3.16	7660	0	1.7	0.65	0.45	8.18	4.85	24.34	53.54	20.1	0	0	0	0	0	0	0	0	0	0	0	0	18	1.7	0	0	92	0	0	0	0	0	0	0	0	0	0	0	0	0	0	0	0	0	0	0	0	0	0	0	0	0	0	0	0	0	0	0	0	0	0	0	0	0	0	0	0	0	0	0	0	0	0	0	0	0	0	0	830
50124	Fish oil. tilapia. Enzymatic hydrolysis	1.5	99	1	0	99	0	0	0	0	0	0	0	0	0	39	9228	8305	8305	8305	8305			8305	8305	8305	8305	8305	8305	8305	8305	8305	34.8	34.8	34.8	34.8			30.3	30.3	30.3	30.3	30.3	30.3	30.3	30.3	0	0	0	0	0	0	0	0	0	0	0	0	0	0	0	0	0	0	0	0	0	0	0	0	0	0	0	0	0	0	0	0	0	0	0	0	0	0	0	0	0	0	0	0	0	0	0	0	0	0	0	0	0	0	0	0	0	0	0	0	0	0	0	0	0	0	0	0	0	0	0	0	0	0	0	0	0	129	0	0	0	0	0	0	0	0	0	0	1500000	3000	0	0	0	0	0	0	0	0	0	90	0	90	90	0	0	0	0	90	90	90	90	0	0	0	0	0	0	0	0	0	30	0	30	89.1	0	89.1	8305	0	0	0	0	0	0	0	0	0	0	0	0	0	0	0	0	23.09	5.49	25.88	15.78	1.56	0.94	0.23	1.98	2.21	34.31	37.56	26.63	4.19	18.58	1.08	3500	0	15.94	1.58	0.95	0.23	2	34.66	37.94	26.9	0	0	0	0	0	0	0	0	0	0	0	0	0.2	0.1	0	0	90	0	0	0	0	0	0	0	0	0	0	0	0	0	0	0	0	0	0	0	0	0	0	0	0	0	0	0	0	0	0	0	0	0	0	0	0	0	0	0	0	0	0	0	0	0	0	0	0	0	0	0	800
50125	Fish oil. cod liver oil	1.5	99	1	0	99	0	0	0	0	0	0	0	0	0	39	9228	8859	8859	8859	8859			8859	8859	8859	8859	8859	8859	8859	8859	8859	37.1	37.1	37.1	37.1			32.3	32.3	32.3	32.3	32.3	32.3	32.3	32.3	0	0	0	0	0	0	0	0	0	0	0	0	0	0	0	0	0	0	0	0	0	0	0	0	0	0	0	0	0	0	0	0	0	0	0	0	0	0	0	0	0	0	0	0	0	0	0	0	0	0	0	0	0	0	0	0	0	0	0	0	0	0	0	0	0	0	0	0	0	0	0	0	0.07	0.7	0.02	0	0.6	4	0	0	0	0	0	0	0	0	0	0	1000000	100000	219	1.5	0	0	0	0	0	0	0	96	0	96	96	0	0	0	0	96	96	96	96	0	0	0	0	0	0	0	0	0	30	0	30	95	0	95	8859	0	0	0	0	0	0	0	0	0	0	0	0	0	0	0	0	13	2.4	24.3	1.3	0.5	1.1	11	10.79	21.79	19.1	49.09	27	24.76	2.66	3.16	7660	0	1.31	0.5	1.11	11.11	10.9	19.29	49.59	27.27	0	0	0	0	0	0	0	0	0	0	0	0	0.2	0.1	0	0	88	0	0	0	0	0	0	0	0	0	0	0	0	0	0	0	0	0	0	0	0	0	0	0	0	0	0	0	0	0	0	0	0	0	0	0	0	0	0	0	0	0	0	0	0	0	0	0	0	0	0	0	1180
50126	Fish oil. rockfish	1.5	99	1	0	99	0	0	0	0	0	0	0	0	0	39	9228	8859	8859	8859	8859			8859	8859	8859	8859	8859	8859	8859	8859	8859	37.1	37.1	37.1	37.1			32.3	32.3	32.3	32.3	32.3	32.3	32.3	32.3	0	0	0	0	0	0	0	0	0	0	0	0	0	0	0	0	0	0	0	0	0	0	0	0	0	0	0	0	0	0	0	0	0	0	0	0	0	0	0	0	0	0	0	0	0	0	0	0	0	0	0	0	0	0	0	0	0	0	0	0	0	0	0	0	0	0	0	0	0	0	0	0	0	0	0	0	0	0	0	0	0	0	0	0	0	0	0	0	0	0	219	1.5	0	0	0	0	0	0	0	96	0	96	96	0	0	0	0	96	96	96	96	0	0	0	0	0	0	0	0	0	30	0	30	95	0	95	8859	0	0	0	0	0	0	0	0	0	0	0	0	0	0	0	0	13.2	2.2	13.3	0.89	0.5	0.3	8	8.89	16.89	20.3	56.6	20.3	19.32	1.32	3.16	7660	0	0.9	0.5	0.3	8.08	8.98	20.5	57.17	20.5	0	0	0	0	0	0	0	0	0	0	0	0	0.2	0.1	0	0	88	0	0	0	0	0	0	0	0	0	0	0	0	0	0	0	0	0	0	0	0	0	0	0	0	0	0	0	0	0	0	0	0	0	0	0	0	0	0	0	0	0	0	0	0	0	0	0	0	0	0	0	800
50127	Fish oil. whiting oil-N. Pacific Bioproducts	1.5	98.5	1.5	0	98.5	0	0	0	0	0	0	0	0	0	38	9183	8815	8815	8815	8815			8815	8815	8815	8815	8815	8815	8815	8815	8815	36.9	36.9	36.9	36.9			32.2	32.2	32.2	32.2	32.2	32.2	32.2	32.2	0	0	0	0	0	0	0	0	0	0	0	0	0	0	0	0	0	0	0	0	0	0	0	0	0	0	0	0	0	0	0	0	0	0	0	0	0	0	0	0	0	0	0	0	0	0	0	0	0	0	0	0	0	0	0	0	0	0	0	0	0	0	0	0	0	0	0	0	0	0	0	0	0	0	0	0	0	0	0	0	0	0	0	0	0	0	0	0	900000	15000	0	0	0	0	0	0	0	0	0	96	0	96	96	0	0	0	0	96	96	96	96	0	0	0	0	0	0	0	0	0	30	0	30	94.6	0	94.6	8815	0	0	0	0	0	0	0	0	0	0	0	0	0	0	0	0	21.8	3.5	28.7	1.28	0.79	1.08	14.28	9.75	24.03	20.19	38.71	29.55	27.58	2.63	3.16	7660	0	1.3	0.8	1.1	14.5	9.9	20.5	39.3	30	0	0	0	0	0	0	0	0	0	0	0	0	0.2	0.1	0	0	88	0	0	0	0	0	0	0	0	0	0	0	0	0	0	0	0	0	0	0	0	0	0	0	0	0	0	0	0	0	0	0	0	0	0	0	0	0	0	0	0	0	0	0	0	0	0	0	0	0	0	0	1000
50128	Fish oil. whiting oil with BHT. Pacific Bioproducts	1.5	98	2	0	98	0	0	0	0	0	0	0	0	0	38	9135	8769	8769	8769	8769			8769	8769	8769	8769	8769	8769	8769	8769	8769	36.7	36.7	36.7	36.7			32	32	32	32	32	32	32	32	0	0	0	0	0	0	0	0	0	0	0	0	0	0	0	0	0	0	0	0	0	0	0	0	0	0	0	0	0	0	0	0	0	0	0	0	0	0	0	0	0	0	0	0	0	0	0	0	0	0	0	0	0	0	0	0	0	0	0	0	0	0	0	0	0	0	0	0	0	0	0	0	0	0	0	0	0	0	0	0	0	0	0	0	0	0	0	0	900000	15000	0	0	0	0	0	0	0	0	0	96	0	96	96	0	0	0	0	96	96	96	96	0	0	0	0	0	0	0	0	0	30	0	30	94.1	0	94.1	8769	0	0	0	0	0	0	0	0	0	0	0	0	0	0	0	0	21.8	3.5	28.7	1.27	0.78	1.08	14.31	9.7	24.01	20.09	38.51	29.4	27.55	2.61	3.16	7660	0	1.3	0.8	1.1	14.6	9.9	20.5	39.3	30	0	0	0	0	0	0	0	0	0	0	0	0	0.2	0.1	0	0	88	0	0	0	0	0	0	0	0	0	0	0	0	0	0	0	0	0	0	0	0	0	0	0	0	0	0	0	0	0	0	0	0	0	0	0	0	0	0	0	0	0	0	0	0	0	0	0	0	0	0	0	1000
50129	Fish oil. white fish oil with natural preservants. SeaOil-N	1.5	98.5	1.5	0	98.5	0	0	0	0	0	0	0	0	0	38	9183	8815	8815	8815	8815			8815	8815	8815	8815	8815	8815	8815	8815	8815	36.9	36.9	36.9	36.9			32.2	32.2	32.2	32.2	32.2	32.2	32.2	32.2	0	0	0	0	0	0	0	0	0	0	0	0	0	0	0	0	0	0	0	0	0	0	0	0	0	0	0	0	0	0	0	0	0	0	0	0	0	0	0	0	0	0	0	0	0	0	0	0	0	0	0	0	0	0	0	0	0	0	0	0	0	0	0	0	0	0	0	0	0	0	0	0	0	0	0	0	0	0	0	0	0	0	0	0	0	0	0	0	900000	15000	0	0	0	0	0	0	0	0	0	96	0	96	96	0	0	0	0	96	96	96	96	0	0	0	0	0	0	0	0	0	30	0	30	94.6	0	94.6	8815	0	0	0	0	0	0	0	0	0	0	0	0	0	0	0	0	20	3.5	26	1.48	0.79	1.48	13.79	9.85	23.64	29.06	38.42	28.57	27.14	3.28	3.16	7660	0	1.5	0.8	1.5	14	10	29.5	39	29	0	0	0	0	0	0	0	0	0	0	0	0	0.2	0.1	0	0	88	0	0	0	0	0	0	0	0	0	0	0	0	0	0	0	0	0	0	0	0	0	0	0	0	0	0	0	0	0	0	0	0	0	0	0	0	0	0	0	0	0	0	0	0	0	0	0	0	0	0	0	1000
51105	Lard	0.45	99	1	0	99	0	0	0	0	0	0	0	0	0	39	9228	8305	8305	8305	8305			8305	8305	8305	8305	8305	8305	8305	8305	8305	34.8	34.8	34.8	34.8			30.3	30.3	30.3	30.3	30.3	30.3	30.3	30.3	0	0	0	0	0	0	0	0	0	0	0	0	0	0	0	0	0	0	0	0	0	0	0	0	0	0	0	0	0	0	0	0	0	0	0	0	0	0	0	0	0	0	0	0	0	0	0	0	0	0	0	0	0	0	0	0	0	0	0	0	0	0	0	0	0	0	0	0	0	0	0	0	0	0	0	0	0	0	0	0	0	0	0	0	0	0	0	0	0	0	4.47	0.08	497	0	0	0	0	0	0	90	0	90	90	0	0	0	0	90	90	90	90	0	0	0	0	0	0	0	0	0	30	0	30	89.1	0	89.1	8305	0	0	0	0	0	0	0	0	0	0	0	0	0	0	0	0	19.92	6.11	15.7	11.93	0.55	0.23	0	0	0	41.1	44.9	11.2	0.62	13.51	9.9	950	0	12.05	0.56	0.23	0	0	41.52	45.35	11.31	0	0	0	0	0	0	0	0	0	0	0	0	1	0.1	0	0	90	0	0	0	0	0	0	0	0	0	0	0	0	0	0	0	0	0	0	0	0	0	0	0	0	0	0	0	0	0	0	0	0	0	0	0	0	0	0	0	0	0	0	0	0	0	0	0	0	0	0	0	1455
51106	Poultry fat	0.45	99	1	0	99	0	0	0	0	0	0	0	0	0	39	9228	8305	8305	8305	8305			8305	8305	8305	8305	8305	8305	8305	8305	8305	34.8	34.8	34.8	34.8			30.3	30.3	30.3	30.3	30.3	30.3	30.3	30.3	0	0	0	0	0	0	0	0	0	0	0	0	0	0	0	0	0	0	0	0	0	0	0	0	0	0	0	0	0	0	0	0	0	0	0	0	0	0	0	0	0	0	0	0	0	0	0	0	0	0	0	0	0	0	0	0	0	0	0	0	0	0	0	0	0	0	0	0	0	0	0	0	0	0	0	0	0	0.05	0	0	0	0	0	0	0	0	0	4	34	0	1.49	0	0	0	0	0	0	0	0	90	0	90	90	0	0	0	0	90	90	90	90	0	0	0	0	0	0	0	0	0	30	0	30	89.1	0	89.1	8305	0	0	0	0	0	0	0	0	0	0	0	0	0	0	0	0	20.2	6.05	2.44	18.91	1.49	0.18	0	0	0	31.2	43.1	21.6	1.65	21.21	9.9	770	0	19.1	1.5	0.18	0	0	31.52	43.54	21.82	0	0	0	0	0	0	0	0	0	0	0	0	0.2	0.1	0	0	90	0	0	0	0	0	0	0	0	0	0	0	0	0	0	0	0	0	0	0	0	0	0	0	0	0	0	0	0	0	0	0	0	0	0	0	0	0	0	0	0	0	0	0	0	0	0	0	0	0	0	0	913
51107	Tallow. beef	0.45	99	1	0	99	0	0	0	0	0	0	0	0	0	39	9228	8305	8305	8305	8305			8305	8305	8305	8305	8305	8305	8305	8305	8305	34.8	34.8	34.8	34.8			30.3	30.3	30.3	30.3	30.3	30.3	30.3	30.3	0	0	0	0	0	0	0	0	0	0	0	0	0	0	0	0	0	0	0	0	0	0	0	0	0	0	0	0	0	0	0	0	0	0	0	0	0	0	0	0	0	0	0	0	0	0	0	0	0	0	0	0	0	0	0	0	0	0	0	0	0	0	0	0	0	0	0	0	0	0	0	0	0	0	0	0	0	0	0	0	0	0	0	0	0	0	0	0	0	0	20.1	0	798	0	0	0	0	0	0	90	0	90	90	0	0	0	0	90	90	90	90	0	0	0	0	0	0	0	0	0	30	0	30	89.1	0	89.1	8305	0	0	0	0	0	0	0	0	0	0	0	0	0	0	0	0	0.87	0.3	2.44	3.1	0.6	0.1	0	0	0	52.1	40.5	3.7	0.67	3.55	9.9	1000	0	3.13	0.61	0.1	0	0	52.63	40.91	3.74	0	0	0	0	0	0	0	0	0	0	0	0	0.2	0.1	0	0	90	0	0	0	0	0	0	0	0	0	0	0	0	0	0	0	0	0	0	0	0	0	0	0	0	0	0	0	0	0	0	0	0	0	0	0	0	0	0	0	0	0	0	0	0	0	0	0	0	0	0	0	1620
51108	Choice White Grease	0.45	99	1	0	99	0	0	0	0	0	0	0	0	0	39	9228	8305	8305	8305	8305			8305	8305	8305	8305	8305	8305	8305	8305	8305	34.8	34.8	34.8	34.8			30.3	30.3	30.3	30.3	30.3	30.3	30.3	30.3	0	0	0	0	0	0	0	0	0	0	0	0	0	0	0	0	0	0	0	0	0	0	0	0	0	0	0	0	0	0	0	0	0	0	0	0	0	0	0	0	0	0	0	0	0	0	0	0	0	0	0	0	0	0	0	0	0	0	0	0	0	0	0	0	0	0	0	0	0	0	0	0	0	0	0	0	0	0	0	0	0	0	0	0	0	0	0	0	0	0	0	0	0	0	0	0	0	0	0	90	0	90	90	0	0	0	0	90	90	90	90	0	0	0	0	0	0	0	0	0	30	0	30	89.1	0	89.1	8305	0	0	0	0	0	0	0	0	0	0	0	0	0	0	0	0	0.87	0.3	2.44	11.6	0.4	0	0	0	0	40.8	44.55	12	0.44	12.89	9.9	1000	0	11.72	0.4	0	0	0	41.21	45	12.12	0	0	0	0	0	0	0	0	0	0	0	0	0.2	0.1	0	0	90	0	0	0	0	0	0	0	0	0	0	0	0	0	0	0	0	0	0	0	0	0	0	0	0	0	0	0	0	0	0	0	0	0	0	0	0	0	0	0	0	0	0	0	0	0	0	0	0	0	0	0	1140
51109	Yellow grease. restaurant	0.45	99	1	0	99	0	0	0	0	0	0	0	0	0	39	9228	8305	8305	8305	8305			8305	8305	8305	8305	8305	8305	8305	8305	8305	34.8	34.8	34.8	34.8			30.3	30.3	30.3	30.3	30.3	30.3	30.3	30.3	0	0	0	0	0	0	0	0	0	0	0	0	0	0	0	0	0	0	0	0	0	0	0	0	0	0	0	0	0	0	0	0	0	0	0	0	0	0	0	0	0	0	0	0	0	0	0	0	0	0	0	0	0	0	0	0	0	0	0	0	0	0	0	0	0	0	0	0	0	0	0	0	0	0	0	0	0	0	0	0	0	0	0	0	0	0	0	0	0	0	4.47	0	0	0	0	0	0	0	0	90	0	90	90	0	0	0	0	90	90	90	90	0	0	0	0	0	0	0	0	0	30	0	30	89.1	0	89.1	8305	0	0	0	0	0	0	0	0	0	0	0	0	0	0	0	0	0.87	0.3	2.44	17.5	1.9	0	0	0	0	29.9	47.52	19.4	2.11	19.45	9.9	1000	0	17.68	1.92	0	0	0	30.2	48	19.6	0	0	0	0	0	0	0	0	0	0	0	0	0.2	0.1	0	0	90	0	0	0	0	0	0	0	0	0	0	0	0	0	0	0	0	0	0	0	0	0	0	0	0	0	0	0	0	0	0	0	0	0	0	0	0	0	0	0	0	0	0	0	0	0	0	0	0	0	0	0	1140
51110	Poultry fat. max 10. SONAC	0.45	99	1	0	99	0	0	0	0	0	0	0	0	0	39	9228	8767	8767	8767	8767			8767	8767	8767	8767	8767	8767	8767	8767	8767	36.7	36.7	36.7	36.7			32	32	32	32	32	32	32	32	0	0	0	0	0	0	0	0	0	0	0	0	0	0	0	0	0	0	0	0	0	0	0	0	0	0	0	0	0	0	0	0	0	0	0	0	0	0	0	0	0	0	0	0	0	0	0	0	0	0	0	0	0	0	0	0	0	0	0	0	0	0	0	0	0	0	0	0	0	0	0	0.03	0	0	0	0	0	0	0	0	0	0	0	0	0	0	0	0	0	0	0	0	0	0	0	0	0	0	0	95	0	95	95	0	0	0	0	95	95	95	95	0	0	0	0	0	0	0	0	0	30	0	30	94.1	0	94.1	8767	0	0	0	0	0	0	0	0	0	0	0	0	0	0	0	0	23.4	5.7	1.9	21.78	1.98	0	0	0	0	31.2	43.1	21.6	2.2	24.2	9.9	39600	0	22	2	0	0	0	31.52	43.54	21.82	0	0	0	0	0	0	0	0	0	0	0	0	0.2	0.1	0	0	90	0	0	0	0	0	0	0	0	0	0	0	0	0	0	0	0	0	0	0	0	0	0	0	0	0	0	0	0	0	0	0	0	0	0	0	0	0	0	0	0	0	0	0	0	0	0	0	0	0	0	0	2079
51111	BSF larvae oil. Enterra Oil	2.1	99.3	0.7	0	99	0	0.3	0	0	0	0	0	0	0	39	9228	8305	8305	8305	8305			8305	8305	8305	8305	8305	8305	8305	8305	8305	34.8	34.8	34.8	34.8			30.3	30.3	30.3	30.3	30.3	30.3	30.3	30.3	0	0	0	0	0	0	0	0	0	0	0	0	0	0	0	0	0	0	0	0	0	0	0	0	0	0	0	0	0	0	0	0	0	0	0	0	0	0	0	0	0	0	0	0	0	0	0	0	0	0	0	0	0	0	0	0	0	0	0	0	0	0	0	0	0	0	0	0	0	0	0	0	0	0	0	0	0	0	0	0	0	0	0	0	0	0	0	0	0	0	0	0	0	0	0	0	0	0	0	90	0	90	90	0	0	0	0	90	90	90	90	0	0	0	0	0	0	0	0	0	30	0	30	89.4	0	89.1	8305	0	0	0	0	0	0	0	0	0	0	0	0	0	0	0	0	10.4	2	18.8	16.3	2.6	0	0	0	0	59.1	21.19	18.71	2.89	18.11	9.9	0	0	16.46	2.63	0	0	0	59.7	21.4	18.9	0	0	0	0	0	0	0	0	0	0	0	0	0.2	0.1	0	0	90	0	0	0	0	0	0	0	0	0	0	0	0	0	0	0	0	0	0	0	0	0	0	0	0	0	0	0	0	0	0	0	0	0	0	0	0	0	0	0	0	0	0	0	0	0	0	0	0	0	0	0	3200
51112	BSF larvae oil. H-Oil. Entobel	2.1	99.5	0.5	0	99	0	0.1	0.4	0	0	0	0	0	0	39	9228	8305	8305	8305	8305			8305	8305	8305	8305	8305	8305	8305	8305	8305	34.8	34.8	34.8	34.8			30.3	30.3	30.3	30.3	30.3	30.3	30.3	30.3	0	0	0	0	0	0	0	0	0	0	0	0	0	0	0	0	0	0	0	0	0	0	0	0	0	0	0	0	0	0	0	0	0	0	0	0	0	0	0	0	0	0	0	0	0	0	0	0	0	0	0	0	0	0	0	0	0	0	0	0	0	0	0	0	0	0	0	0	0	0	0	0	0	0	0	0	0	0	0	0	0	0	0	0	0	0	0	0	0	0	0	0	0	0	0	0	0	0	0	90	0	90	90	0	0	0	0	90	90	90	90	0	0	0	0	0	0	0	0	0	30	0	30	89.6	0	89.1	8305	0	0	0	0	0	0	0	0	0	0	0	0	0	0	0	0	10.4	2	18.8	16.3	2.6	0	0	0	0	59.1	21.19	18.71	2.89	18.11	9.9	0	0	16.46	2.63	0	0	0	59.7	21.4	18.9	0	0	0	0	0	0	0	0	0	0	0	0	0.2	0.1	0	0	90	0	0	0	0	0	0	0	0	0	0	0	0	0	0	0	0	0	0	0	0	0	0	0	0	0	0	0	0	0	0	0	0	0	0	0	0	0	0	0	0	0	0	0	0	0	0	0	0	0	0	0	3200
52105	Canola oil	0.3	99	1	0	98.8	0	0.2	0	0	0	0	0	0	0	39	9209	8748	8748	8748	8748			8748	8748	8748	8748	8748	8748	8748	8748	8748	36.6	36.6	36.6	36.6			31.9	31.9	31.9	31.9	31.9	31.9	31.9	31.9	0	0	0	0	0	0	0	0	0	0	0	0	0	0	0	0	0	0	0	0	0	0	0	0	0	0	0	0	0	0	0	0	0	0	0	0	0	0	0	0	0	0	0	0	0	0	0	0	0	0	0	0	0	0	0	0	0	0	0	0	0	0	0	0	0	0	0	0	0	0	0	0	0	0	0	0	0	0.05	0	0	0	0	0	0	0	0	0	0	0	0	129.98	0.71	0	0	0	0	0	0	0	95	0	95	95	0	0	0	0	95	95	95	95	0	0	0	0	0	0	0	0	0	30	0	30	94.1	0	93.9	8748	0	0	0	0	0	0	0	0	0	0	0	0	0	0	0	0	4.95	2.18	56.93	20.3	12	0	0	0	0	7.4	58.29	32.2	13.34	22.56	1.67	0	6485	20.55	12.15	0	0	0	7.49	59	32.59	0	0	0	0	0	0	0	0	0	0	0	0	0.2	0.1	0	0	95	0	0	0	0	0	0	0	0	0	0	0	0	0	0	0	0	0	0	0	0	0	0	0	0	0	0	0	0	0	0	0	0	0	0	0	0	0	0	0	0	0	0	0	0	0	0	0	0	0	0	0	2103
52106	Castor oil	0.2	99	1	0	99	0	0	0	0	0	0	0	0	0	39	9228	8767	8767	8767	8767			8767	8767	8767	8767	8767	8767	8767	8767	8767	36.7	36.7	36.7	36.7			32	32	32	32	32	32	32	32	0	0	0	0	0	0	0	0	0	0	0	0	0	0	0	0	0	0	0	0	0	0	0	0	0	0	0	0	0	0	0	0	0	0	0	0	0	0	0	0	0	0	0	0	0	0	0	0	0	0	0	0	0	0	0	0	0	0	0	0	0	0	0	0	0	0	0	0	0	0	0	0	0	0	0	0	0	0.05	0	0	0	0	0	0	0	0	0	0	0	0	74.44	0	0	0	0	0	0	0	0	95	0	95	95	0	0	0	0	95	95	95	95	0	0	0	0	0	0	0	0	0	30	0	30	94.1	0	94.1	8767	0	0	0	0	0	0	0	0	0	0	0	0	0	0	0	0	2.56	3.46	80.83	10.22	0	0	0	0	0	6.02	82.52	10.22	0	11.35	1.68	0	2440	10.32	0	0	0	0	6.08	83.35	10.32	0	0	0	0	0	0	0	0	0	0	0	0	0.2	0.1	0	0	96	0	0	0	0	0	0	0	0	0	0	0	0	0	0	0	0	0	0	0	0	0	0	0	0	0	0	0	0	0	0	0	0	0	0	0	0	0	0	0	0	0	0	0	0	0	0	0	0	0	0	0	1700
52107	Coconut oil	0.25	99	1	0	98.7	0	0	0.3	0	0	0.3	0	0	0.3	39	9209	8288	8288	8288	8288			8288	8288	8288	8288	8288	8288	8288	8288	8288	34.6	34.6	34.6	34.6			30.2	30.2	30.2	30.2	30.2	30.2	30.2	30.2	0	0	0	0	0	0	0	0	0	0	0	0	0	0	0	0	0	0	0	0	0	0	0	0	0	0	0	0	0	0	0	0	0	0	0	0	0	0	0	0	0	0	0	0	0	0	0	0	0	0	0	0	0	0	0	0	0	0	0	0	0	0	0	0	0	0	0	0	0	0	0	0	0	0	0	0	0	0.05	0	0	0	0	0	0	0	0	0	0	0	0	0.74	0.01	3	0	0	0	0	0	0	90	0	90	90	0	0	0	0	90	90	90	90	0	0	0	0	0	0	0	0	0	30	0	30	89.1	0	88.8	8288	0	0	0	0	0	0	0	0	0	0	0	0	0	0	0	0	8.91	2.48	6.93	1.8	0.1	0	0	0	0	88.79	5.8	1.8	0.11	1.99	1.67	0	700	1.82	0.1	0	0	0	90	5.88	1.82	0	0	0	0	0	0	0	0	0	0	0	0	0.2	0.1	0	0	90	0	0	0	0	0	0	0	0	0	0	0	0	0	0	0	0	0	0	0	0	0	0	0	0	0	0	0	0	0	0	0	0	0	0	0	0	0	0	0	0	0	0	0	0	0	0	0	0	0	0	0	6630
52108	Corn oil	0.2	99	1	0	98.7	0	0.3	0.1	0	0	0.1	0	0	0.1	38	9199	8739	8739	8739	8739			8739	8739	8739	8739	8739	8739	8739	8739	8739	36.6	36.6	36.6	36.6			31.9	31.9	31.9	31.9	31.9	31.9	31.9	31.9	0	0	0	0	0	0	0	0	0	0	0	0	0	0	0	0	0	0	0	0	0	0	0	0	0	0	0	0	0	0	0	0	0	0	0	0	0	0	0	0	0	0	0	0	0	0	0	0	0	0	0	0	0	0	0	0	0	0	0	0	0	0	0	0	0	0	0	0	0	0	0	0	0	0	0	0	0	0.05	0	0	0	0	0	0	0	0	0	0	0	0	106.46	0.02	2	0	0	0	0	0	0	95	0	95	95	0	0	0	0	95	95	95	95	0	0	0	0	0	0	0	0	0	30	0	30	94.1	0	93.7	8739	0	0	0	0	0	0	0	0	0	0	0	0	0	0	0	0	10.59	2.38	25.74	58	0.7	0	0	0	0	13.3	24.2	58.7	0.78	64.44	1.67	0	7325	58.78	0.71	0	0	0	13.48	24.53	59.49	0	0	0	0	0	0	0	0	0	0	0	0	0.2	0.1	0	0	95	0	0	0	0	0	0	0	0	0	0	0	0	0	0	0	0	0	0	0	0	0	0	0	0	0	0	0	0	0	0	0	0	0	0	0	0	0	0	0	0	0	0	0	0	0	0	0	0	0	0	0	2333
52109	Cottonseed oil	0.2	99	1	0	98	0	0	1	0	0	1	0	0	1	38	9175	8717	8717	8717	8717			8717	8717	8717	8717	8717	8717	8717	8717	8717	36.3	36.3	36.3	36.3			31.7	31.7	31.7	31.7	31.7	31.7	31.7	31.7	0	0	0	0	0	0	0	0	0	0	0	0	0	0	0	0	0	0	0	0	0	0	0	0	0	0	0	0	0	0	0	0	0	0	0	0	0	0	0	0	0	0	0	0	0	0	0	0	0	0	0	0	0	0	0	0	0	0	0	0	0	0	0	0	0	0	0	0	0	0	0	0	0	0	0	0	0	0.05	0	0	0	0	0	0	0	0	0	0	0	0	262.6	0.25	2	0	0	0	0	0	0	94	0	95	95	0	0	0	0	95	95	95	95	0	0	0	0	0	0	0	0	0	30	0	30	93.1	0	93.1	8717	0	0	0	0	0	0	0	0	0	0	0	0	0	0	0	0	23.56	2.48	18.61	51.5	0.2	0	0	0	0	27.1	17.8	51.7	0.22	57.22	1.66	0	2920	52.55	0.2	0	0	0	27.65	18.16	52.76	0	0	0	0	0	0	0	0	0	0	0	0	0.2	0.1	0	0	94	0	0	0	0	0	0	0	0	0	0	0	0	0	0	0	0	0	0	0	0	0	0	0	0	0	0	0	0	0	0	0	0	0	0	0	0	0	0	0	0	0	0	0	0	0	0	0	0	0	0	0	1700
52110	Linseed oil	0.5	99	1	0	99	0	0	0	0	0	0	0	0	0	39	9228	8490	8490	8490	8490			8490	8490	8490	8490	8490	8490	8490	8490	8490	35.5	35.5	35.5	35.5			31	31	31	31	31	31	31	31	0	0	0	0	0	0	0	0	0	0	0	0	0	0	0	0	0	0	0	0	0	0	0	0	0	0	0	0	0	0	0	0	0	0	0	0	0	0	0	0	0	0	0	0	0	0	0	0	0	0	0	0	0	0	0	0	0	0	0	0	0	0	0	0	0	0	0	0	0	0	0	0	0	0	0	0	0	0.05	0	0	0	0	0	0	0	0	0	0	0	0	130.28	0	2	0	0	0	0	0	0	92	0	92	92	0	0	0	0	92	92	92	92	0	0	0	0	0	0	0	0	0	30	0	30	91.1	0	91.1	8490	0	0	0	0	0	0	0	0	0	0	0	0	0	0	0	0	5.28	4.86	21.14	16.34	49.35	0	0	0	0	9.4	20.2	66	54.84	18.15	1.08	0	6890	16.5	49.85	0	0	0	9.49	20.4	66.67	0	0	0	0	0	0	0	0	0	0	0	0	0.2	0.1	0	0	92	0	0	0	0	0	0	0	0	0	0	0	0	0	0	0	0	0	0	0	0	0	0	0	0	0	0	0	0	0	0	0	0	0	0	0	0	0	0	0	0	0	0	0	0	0	0	0	0	0	0	0	1810
52111	Mustard oil	0.25	99	1	0	99	0	0	0	0	0	0	0	0	0	39	9228	8767	8767	8767	8767			8767	8767	8767	8767	8767	8767	8767	8767	8767	36.7	36.7	36.7	36.7			32	32	32	32	32	32	32	32	0	0	0	0	0	0	0	0	0	0	0	0	0	0	0	0	0	0	0	0	0	0	0	0	0	0	0	0	0	0	0	0	0	0	0	0	0	0	0	0	0	0	0	0	0	0	0	0	0	0	0	0	0	0	0	0	0	0	0	0	0	0	0	0	0	0	0	0	0	0	0	0	0	0	0	0	0	0.05	0	0	0	0	0	0	0	0	0	0	0	0	74.44	0	0	0	0	0	0	0	0	95	0	95	95	0	0	0	0	95	95	95	95	0	0	0	0	0	0	0	0	0	30	0	30	94.1	0	94.1	8767	0	0	0	0	0	0	0	0	0	0	0	0	0	0	0	0	1.72	1.03	20.35	20.36	11.3	2.27	0	0	0	15.94	47.52	34.65	12.55	25.15	1.08	0	64000	20.57	11.41	2.29	0	0	16.1	48	35	0	0	0	0	0	0	0	0	0	0	0	0	0.2	0.1	0	0	95	0	0	0	0	0	0	0	0	0	0	0	0	0	0	0	0	0	0	0	0	0	0	0	0	0	0	0	0	0	0	0	0	0	0	0	0	0	0	0	0	0	0	0	0	0	0	0	0	0	0	0	1700
52112	Olive oil	0.25	99	1	0	99	0	0	0	0	0	0	0	0	0	39	9228	8767	8767	8767	8767			8767	8767	8767	8767	8767	8767	8767	8767	8767	36.7	36.7	36.7	36.7			32	32	32	32	32	32	32	32	0	0	0	0	0	0	0	0	0	0	0	0	0	0	0	0	0	0	0	0	0	0	0	0	0	0	0	0	0	0	0	0	0	0	0	0	0	0	0	0	0	0	0	0	0	0	0	0	0	0	0	0	0	0	0	0	0	0	0	0	0	0	0	0	0	0	0	0	0	0	0	0	0	0	0	0	0	0.05	0	0	0	0	0	0	0	0	0	0	0	0	106.46	0.6	3	0	0	0	0	0	0	95	0	95	95	0	0	0	0	95	95	95	95	0	0	0	0	0	0	0	0	0	30	0	30	94.1	0	94.1	8767	0	0	0	0	0	0	0	0	0	0	0	0	0	0	0	0	9.9	3.47	77.22	7.9	0.6	0	0	0	0	14.1	73.3	8.5	0.67	8.78	1.08	0	1560	7.98	0.61	0	0	0	14.24	74.04	8.59	0	0	0	0	0	0	0	0	0	0	0	0	0.2	0.1	0	0	95	0	0	0	0	0	0	0	0	0	0	0	0	0	0	0	0	0	0	0	0	0	0	0	0	0	0	0	0	0	0	0	0	0	0	0	0	0	0	0	0	0	0	0	0	0	0	0	0	0	0	0	1700
52113	Palm oil	0.25	99	1	0	99	0	0	0	0	0	0	0	0	0	39	9228	8305	8305	8305	8305			8305	8305	8305	8305	8305	8305	8305	8305	8305	34.8	34.8	34.8	34.8			30.3	30.3	30.3	30.3	30.3	30.3	30.3	30.3	0	0	0	0	0	0	0	0	0	0	0	0	0	0	0	0	0	0	0	0	0	0	0	0	0	0	0	0	0	0	0	0	0	0	0	0	0	0	0	0	0	0	0	0	0	0	0	0	0	0	0	0	0	0	0	0	0	0	0	0	0	0	0	0	0	0	0	0	0	0	0	0	0	0	0	0	0	0.05	0	0	0	0	0	0	0	0	0	0	0	0	118.37	0.08	3	0	0	0	0	0	0	90	0	90	90	0	0	0	0	90	90	90	90	0	0	0	0	0	0	0	0	0	30	0	30	89.1	0	89.1	8305	0	0	0	0	0	0	0	0	0	0	0	0	0	0	0	0	44.1	4.4	39	9.1	0.2	0	0	0	0	51.6	37	9.5	0.22	10.11	1.08	0	660	9.19	0.2	0	0	0	52.12	37.37	9.6	0	0	0	0	0	0	0	0	0	0.1	0	0	0.4	0.1	0	0	90	0	0	0	0	0	0	0	0	0	0	0	0	0	0	0	0	0	0	0	0	0	0	0	0	0	0	0	0	0	0	0	0	0	0	0	0	0	0	0	0	0	0	0	0	0	0	0	0	0	0	0	3471
52114	Peanut oil	0.25	99	1	0	99	0	0	0	0	0	0	0	0	0	39	9228	8767	8767	8767	8767			8767	8767	8767	8767	8767	8767	8767	8767	8767	36.7	36.7	36.7	36.7			32	32	32	32	32	32	32	32	0	0	0	0	0	0	0	0	0	0	0	0	0	0	0	0	0	0	0	0	0	0	0	0	0	0	0	0	0	0	0	0	0	0	0	0	0	0	0	0	0	0	0	0	0	0	0	0	0	0	0	0	0	0	0	0	0	0	0	0	0	0	0	0	0	0	0	0	0	0	0	0	0	0	0	0	0	0.05	0	0	0	0	0	0	0	0	0	0	0	0	116.88	0.01	1	0	0	0	0	0	0	95	0	95	95	0	0	0	0	95	95	95	95	0	0	0	0	0	0	0	0	0	30	0	30	94.1	0	94.1	8767	0	0	0	0	0	0	0	0	0	0	0	0	0	0	0	0	8.91	3.27	49.5	32	0.1	0	0	0	0	17.8	46.2	32	0.11	35.55	1.08	0	1570	32.32	0.1	0	0	0	17.98	46.67	32.32	40	0	0	0	0	0	0	0	0	0	0	0	0.2	0.1	0	0	95	0	0	0	0	0	0	0	0	0	0	0	0	0	0	0	0	0	0	0	0	0	0	0	0	0	0	0	0	0	0	0	0	0	0	0	0	0	0	0	0	0	0	0	0	0	0	0	0	0	0	0	2816
52115	Safflower oil	0.2	99	1	0	99	0	0	0	0	0	0	0	0	0	39	9228	8767	8767	8767	8767			8767	8767	8767	8767	8767	8767	8767	8767	8767	36.7	36.7	36.7	36.7			32	32	32	32	32	32	32	32	0	0	0	0	0	0	0	0	0	0	0	0	0	0	0	0	0	0	0	0	0	0	0	0	0	0	0	0	0	0	0	0	0	0	0	0	0	0	0	0	0	0	0	0	0	0	0	0	0	0	0	0	0	0	0	0	0	0	0	0	0	0	0	0	0	0	0	0	0	0	0	0	0	0	0	0	0	0.05	0	0	0	0	0	0	0	0	0	0	0	0	253.86	0.07	0	0	0	0	0	0	0	95	0	95	95	0	0	0	0	95	95	95	95	0	0	0	0	0	0	0	0	0	30	0	30	94.1	0	94.1	8767	0	0	0	0	0	0	0	0	0	0	0	0	0	0	0	0	7.03	2.28	14.45	73.66	1.19	0.1	0	0	0	9.5	12.1	74.5	1.32	81.95	1.08	0	1076	74.4	1.2	0.1	0	0	9.6	12.22	75.25	0	0	0	0	0	0	0	0	0	0	0	0	0.2	0.1	0	0	95	0	0	0	0	0	0	0	0	0	0	0	0	0	0	0	0	0	0	0	0	0	0	0	0	0	0	0	0	0	0	0	0	0	0	0	0	0	0	0	0	0	0	0	0	0	0	0	0	0	0	0	1700
52116	Sesame oil	0.4	99	1	0	99	0	0	0	0	0	0	0	0	0	39	9228	8767	8767	8767	8767			8767	8767	8767	8767	8767	8767	8767	8767	8767	36.7	36.7	36.7	36.7			32	32	32	32	32	32	32	32	0	0	0	0	0	0	0	0	0	0	0	0	0	0	0	0	0	0	0	0	0	0	0	0	0	0	0	0	0	0	0	0	0	0	0	0	0	0	0	0	0	0	0	0	0	0	0	0	0	0	0	0	0	0	0	0	0	0	0	0	0	0	0	0	0	0	0	0	0	0	0	0	0	0	0	0	0	0.05	0	0	0	0	0	0	0	0	0	0	0	0	10.42	0.14	2	0	0	0	0	0	0	95	0	95	95	0	0	0	0	95	95	95	95	0	0	0	0	0	0	0	0	0	30	0	30	94.1	0	94.1	8767	0	0	0	0	0	0	0	0	0	0	0	0	0	0	0	0	7.42	4	28.3	28.07	0.29	0	0	0	0	35.99	28.39	28.35	0.32	31.19	1.08	0	5040	28.35	0.29	0	0	0	36.35	28.68	28.64	0	0	0	0	0	0	0	0	0	0	0	0	0.2	0.1	0	0	95	0	0	0	0	0	0	0	0	0	0	0	0	0	0	0	0	0	0	0	0	0	0	0	0	0	0	0	0	0	0	0	0	0	0	0	0	0	0	0	0	0	0	0	0	0	0	0	0	0	0	0	1700
52117	Soybean oil	0.25	99	1	0	99	0	0	0	0	0	0	0	0	0	39	9228	8767	8767	8767	8767			8767	8767	8767	8767	8767	8767	8767	8767	8767	36.7	36.7	36.7	36.7			32	32	32	32	32	32	32	32	0	0	0	0	0	0	0	0	0	0	0	0	0	0	0	0	0	0	0	0	0	0	0	0	0	0	0	0	0	0	0	0	0	0	0	0	0	0	0	0	0	0	0	0	0	0	0	0	0	0	0	0	0	0	0	0	0	0	0	0	0	0	0	0	0	0	0	0	0	0	0	0	0	0	0	0	0	0.05	0	0	0	0	0	0	0	0	0	0	0	0	61.04	0.18	2	0	0	0	0	0	0	95	0	95	95	0	0	0	0	95	95	95	95	0	0	0	0	0	0	0	0	0	30	0	30	94.1	0	94.1	8767	0	0	0	0	0	0	0	0	0	0	0	0	0	0	0	0	9.41	3.96	21.78	51	6.8	0	0	0	0	15.1	23.2	57.8	7.56	56.67	1.08	0	2460	51.52	6.87	0	0	0	15.25	23.43	58.38	0	0	0	0	0	0	0	0	0	0	0	0	0.2	0.1	0	0	95	0	0	0	0	0	0	0	0	0	0	0	0	0	0	0	0	0	0	0	0	0	0	0	0	0	0	0	0	0	0	0	0	0	0	0	0	0	0	0	0	0	0	0	0	0	0	0	0	0	0	0	4755
52118	Sunflower oil	0.25	99	1	0	99	0	0	0	0	0	0	0	0	0	39	9228	8767	8767	8767	8767			8767	8767	8767	8767	8767	8767	8767	8767	8767	36.7	36.7	36.7	36.7			32	32	32	32	32	32	32	32	0	0	0	0	0	0	0	0	0	0	0	0	0	0	0	0	0	0	0	0	0	0	0	0	0	0	0	0	0	0	0	0	0	0	0	0	0	0	0	0	0	0	0	0	0	0	0	0	0	0	0	0	0	0	0	0	0	0	0	0	0	0	0	0	0	0	0	0	0	0	0	0	0	0	0	0	0	0.05	0	0	0	0	0	0	0	0	0	0	0	0	305.97	0.05	0	0	0	0	0	0	0	95	0	95	95	0	0	0	0	95	95	95	95	0	0	0	0	0	0	0	0	0	30	0	30	94.1	0	94.1	8767	0	0	0	0	0	0	0	0	0	0	0	0	0	0	0	0	6.34	4.95	22.37	65.7	0.1	0	0	0	0	10.6	19.5	65.7	0.11	73	0.99	0	3015	66.36	0.1	0	0	0	10.71	19.7	66.36	0	0	0	0	0	0	0	0	0	0	0	0	0.2	0.1	0	0	95	0	0	0	0	0	0	0	0	0	0	0	0	0	0	0	0	0	0	0	0	0	0	0	0	0	0	0	0	0	0	0	0	0	0	0	0	0	0	0	0	0	0	0	0	0	0	0	0	0	0	0	2521
52119	Rice bran oil	0.25	99	1	0	99	0	0	0	0	0	0	0	0	0	39	9228	8767	8767	8767	8767			8767	8767	8767	8767	8767	8767	8767	8767	8767	36.7	36.7	36.7	36.7			32	32	32	32	32	32	32	32	0	0	0	0	0	0	0	0	0	0	0	0	0	0	0	0	0	0	0	0	0	0	0	0	0	0	0	0	0	0	0	0	0	0	0	0	0	0	0	0	0	0	0	0	0	0	0	0	0	0	0	0	0	0	0	0	0	0	0	0	0	0	0	0	0	0	0	0	0	0	0	0	0	0	0	0	0	0.05	0	0	0	0	0	0	0	0	0	0	0	0	305.97	0.05	0	0	0	0	0	0	0	95	0	95	95	0	0	0	1	95	95	95	95	0	0	0	0	0	0	0	0	0	30	0	30	94.1	0	94.1	8767	0	0	0	0	0	0	0	0	0	0	0	0	0	0	0	0	20	5	42	32	0.1	0	0	0	0	9.9	9.9	24.75	0.11	35.55	1.08	0	1560	32.32	0.1	0	0	0	10	10	25	0	0	0	0	0	0	0	0	0	0	0	0	0.2	0.1	0	0	95	0	0	0	0	0	0	0	0	0	0	0	0	0	0	0	0	0	0	0	0	0	0	0	0	0	0	0	0	0	0	0	0	0	0	0	0	0	0	0	0	0	0	0	0	0	0	0	0	0	0	0	1200
54104	Palm fatty acid distillate	0.3	99	1	0	99	0	0	0	0	0	0	0	0	0	39	9228	8767	8767	8767	8767			8767	8767	8767	8767	8767	8767	8767	8767	8767	36.7	36.7	36.7	36.7			32	32	32	32	32	32	32	32	0	0	0	0	0	0	0	0	0	0	0	0	0	0	0	0	0	0	0	0	0	0	0	0	0	0	0	0	0	0	0	0	0	0	0	0	0	0	0	0	0	0	0	0	0	0	0	0	0	0	0	0	0	0	0	0	0	0	0	0	0	0	0	0	0	0	0	0	0	0	0	0	0	0	0	0	0	0	0	0	0	0	0	0	0	0	0	0	0	0	0	0	0	0	0	0	0	0	0	95	0	95	95	0	0	0	0	95	95	95	95	0	0	0	0	0	0	0	0	0	30	0	30	94.1	0	94.1	8767	0	0	0	0	0	0	0	0	0	0	0	0	0	0	0	0	40.85	4.56	38	9.9	2.97	1.98	0.99	0.99	1.98	47.52	41.09	8.96	5.5	13.2	23.76	0	0	10	3	2	1	1	48	41.5	9.05	0	0	0	0	0	0	0	0	0	0	0	0	0	0	0	0	85	0	0	0	0	0	0	0	0	0	0	0	0	0	0	0	0	0	0	0	0	0	0	0	0	0	0	0	0	0	0	0	0	0	0	0	0	0	0	0	0	0	0	0	0	0	0	0	0	0	0	0	3338
54105	Soy lecithin	0.9	99	1	0	91	0	3	5	0	0	5	0	5	0	36	8685	7209	7209	7209	7209			7209	7209	7209	7209	7209	7209	7209	7209	7209	30.4	30.6	30.6	30.6			26.3	26.3	26.3	26.3	26.3	26.3	26.3	26.3	0	0	0	0	0	0	0	0	0	0	0	0	0	0	0	0	0	0	0	0	0	0	0	0	0	0	0	0	0	0	0	0	0	0	0	0	0	0	0	0	0	0	0	0	0	0	0	0	0	0	0	0	0	1.6	0	53.33	0	0	0	0	0	0	0	0	0	0	0	0	0	0	0	0	0	0	0	0	0	0	0	0.42	0.6	0.12	5.59	0.29	0.33	0.12	0	0	0	0	967.78	0	66300	41700	0	0	0	0	0	80	0	85	83	0	0	0	0	83	83	83	83	0	0	0	0	0	0	0	0	0	30	0	30	79.2	0	77.4	7209	0	0	0	0	0	0	0	0	0	0	0	0	0	0	0	0	15.77	6.3	12.98	57.26	1.84	0	0	0	0	20.08	11.81	59.1	2.04	63.62	65	0	30000	62.92	2.02	0	0	0	22.07	12.98	64.94	0	0	0	0	0	0	0	0	0	0	0	0	0	0	0	0	80	0	0	0	0	0	0	0	0	0	0	0	0	0	0	0	0	0	0	0	0	0	0	0	0	0	0	0	0	0	0	0	0	0	0	0	0	0	0	0	0	0	0	0	0	0	0	0	0	0	0	0	1700
54106	Glycerol	0.95	91	9	0.2	1	0	2	87.8	0	0	87.8	0	0	87.8	15	3671	3488	3488	3488	3488			110	1175	1175	1175	110	1175	1175	1175	3487	0.4	0.4	0.4	0.4			0.4	3	3	3	0.4	3	3	3	0	0	0	0	0	0	0	0	0	0	0	0	0	0	0.01	0.01	0	0	0.01	0	0.03	0	0	0	0	0	0	0	0	0	0	0	0	0	5	5	0	0	5	0	0	0	0	0	0	0	0	0	0	0	0	0	0	0	0	0	0	0	0	0	0	0	0	0	0	0	0	0	0	0	0	0	0	0	0	0	0	0	0	0	0	0	0	0	0	0	0	0	0	0	0	0	0	0	0	0	0	0	0	94	95	95	95	95	0	0	0	3	32	3	32	0	0	0	0	0	0	0	0	0	30	0	30	85.5	0.2	1	3488	83.41	0	0	0	0	0	0	0	0	0	0	0	0	0	0	0	0.87	0.3	2.44	0	0	0	0	0	0	0.45	0.35	0.15	0	0	0.9	0	30000	0	0	0	0	0	45	35	15	0	0	0	0	0	0	0	0	0	0	0	0	0	0	0	0	80	0	0	0	0	0	0	0	0	0	0	0	0	0	0	0	0	0	0	0	0	0	0	0	0	0	0	0	0	0	0	0	0	0	0	0	0	0	0	0	0	0	0	0	0	0	0	0	0	0	0	0	1700
55105	Cholesterol. feed grade	4	99	1	0	95	0	0	4	0	0	4	0	0	4	38	9018	7485	7485	7485	7485			7485	7575	7575	7575	7485	7575	7575	7575	7485	31.5	31.5	31.5	31.5			27.5	27.6	27.6	27.6	27.5	27.6	27.6	27.6	0	0	0	0	0	0	0	0	0	0	0	0	0	0	0	0	0	0	0	0	0	0	0	0	0	0	0	0	0	0	0	0	0	0	0	0	0	0	0	0	0	0	0	0	0	0	0	0	0	0	0	0	0	0	0	0	0	0	0	0	0	0	0	0	0	0	0	0	0	0	0	0	0	0	0	0	0	0	0	0	0	0	0	0	0	0	0	0	0	0	0	0	0	0	0	0	0	0	0	82	0	85	83	0	0	0	0	83	84	83	84	0	0	0	0	0	0	0	0	0	30	0	30	81.2	0	80.8	7485	0	0	0	0	0	0	0	0	0	0	0	0	0	0	0	0	0.87	0.3	2.44	0	0	0	0	0	0	76	0	0	0	0	85.5	750000	0	0	0	0	0	0	80	0	0	0	0	0	0	0	0	0	0	0	0	0	0	0	0	0	0	70	0	0	0	0	0	0	0	0	0	0	0	0	0	0	0	0	0	0	0	0	0	0	0	0	0	0	0	0	0	0	0	0	0	0	0	0	0	0	0	0	0	0	0	0	0	0	0	0	0	0	0	1700
55106	Aquasterol. phytosterol supplement. INVE	5	99	1	10	20	0	22	47	0	0	47	0	0	47	18	4338	1605	1605	1605	1605			1605	2169	2169	2169	1605	2169	2169	2169	1605	6.6	6.6	6.6	6.6			5.8	7.2	7.2	7.2	5.8	7.2	7.2	7.2	0	0	0	0	0	0	0	0	0	0	0	0	0	0	0	0	0	0	0	0	0	0	0	0	0	0	0	0	0	0	0	0	0	0	0	0	0	0	0	0	0	0	0	0	0	0	0	0	0	0	0	0	0	0	0	0	0	0	0	0	0	0	0	0	0	0	0	0	0	0	0	0	0	0	0	0	0	0	0	0	0	0	0	0	0	0	0	0	0	0	0	0	0	0	0	0	0	0	0	28	0	85	37	0	0	0	0	37	50	37	50	0	0	0	0	0	0	0	0	0	30	0	30	27.7	0	17	1605	0	0	0	0	0	0	0	0	0	0	0	0	0	0	0	0	0.87	0.3	2.44	0	0.06	0	1.18	1.04	2.22	3.3	6.76	4.44	2.53	0	18	0	950	0	0.3	0	5.9	5.2	16.5	33.8	22.2	0	0	0	0	0	0	0	0	0	0	0	0	0	0	0	0	70	0	0	0	0	0	0	0	0	0	0	0	0	0	0	0	0	0	0	0	0	0	0	0	0	0	0	0	0	0	0	0	0	0	0	0	0	0	0	0	0	0	0	0	0	0	0	0	0	0	0	0	1700
55107	Soy lecithin. dry	0.9	99	1	0	91	0	3	5	0	0	5	0	5	0	36	8685	7209	7209	7209	7209			7209	7209	7209	7209	7209	7209	7209	7209	7209	30.4	30.6	30.6	30.6			26.3	26.3	26.3	26.3	26.3	26.3	26.3	26.3	0	0	0	0	0	0	0	0	0	0	0	0	0	0	0	0	0	0	0	0	0	0	0	0	0	0	0	0	0	0	0	0	0	0	0	0	0	0	0	0	0	0	0	0	0	0	0	0	0	0	0	0	0	1.6	0	53.33	0	0	0	0	0	0	0	0	0	0	0	0	0	0	0	0	0	0	0	0	0	0	0	0.42	0.6	0.12	5.59	0.29	0.33	0.12	0	0	0	0	967.78	0	66300	41700	0	0	0	0	0	80	0	85	83	0	0	0	0	83	83	83	83	0	0	0	0	0	0	0	0	0	30	0	30	79.2	0	77.4	7209	0	0	0	0	0	0	0	0	0	0	0	0	0	0	0	0	16.7	4.2	16.43	62.92	2.02	0	0	0	0	20.08	11.81	59.1	2.24	69.91	65	0	30000	69.14	2.22	0	0	0	22.07	12.98	64.94	0	0	0	0	0	0	0	0	0	0	0	0	0	0	0	0	80	0	0	0	0	0	0	0	0	0	0	0	0	0	0	0	0	0	0	0	0	0	0	0	0	0	0	0	0	0	0	0	0	0	0	0	0	0	0	0	0	0	0	0	0	0	0	0	0	0	0	0	1700
55108	Soy lecithin. crude. liquid	0.9	60	40	0	52	0	3	5	0	0	5	0	5	0	21	5050	4141	4141	4141	4141			4141	4141	4141	4141	4141	4141	4141	4141	4141	17.5	17.7	17.7	17.6			15	15	15	15	15	15	15	15	0	0	0	0	0	0	0	0	0	0	0	0	0	0	0	0	0	0	0	0	0	0	0	0	0	0	0	0	0	0	0	0	0	0	0	0	0	0	0	0	0	0	0	0	0	0	0	0	0	0	0	0	0	1.6	0	53.33	0	0	0	0	0	0	0	0	0	0	0	0	0	0	0	0	0	0	0	0	0	0	0	0.42	0.6	0.12	5.59	0.29	0.33	0.12	0	0	0	0	967.78	0	33150	20850	0	0	0	0	0	76	0	85	82	0	0	0	0	82	82	82	82	0	0	0	0	0	0	0	0	0	30	0	30	45.6	0	44.2	4141	0	0	0	0	0	0	0	0	0	0	0	0	0	0	0	0	16.7	4.2	16.43	35.95	1.15	0	0	0	0	11.48	6.75	33.77	1.28	39.95	65	0	30000	69.14	2.22	0	0	0	22.07	12.98	64.94	0	0	0	0	0	0	0	0	0	0	0	0	0	0	0	0	80	0	0	0	0	0	0	0	0	0	0	0	0	0	0	0	0	0	0	0	0	0	0	0	0	0	0	0	0	0	0	0	0	0	0	0	0	0	0	0	0	0	0	0	0	0	0	0	0	0	0	0	1700
55109	Soy Lecithin. hydrolyzed. powdered. Nutripur E	0.9	98.8	1.2	0	91	0	3	4.8	0	0	4.8	0	5	0	36	8678	8418	8418	8418	8418			8418	8418	8418	8418	8418	8418	8418	8418	8418	35.4	35.6	35.6	35.5			30.6	30.6	30.6	30.6	30.6	30.6	30.6	30.6	0	0	0	0	0	0	0	0	0	0	0	0	0	0	0	0	0	0	0	0	0	0	0	0	0	0	0	0	0	0	0	0	0	0	0	0	0	0	0	0	0	0	0	0	0	0	0	0	0	0	0	0	0	1.6	0	53.33	0	0	0	0	0	0	0	0	0	0	0	0	0	0	0	0	0	0	0	0	0	0	0	0.42	0.6	0.12	5.59	0.29	0.33	0.12	0	0	0	0	967.78	0	66300	41700	0	0	0	0	0	93	0	99	97	0	0	0	0	97	97	97	97	0	0	0	0	0	0	0	0	0	30	0	30	91.9	0	90.1	8418	0	0	0	0	0	0	0	0	0	0	0	0	0	0	0	0	16.7	4.2	16.43	62.92	2.02	0	0	0	0	20.08	11.81	59.1	2.24	69.91	63.55	0	30000	69.14	2.22	0	0	0	22.07	12.98	64.94	0	0	0	0	0	0	0	0	0	0	0	0	0	0	0	0	80	0	0	0	0	0	0	0	0	0	0	0	0	0	0	0	0	0	0	0	0	0	0	0	0	0	0	0	0	0	0	0	0	0	0	0	0	0	0	0	0	0	0	0	0	0	0	0	0	0	0	0	1700
60105	Vitamin premix. OMNR (0.5%)	3	98	2	12.6	2.4	5.6	2.9	74.5	26.4	10.4	80.1	25.3	2.4	42.1	18	4190	3268	3268	3268	3268			1466	2053	2053	2053	1299	1969	1969	1969	3243	4.2	5.6	5.6	4.3			2.9	5.2	5.2	5.2	2.6	5	5	5	0	0	0	0	0	0	0	0	0	0	0	0	0	0	0	0	0	0	0	0	0	0	0	0	0	0	0	0	0	0	0	0	0	0	0	0	0	0	0	0	0	0	0	0	0	0	0	0	0	0	0	0	0.09	1.05	3.03	36.13	0.63	0	60	0.41	0	0	0	0.34	0.44	0.33	0.38	0	0	0	0	0	0	0	0	0	0	0	0	42	300	3000	6000	1500	1800	300	6	15000	750000	600000	13500	300	300000	0	0	0	0	0	0	79	43	85	78	85	99	99	99	35	49	31	47	85	95	70	85	90	90	90	90	0	30	0	30	77.4	5.4	2	3268	68.09	25	25	25	0	0	0	0	0	0	0	0	0	0	0	0	0	0	0	0	0	0	0	0	0	0	0	0	0	0	0	0	0	0	0	0	0	0	0	0	0	0	0	0	0	0	0	2.2	0	0	0	0	0	3	0	0	0	99	0	0	0	0	0	0	0	0	0	0	0	0	0	0	0	0	0	0	0	0	0	0	0	0	0	0	0	0	0	0	0	0	0	0	0	0	0	0	0	0	0	0	0	0	0	0	0	0	0	0	0	891
60106	Vitamin premix. USSEC standard. fish brood and starter. 0.5%	3	98	2	12.6	2.4	5.6	2.9	74.5	26.4	10.4	80.1	25.3	2.4	42.1	18	4190	3268	3268	3268	3268			1466	2053	2053	2053	1299	1969	1969	1969	3243	4.2	5.6	5.6	4.3			2.9	5.2	5.2	5.2	2.6	5	5	5	0	0	0	0	0	0	0	0	0	0	0	0	0	0	0	0	0	0	0	0	0	0	0	0	0	0	0	0	0	0	0	0	0	0	0	0	0	0	0	0	0	0	0	0	0	0	0	0	0	0	0	0	0.09	1.05	3.03	36.13	0.63	0	60	0.41	0	0	0	0.34	0.44	0.33	0.38	0	0	0	0	0	0	0	0	0	0	0	0	350	2400	60000	30000	7000	10000	6000	8	0	1600000	600000	72000	12000	0	0	0	0	500	0	0	79	43	85	78	85	99	99	99	35	49	31	47	85	95	70	85	90	90	90	90	0	30	0	30	77.4	5.4	2	3268	68.09	25	25	25	0	0	0	0	0	0	0	0	0	0	0	0	0	0	0	0	0	0	0	0	0	0	0	0	0	0	0	0	0	0	0	0	0	0	0	0	0	0	0	0	0	0	0	2.2	0	0	0	0	0	3	0	0	0	99	0	0	0	0	0	0	0	0	0	0	0	0	0	0	0	0	0	0	0	0	0	0	0	0	0	0	0	0	0	0	0	0	0	0	0	0	0	0	0	0	0	0	0	0	0	0	0	0	0	0	0	891
60107	Vitamin premix. USSEC standard. fish grower. 0.5%	3	98	2	12.6	2.4	5.6	2.9	74.5	26.4	10.4	80.1	25.3	2.4	42.1	18	4190	3268	3268	3268	3268			1466	2053	2053	2053	1299	1969	1969	1969	3243	4.2	5.6	5.6	4.3			2.9	5.2	5.2	5.2	2.6	5	5	5	0	0	0	0	0	0	0	0	0	0	0	0	0	0	0	0	0	0	0	0	0	0	0	0	0	0	0	0	0	0	0	0	0	0	0	0	0	0	0	0	0	0	0	0	0	0	0	0	0	0	0	0	0.09	1.05	3.03	36.13	0.63	0	60	0.41	0	0	0	0.34	0.44	0.33	0.38	0	0	0	0	0	0	0	0	0	0	0	0	300	1800	40000	20000	5000	8000	4000	4	0	1400000	600000	20000	10000	0	0	0	0	500	0	0	79	43	85	78	85	99	99	99	35	49	31	47	85	95	70	85	90	90	90	90	0	30	0	30	77.4	5.4	2	3268	68.09	25	25	25	0	0	0	0	0	0	0	0	0	0	0	0	0	0	0	0	0	0	0	0	0	0	0	0	0	0	0	0	0	0	0	0	0	0	0	0	0	0	0	0	0	0	0	2.2	0	0	0	0	0	3	0	0	0	99	0	0	0	0	0	0	0	0	0	0	0	0	0	0	0	0	0	0	0	0	0	0	0	0	0	0	0	0	0	0	0	0	0	0	0	0	0	0	0	0	0	0	0	0	0	0	0	0	0	0	0	891
60108	Vitamin premix. USSEC standard. fish finisher. 0.5%	3	98	2	12.6	2.4	5.6	2.9	74.5	26.4	10.4	80.1	25.3	2.4	42.1	18	4190	3268	3268	3268	3268			1466	2053	2053	2053	1299	1969	1969	1969	3243	4.2	5.6	5.6	4.3			2.9	5.2	5.2	5.2	2.6	5	5	5	0	0	0	0	0	0	0	0	0	0	0	0	0	0	0	0	0	0	0	0	0	0	0	0	0	0	0	0	0	0	0	0	0	0	0	0	0	0	0	0	0	0	0	0	0	0	0	0	0	0	0	0	0.09	1.05	3.03	36.13	0.63	0	60	0.41	0	0	0	0.34	0.44	0.33	0.38	0	0	0	0	0	0	0	0	0	0	0	0	300	1800	40000	20000	5000	8000	4000	4	0	1400000	600000	20000	10000	0	0	0	0	500	0	0	79	43	85	78	85	99	99	99	35	49	31	47	85	95	70	85	90	90	90	90	0	30	0	30	77.4	5.4	2	3268	68.09	25	25	25	0	0	0	0	0	0	0	0	0	0	0	0	0	0	0	0	0	0	0	0	0	0	0	0	0	0	0	0	0	0	0	0	0	0	0	0	0	0	0	0	0	0	0	2.2	0	0	0	0	0	3	0	0	0	99	0	0	0	0	0	0	0	0	0	0	0	0	0	0	0	0	0	0	0	0	0	0	0	0	0	0	0	0	0	0	0	0	0	0	0	0	0	0	0	0	0	0	0	0	0	0	0	0	0	0	0	891
60109	Vitamin premix. USSEC standard. shrimp. 0.4%	3	98	2	12.6	2.4	5.6	2.9	74.5	26.4	10.4	80.1	25.3	2.4	42.1	18	4190	3268	3268	3268	3268			1466	2053	2053	2053	1299	1969	1969	1969	3243	4.2	5.6	5.6	4.3			2.9	5.2	5.2	5.2	2.6	5	5	5	0	0	0	0	0	0	0	0	0	0	0	0	0	0	0	0	0	0	0	0	0	0	0	0	0	0	0	0	0	0	0	0	0	0	0	0	0	0	0	0	0	0	0	0	0	0	0	0	0	0	0	0	0.09	1.05	3.03	36.13	0.63	0	60	0.41	0	0	0	0.34	0.44	0.33	0.38	0	0	0	0	0	0	0	0	0	0	0	0	750	2500	50000	25000	20000	12500	15000	4	0	2000000	1000000	50000	20000	0	0	0	0	0	0	0	79	43	85	78	85	99	99	99	35	49	31	47	85	95	70	85	90	90	90	90	0	30	0	30	77.4	5.4	2	3268	68.09	25	25	25	0	0	0	0	0	0	0	0	0	0	0	0	0	0	0	0	0	0	0	0	0	0	0	0	0	0	0	0	0	0	0	0	0	0	0	0	0	0	0	0	0	0	0	2.2	0	0	0	0	0	3	0	0	0	99	0	0	0	0	0	0	0	0	0	0	0	0	0	0	0	0	0	0	0	0	0	0	0	0	0	0	0	0	0	0	0	0	0	0	0	0	0	0	0	0	0	0	0	0	0	0	0	0	0	0	0	891
60110	Vitamin premix. INVE. shrimp (0.1%)	3	92	8	12.6	2.4	5.6	2.9	68.5	26.4	10.4	74.1	25.3	2.4	36.1	17	3946	3038	3038	3038	3038			1460	2012	2012	2012	1302	1894	1894	1894	3014	4.2	5.6	5.6	4.3			2.9	5	5	5	2.6	4.8	4.8	4.8	0	0	0	0	0	0	0	0	0	0	0	0	0	0	0	0	0	0	0	0	0	0	0	0	0	0	0	0	0	0	0	0	0	0	0	0	0	0	0	0	0	0	0	0	0	0	0	0	0	0	0	0	0.09	1.05	3.03	36.13	0.63	0	60	0.41	0	0	0	0.34	0.44	0.33	0.38	0	0	0	0	0	0	0	0	0	0	0	0	800	8000	40000	60000	120000	20000	48000	160	0	8000000	6400000	199999.8	32000	0	0	0	0	0	0	0	78	43	85	77	85	99	99	99	37	51	33	48	85	95	70	85	90	90	90	90	0	30	0	30	71.8	5.4	2	3038	62.99	25	25	25	0	0	0	0	0	0	0	0	0	0	0	0	0	0	0	0	0	0	0	0	0	0	0	0	0	0	0	0	0	0	0	0	0	0	0	0	0	0	0	0	0	0	0	2.2	0	0	0	0	0	3	0	0	0	99	0	0	0	0	0	0	0	0	0	0	0	0	0	0	0	0	0	0	0	0	0	0	0	0	0	0	0	0	0	0	0	0	0	0	0	0	0	0	0	0	0	0	0	0	0	0	0	0	0	0	0	891
60111	Vitamin premix. Brazil. tilapia (0.1%)	3	98	2	12.6	2.4	5.6	2.9	74.5	26.4	10.4	80.1	25.3	2.4	42.1	18	4190	3268	3268	3268	3268			1466	2053	2053	2053	1299	1969	1969	1969	3243	4.2	5.6	5.6	4.3			2.9	5.2	5.2	5.2	2.6	5	5	5	0	0	0	0	0	0	0	0	0	0	0	0	0	0	0	0	0	0	0	0	0	0	0	0	0	0	0	0	0	0	0	0	0	0	0	0	0	0	0	0	0	0	0	0	0	0	0	0	0	0	0	0	0.09	1.05	3.03	36.13	0.63	0	60	0.41	0	0	0	0.34	0.44	0.33	0.38	0	0	0	0	0	0	0	0	0	0	0	0	50	1875	25000	18750	7500	7500	10000	0	0	1500000	500000	18000	10000	0	0	0	0	500	0	0	79	43	85	78	85	99	99	99	35	49	31	47	85	95	70	85	90	90	90	90	0	30	0	30	77.4	5.4	2	3268	68.09	25	25	25	0	0	0	0	0	0	0	0	0	0	0	0	0	0	0	0	0	0	0	0	0	0	0	0	0	0	0	0	0	0	0	0	0	0	0	0	0	0	0	0	0	0	0	2.2	0	0	0	0	0	3	0	0	0	99	0	0	0	0	0	0	0	0	0	0	0	0	0	0	0	0	0	0	0	0	0	0	0	0	0	0	0	0	0	0	0	0	0	0	0	0	0	0	0	0	0	0	0	0	0	0	0	0	0	0	0	891
60112	Vitamin premix IAFFD Standard. FW shrimp starter. 0.4%	3	90	10	12.6	2.4	5.6	2.9	66.5	26.4	10.4	72.1	25.3	2.4	34.1	16	3865	2976	2976	2976	2976			1469	1971	1971	1971	1314	1855	1855	1855	2951	4.2	5.6	5.6	4.3			2.9	5	5	5	2.6	4.7	4.7	4.7	0	0	0	0	0	0	0	0	0	0	0	0	0	0	0	0	0	0	0	0	0	0	0	0	0	0	0	0	0	0	0	0	0	0	0	0	0	0	0	0	0	0	0	0	0	0	0	0	0	0	0	0	0.09	1.05	3.03	36.13	0.63	0	60	0.41	0	0	0	0.34	0.44	0.33	0.38	0	0	0	0	0	0	0	0	0	0	0	0	750	3000	50000	40000	20000	12500	15000	100	0	3750000	1000000	90000	20000	0	0	0	0	250000	0	0	78	43	85	77	85	99	99	99	38	51	34	48	85	95	70	85	90	90	90	90	0	30	0	30	70.2	5.4	2	2976	61.29	25	25	25	0	0	0	0	0	0	0	0	0	0	0	0	0	0	0	0	0	0	0	0	0	0	0	0	0	0	0	0	0	0	0	0	0	0	0	0	0	0	0	0	0	0	0	2.2	0	0	0	0	0	3	0	0	0	99	0	0	0	0	0	0	0	0	0	0	0	0	0	0	0	0	0	0	0	0	0	0	0	0	0	0	0	0	0	0	0	0	0	0	0	0	0	0	0	0	0	0	0	0	0	0	0	0	0	0	0	891
60113	Vitamin premix IAFFD Standard. FW shrimp grower. 0.4%	3	90	10	14.2	2.7	6	3.3	63.8	29.5	11.6	69.8	28.3	2.7	27.2	16	3889	2955	2955	2955	2955			1633	2061	2061	2061	1439	1944	1944	1944	2927	4.7	6.3	6.3	4.8			3.2	5.3	5.3	5.3	3	5	5	5	0	0	0	0	0	0	0	0	0	0	0	0	0	0	0	0	0	0	0	0	0	0	0	0	0	0	0	0	0	0	0	0	0	0	0	0	0	0	0	0	0	0	0	0	0	0	0	0	0	0	0	0	0.09	1.05	2.66	31.75	0.63	0	60	0.41	0	0	0	0.34	0.44	0.33	0.38	0	0	0	0	0	0	0	0	0	0	0	0	750	2000	35000	37500	20000	12500	15000	50	0	3000000	800000	25000	20000	0	0	0	0	38	0	0	77	43	85	76	85	99	99	99	42	53	37	50	85	95	70	85	90	90	90	90	0	30	0	30	69.3	6.1	2.3	2955	59.35	27.97	27.97	27.97	0	0	0	0	0	0	0	0	0	0	0	0	0	0	0	0	0	0	0	0	0	0	0	0	0	0	0	0	0	0	0	0	0	0	0	0	0	0	0	0	0	0	0	2.2	0	0	0	0	0	3	0	0	0	99	0	0	0	0	0	0	0	0	0	0	0	0	0	0	0	0	0	0	0	0	0	0	0	0	0	0	0	0	0	0	0	0	0	0	0	0	0	0	0	0	0	0	0	0	0	0	0	0	0	0	0	891
60114	Vitamin premix IAFFD Standard. FW shrimp finisher. 0.4%	3	90	10	14.2	2.7	6	3.3	63.8	29.7	11.7	69.8	28.4	2.7	27	16	3889	2955	2955	2955	2955			1633	2100	2100	2100	1478	1983	1983	1983	2927	4.7	6.3	6.3	4.8			3.2	5.3	5.3	5.3	3	5	5	5	0	0	0	0	0	0	0	0	0	0	0	0	0	0	0	0	0	0	0	0	0	0	0	0	0	0	0	0	0	0	0	0	0	0	0	0	0	0	0	0	0	0	0	0	0	0	0	0	0	0	0	0	0.09	1.05	2.66	31.75	0.63	0	60	0.41	0	0	0	0.34	0.44	0.33	0.38	0	0	0	0	0	0	0	0	0	0	0	0	750	2000	35000	37500	20000	12500	15000	50	0	3000000	800000	25000	20000	0	0	0	0	38	0	0	77	43	85	76	85	99	99	99	42	54	38	51	85	95	70	85	90	90	90	90	0	30	0	30	69.3	6.1	2.3	2955	59.33	28.12	28.12	28.12	0	0	0	0	0	0	0	0	0	0	0	0	0	0	0	0	0	0	0	0	0	0	0	0	0	0	0	0	0	0	0	0	0	0	0	0	0	0	0	0	0	0	0	2.2	0	0	0	0	0	3	0	0	0	99	0	0	0	0	0	0	0	0	0	0	0	0	0	0	0	0	0	0	0	0	0	0	0	0	0	0	0	0	0	0	0	0	0	0	0	0	0	0	0	0	0	0	0	0	0	0	0	0	0	0	0	891
60115	Vitamin premix IAFFD Standard. FW shrimp broodstock. 0.4%	3	90	10	13.9	2.6	6	3.3	64.2	29.1	11.5	70.2	27.8	2.6	28.3	16	3881	2989	2989	2989	2989			1591	2057	2057	2057	1436	1941	1941	1941	2961	4.6	6.2	6.2	4.7			3.2	5.2	5.2	5.2	2.9	4.9	4.9	4.9	0	0	0	0	0	0	0	0	0	0	0	0	0	0	0	0	0	0	0	0	0	0	0	0	0	0	0	0	0	0	0	0	0	0	0	0	0	0	0	0	0	0	0	0	0	0	0	0	0	0	0	0	0.09	1.05	2.66	31.75	0.63	0	60	0.41	0	0	0	0.34	0.44	0.33	0.38	0	0	0	0	0	0	0	0	0	0	0	0	750	2000	35000	40000	20000	12500	15000	100	0	3750000	1000000	90000	20000	0	0	0	0	38	0	0	77	43	85	77	85	99	99	99	41	53	37	50	85	95	70	85	90	90	90	90	0	30	0	30	69.3	6	2.2	2989	59.64	27.52	27.52	27.52	0	0	0	0	0	0	0	0	0	0	0	0	0	0	0	0	0	0	0	0	0	0	0	0	0	0	0	0	0	0	0	0	0	0	0	0	0	0	0	0	0	0	0	2.2	0	0	0	0	0	3	0	0	0	99	0	0	0	0	0	0	0	0	0	0	0	0	0	0	0	0	0	0	0	0	0	0	0	0	0	0	0	0	0	0	0	0	0	0	0	0	0	0	0	0	0	0	0	0	0	0	0	0	0	0	0	891
60116	Vitamin premix IAFFD Standard. SW shrimp starter. 0.4%	3	90	10	13.3	2.5	6	3.3	64.9	27.8	11	70.9	26.1	2.5	31.3	16	3865	2976	2976	2976	2976			1507	2010	2010	2010	1353	1894	1894	1894	2950	4.4	5.8	5.8	4.5			3	5.1	5.1	5.1	2.8	4.8	4.8	4.8	0	0	0	0	0	0	0	0	0	0	0	0	0	0	0	0	0	0	0	0	0	0	0	0	0	0	0	0	0	0	0	0	0	0	0	0	0	0	0	0	0	0	0	0	0	0	0	0	0	0	0	0	0.09	1.05	2.66	31.75	0.63	0	60	0.41	0	0	0	0.34	0.44	0.33	0.38	0	0	0	0	0	0	0	0	0	0	0	0	750	3000	50000	40000	20000	12500	15000	100	0	3000000	1000000	90000	20000	0	0	0	0	38	0	0	78	43	85	77	85	99	99	99	39	52	35	49	85	95	70	85	90	90	90	90	0	30	0	30	70.2	5.7	2.1	2976	60.25	25.8	25.8	25.8	0	0	0	0	0	0	0	0	0	0	0	0	0	0	0	0	0	0	0	0	0	0	0	0	0	0	0	0	0	0	0	0	0	0	0	0	0	0	0	0	0	0	0	2.2	0	0	0	0	0	3	0	0	0	99	0	0	0	0	0	0	0	0	0	0	0	0	0	0	0	0	0	0	0	0	0	0	0	0	0	0	0	0	0	0	0	0	0	0	0	0	0	0	0	0	0	0	0	0	0	0	0	0	0	0	0	891
60117	Vitamin premix IAFFD Standard. SW shrimp grower. 0.4%	3	90	10	13.5	2.6	6	3.3	64.7	28.1	11.1	70.7	26.9	2.6	30.1	16	3870	2980	2980	2980	2980			1548	2012	2012	2012	1393	1935	1935	1935	2953	4.5	6	6	4.6			3.1	5.1	5.1	5.1	2.8	4.9	4.9	4.9	0	0	0	0	0	0	0	0	0	0	0	0	0	0	0	0	0	0	0	0	0	0	0	0	0	0	0	0	0	0	0	0	0	0	0	0	0	0	0	0	0	0	0	0	0	0	0	0	0	0	0	0	0.09	1.05	2.66	31.75	0.63	0	60	0.41	0	0	0	0.34	0.44	0.33	0.38	0	0	0	0	0	0	0	0	0	0	0	0	750	2000	35000	20000	20000	12500	15000	50	0	2500000	800000	25000	20000	0	0	0	0	38	0	0	77	43	85	77	85	99	99	99	40	52	36	50	85	95	70	85	90	90	90	90	0	30	0	30	69.3	5.8	2.2	2980	60.05	26.62	26.62	26.62	0	0	0	0	0	0	0	0	0	0	0	0	0	0	0	0	0	0	0	0	0	0	0	0	0	0	0	0	0	0	0	0	0	0	0	0	0	0	0	0	0	0	0	2.2	0	0	0	0	0	3	0	0	0	99	0	0	0	0	0	0	0	0	0	0	0	0	0	0	0	0	0	0	0	0	0	0	0	0	0	0	0	0	0	0	0	0	0	0	0	0	0	0	0	0	0	0	0	0	0	0	0	0	0	0	0	891
60118	Vitamin premix IAFFD Standard. SW shrimp finisher. 0.4%	3	90	10	13.6	2.6	6	3.3	64.5	28.3	11.1	70.5	27.1	2.6	29.8	16	3872	2981	2981	2981	2981			1549	2052	2052	2052	1394	1936	1936	1936	2955	4.5	6	6	4.6			3.1	5.1	5.1	5.1	2.8	4.9	4.9	4.9	0	0	0	0	0	0	0	0	0	0	0	0	0	0	0	0	0	0	0	0	0	0	0	0	0	0	0	0	0	0	0	0	0	0	0	0	0	0	0	0	0	0	0	0	0	0	0	0	0	0	0	0	0.09	1.05	2.66	31.75	0.63	0	60	0.41	0	0	0	0.34	0.44	0.33	0.38	0	0	0	0	0	0	0	0	0	0	0	0	750	2000	35000	20000	20000	12500	15000	50	0	2500000	800000	25000	20000	0	0	0	0	38	0	0	77	43	85	77	85	99	99	99	40	53	36	50	85	95	70	85	90	90	90	90	0	30	0	30	69.3	5.8	2.2	2981	59.95	26.78	26.78	26.78	0	0	0	0	0	0	0	0	0	0	0	0	0	0	0	0	0	0	0	0	0	0	0	0	0	0	0	0	0	0	0	0	0	0	0	0	0	0	0	0	0	0	0	2.2	0	0	0	0	0	3	0	0	0	99	0	0	0	0	0	0	0	0	0	0	0	0	0	0	0	0	0	0	0	0	0	0	0	0	0	0	0	0	0	0	0	0	0	0	0	0	0	0	0	0	0	0	0	0	0	0	0	0	0	0	0	891
60119	Vitamin premix IAFFD Standard. SW shrimp brood. 0.4%	3	90	10	13.3	2.5	6	3.3	64.9	27.8	11	70.9	26.6	2.5	30.8	16	3865	2976	2976	2976	2976			1546	2010	2010	2010	1353	1894	1894	1894	2950	4.4	5.9	5.9	4.5			3	5.1	5.1	5.1	2.8	4.8	4.8	4.8	0	0	0	0	0	0	0	0	0	0	0	0	0	0	0	0	0	0	0	0	0	0	0	0	0	0	0	0	0	0	0	0	0	0	0	0	0	0	0	0	0	0	0	0	0	0	0	0	0	0	0	0	0.09	1.05	2.66	31.75	0.63	0	60	0.41	0	0	0	0.34	0.44	0.33	0.38	0	0	0	0	0	0	0	0	0	0	0	0	750	2000	35000	25000	20000	12500	15000	100	0	3000000	1000000	90000	20000	0	0	0	0	38	0	0	78	43	85	77	85	99	99	99	40	52	35	49	85	95	70	85	90	90	90	90	0	30	0	30	70.2	5.7	2.1	2976	60.25	26.34	26.34	26.34	0	0	0	0	0	0	0	0	0	0	0	0	0	0	0	0	0	0	0	0	0	0	0	0	0	0	0	0	0	0	0	0	0	0	0	0	0	0	0	0	0	0	0	2.2	0	0	0	0	0	3	0	0	0	99	0	0	0	0	0	0	0	0	0	0	0	0	0	0	0	0	0	0	0	0	0	0	0	0	0	0	0	0	0	0	0	0	0	0	0	0	0	0	0	0	0	0	0	0	0	0	0	0	0	0	0	891
60120	Vitamin premix IAFFD Standard. FW fish starter. 0.5%	3	90	10	15.1	2.9	6.6	3.3	62.1	31.5	12.4	68.7	30.1	2.9	23.4	16	3910	2972	2972	2972	2972			1720	2151	2151	2151	1564	2033	2033	2033	2942	5	6.7	6.7	5.1			3.4	5.4	5.4	5.4	3.2	5.1	5.1	5.1	0	0	0	0	0	0	0	0	0	0	0	0	0	0	0	0	0	0	0	0	0	0	0	0	0	0	0	0	0	0	0	0	0	0	0	0	0	0	0	0	0	0	0	0	0	0	0	0	0	0	0	0	0.09	1.05	2.66	31.75	0.63	0	60	0.41	0	0	0	0.34	0.44	0.33	0.38	0	0	0	0	0	0	0	0	0	0	0	0	300	1500	20000	10000	2500	4000	3000	30	0	2500000	800000	72000	10000	0	0	0	0	30	0	0	77	43	85	76	85	99	99	99	44	55	40	52	85	95	70	85	90	90	90	90	0	30	0	30	69.3	6.5	2.4	2972	58.43	29.81	29.81	29.81	0	0	0	0	0	0	0	0	0	0	0	0	0	0	0	0	0	0	0	0	0	0	0	0	0	0	0	0	0	0	0	0	0	0	0	0	0	0	0	0	0	0	0	2.2	0	0	0	0	0	3	0	0	0	99	0	0	0	0	0	0	0	0	0	0	0	0	0	0	0	0	0	0	0	0	0	0	0	0	0	0	0	0	0	0	0	0	0	0	0	0	0	0	0	0	0	0	0	0	0	0	0	0	0	0	0	891
60121	Vitamin premix IAFFD Standard. FW fish grower. 0.5%	3	90	10	15.4	2.9	6.8	3.3	61.6	32	12.6	68.4	30.6	2.9	22.2	16	3920	2979	2979	2979	2979			1764	2156	2156	2156	1568	2038	2038	2038	2949	5.1	6.8	6.8	5.2			3.5	5.5	5.5	5.5	3.2	5.2	5.2	5.2	0	0	0	0	0	0	0	0	0	0	0	0	0	0	0	0	0	0	0	0	0	0	0	0	0	0	0	0	0	0	0	0	0	0	0	0	0	0	0	0	0	0	0	0	0	0	0	0	0	0	0	0	0.09	1.05	2.66	31.75	0.63	0	60	0.41	0	0	0	0.34	0.44	0.33	0.38	0	0	0	0	0	0	0	0	0	0	0	0	300	1500	20000	10000	2000	3000	2000	30	0	1800000	600000	20000	10000	0	0	0	0	30	0	0	77	43	85	76	85	99	99	99	45	55	40	52	85	95	70	85	90	90	90	90	0	30	0	30	69.3	6.6	2.5	2979	58.13	30.33	30.33	30.33	0	0	0	0	0	0	0	0	0	0	0	0	0	0	0	0	0	0	0	0	0	0	0	0	0	0	0	0	0	0	0	0	0	0	0	0	0	0	0	0	0	0	0	2.2	0	0	0	0	0	3	0	0	0	99	0	0	0	0	0	0	0	0	0	0	0	0	0	0	0	0	0	0	0	0	0	0	0	0	0	0	0	0	0	0	0	0	0	0	0	0	0	0	0	0	0	0	0	0	0	0	0	0	0	0	0	891
60122	Vitamin premix IAFFD Standard. FW fish finisher. 0.5%	3	90	10	15.4	2.9	6.8	3.3	61.6	32	12.6	68.4	30.6	2.9	22.2	16	3920	2979	2979	2979	2979			1764	2156	2156	2156	1568	2038	2038	2038	2949	5.1	6.8	6.8	5.2			3.5	5.5	5.5	5.5	3.2	5.2	5.2	5.2	0	0	0	0	0	0	0	0	0	0	0	0	0	0	0	0	0	0	0	0	0	0	0	0	0	0	0	0	0	0	0	0	0	0	0	0	0	0	0	0	0	0	0	0	0	0	0	0	0	0	0	0	0.09	1.05	2.66	31.75	0.63	0	60	0.41	0	0	0	0.34	0.44	0.33	0.38	0	0	0	0	0	0	0	0	0	0	0	0	300	1500	20000	10000	2000	3000	2000	30	0	1800000	600000	20000	10000	0	0	0	0	30	0	0	77	43	85	76	85	99	99	99	45	55	40	52	85	95	70	85	90	90	90	90	0	30	0	30	69.3	6.6	2.5	2979	58.13	30.33	30.33	30.33	0	0	0	0	0	0	0	0	0	0	0	0	0	0	0	0	0	0	0	0	0	0	0	0	0	0	0	0	0	0	0	0	0	0	0	0	0	0	0	0	0	0	0	2.2	0	0	0	0	0	3	0	0	0	99	0	0	0	0	0	0	0	0	0	0	0	0	0	0	0	0	0	0	0	0	0	0	0	0	0	0	0	0	0	0	0	0	0	0	0	0	0	0	0	0	0	0	0	0	0	0	0	0	0	0	0	891
60123	Vitamin premix IAFFD Standard. FW fish broodstock. 0.5%	3	90	10	14.6	2.8	6.5	3.3	62.9	30.5	12	69.3	29.2	2.8	25.3	16	3898	2963	2963	2963	2963			1676	2105	2105	2105	1520	1988	1988	1988	2934	4.9	6.5	6.5	5			3.3	5.3	5.3	5.3	3.1	5.1	5.1	5.1	0	0	0	0	0	0	0	0	0	0	0	0	0	0	0	0	0	0	0	0	0	0	0	0	0	0	0	0	0	0	0	0	0	0	0	0	0	0	0	0	0	0	0	0	0	0	0	0	0	0	0	0	0.09	1.05	2.66	31.75	0.63	0	60	0.41	0	0	0	0.34	0.44	0.33	0.38	0	0	0	0	0	0	0	0	0	0	0	0	300	1500	20000	12000	2500	4000	3000	30	0	2000000	800000	72000	10000	0	0	0	0	30	0	0	77	43	85	76	85	99	99	99	43	54	39	51	85	95	70	85	90	90	90	90	0	30	0	30	69.3	6.3	2.4	2963	58.93	28.93	28.93	28.93	0	0	0	0	0	0	0	0	0	0	0	0	0	0	0	0	0	0	0	0	0	0	0	0	0	0	0	0	0	0	0	0	0	0	0	0	0	0	0	0	0	0	0	2.2	0	0	0	0	0	3	0	0	0	99	0	0	0	0	0	0	0	0	0	0	0	0	0	0	0	0	0	0	0	0	0	0	0	0	0	0	0	0	0	0	0	0	0	0	0	0	0	0	0	0	0	0	0	0	0	0	0	0	0	0	0	891
60124	Vitamin premix IAFFD Standard. SW fish starter. 0.5%	3	90	10	14.7	2.8	6.5	3.3	62.8	30.6	12.1	69.2	29.3	2.8	25.1	16	3901	2964	2964	2964	2964			1677	2106	2106	2106	1521	1989	1989	1989	2935	4.9	6.5	6.5	5			3.3	5.4	5.4	5.4	3.1	5.1	5.1	5.1	0	0	0	0	0	0	0	0	0	0	0	0	0	0	0	0	0	0	0	0	0	0	0	0	0	0	0	0	0	0	0	0	0	0	0	0	0	0	0	0	0	0	0	0	0	0	0	0	0	0	0	0	0.09	1.05	2.66	31.75	0.63	0	60	0.41	0	0	0	0.34	0.44	0.33	0.38	0	0	0	0	0	0	0	0	0	0	0	0	500	2000	30000	20000	5000	8000	6000	40	0	2500000	800000	72000	12000	0	0	0	0	30	0	0	77	43	85	76	85	99	99	99	43	54	39	51	85	95	70	85	90	90	90	90	0	30	0	30	69.3	6.3	2.4	2964	58.84	28.97	28.97	28.97	0	0	0	0	0	0	0	0	0	0	0	0	0	0	0	0	0	0	0	0	0	0	0	0	0	0	0	0	0	0	0	0	0	0	0	0	0	0	0	0	0	0	0	2.2	0	0	0	0	0	3	0	0	0	99	0	0	0	0	0	0	0	0	0	0	0	0	0	0	0	0	0	0	0	0	0	0	0	0	0	0	0	0	0	0	0	0	0	0	0	0	0	0	0	0	0	0	0	0	0	0	0	0	0	0	0	891
60125	Vitamin premix IAFFD Standard. SW fish grower. 0.5%	3	90	10	14.9	2.8	6.6	3.3	62.4	31.1	12.2	69	29.7	2.8	24.2	16	3905	2968	2968	2968	2968			1718	2148	2148	2148	1523	1992	1992	1992	2939	5	6.6	6.6	5			3.4	5.4	5.4	5.4	3.1	5.1	5.1	5.1	0	0	0	0	0	0	0	0	0	0	0	0	0	0	0	0	0	0	0	0	0	0	0	0	0	0	0	0	0	0	0	0	0	0	0	0	0	0	0	0	0	0	0	0	0	0	0	0	0	0	0	0	0.09	1.05	2.66	31.75	0.63	0	60	0.41	0	0	0	0.34	0.44	0.33	0.38	0	0	0	0	0	0	0	0	0	0	0	0	400	1500	20000	15000	4000	6000	4000	30	0	2000000	600000	20000	10000	0	0	0	0	30	0	0	77	43	85	76	85	99	99	99	44	55	39	51	85	95	70	85	90	90	90	90	0	30	0	30	69.3	6.4	2.4	2968	58.63	29.43	29.43	29.43	0	0	0	0	0	0	0	0	0	0	0	0	0	0	0	0	0	0	0	0	0	0	0	0	0	0	0	0	0	0	0	0	0	0	0	0	0	0	0	0	0	0	0	2.2	0	0	0	0	0	3	0	0	0	99	0	0	0	0	0	0	0	0	0	0	0	0	0	0	0	0	0	0	0	0	0	0	0	0	0	0	0	0	0	0	0	0	0	0	0	0	0	0	0	0	0	0	0	0	0	0	0	0	0	0	0	891
60126	Vitamin premix IAFFD Standard. SW fish finisher. 0.5%	3	90	10	14.9	2.8	6.6	3.3	62.4	31.1	12.2	69	29.7	2.8	24.2	16	3905	2968	2968	2968	2968			1718	2148	2148	2148	1523	1992	1992	1992	2939	5	6.6	6.6	5			3.4	5.4	5.4	5.4	3.1	5.1	5.1	5.1	0	0	0	0	0	0	0	0	0	0	0	0	0	0	0	0	0	0	0	0	0	0	0	0	0	0	0	0	0	0	0	0	0	0	0	0	0	0	0	0	0	0	0	0	0	0	0	0	0	0	0	0	0.09	1.05	2.66	31.75	0.63	0	60	0.41	0	0	0	0.34	0.44	0.33	0.38	0	0	0	0	0	0	0	0	0	0	0	0	400	1500	20000	15000	4000	6000	4000	30	0	2000000	600000	20000	10000	0	0	0	0	30	0	0	77	43	85	76	85	99	99	99	44	55	39	51	85	95	70	85	90	90	90	90	0	30	0	30	69.3	6.4	2.4	2968	58.63	29.43	29.43	29.43	0	0	0	0	0	0	0	0	0	0	0	0	0	0	0	0	0	0	0	0	0	0	0	0	0	0	0	0	0	0	0	0	0	0	0	0	0	0	0	0	0	0	0	2.2	0	0	0	0	0	3	0	0	0	99	0	0	0	0	0	0	0	0	0	0	0	0	0	0	0	0	0	0	0	0	0	0	0	0	0	0	0	0	0	0	0	0	0	0	0	0	0	0	0	0	0	0	0	0	0	0	0	0	0	0	0	891
60127	Vitamin premix IAFFD Standard. SW fish brood. 0.5%	3	90	10	14.5	2.7	6.4	3.3	63.1	30.2	11.9	69.5	28.9	2.7	25.9	16	3896	2961	2961	2961	2961			1675	2104	2104	2104	1480	1987	1987	1987	2932	4.8	6.4	6.4	4.9			3.3	5.3	5.3	5.3	3	5	5	5	0	0	0	0	0	0	0	0	0	0	0	0	0	0	0	0	0	0	0	0	0	0	0	0	0	0	0	0	0	0	0	0	0	0	0	0	0	0	0	0	0	0	0	0	0	0	0	0	0	0	0	0	0.09	1.05	2.66	31.75	0.63	0	60	0.41	0	0	0	0.34	0.44	0.33	0.38	0	0	0	0	0	0	0	0	0	0	0	0	500	2000	30000	15000	5000	8000	6000	40	0	2500000	800000	72000	12000	0	0	0	0	30	0	0	77	43	85	76	85	99	99	99	43	54	38	51	85	95	70	85	90	90	90	90	0	30	0	30	69.3	6.2	2.3	2961	59.04	28.62	28.62	28.62	0	0	0	0	0	0	0	0	0	0	0	0	0	0	0	0	0	0	0	0	0	0	0	0	0	0	0	0	0	0	0	0	0	0	0	0	0	0	0	0	0	0	0	2.2	0	0	0	0	0	3	0	0	0	99	0	0	0	0	0	0	0	0	0	0	0	0	0	0	0	0	0	0	0	0	0	0	0	0	0	0	0	0	0	0	0	0	0	0	0	0	0	0	0	0	0	0	0	0	0	0	0	0	0	0	0	891
60128	Rovimix-stay-C 35. ascorbyl-monophosphate. DSM	80	98	2	0	0	0	4	94	0	0	94	0	95	0	16	3819	3246	3246	3246	3246			3476	3476	3476	3476	3476	3476	3476	3476	3246	4.4	8.7	8.7	7.3			5.1	8.6	8.6	8.6	5.1	8.6	8.6	8.6	0	0	0	0	0	0	0	0	0	0	0	0	0	0	0	0	0	0	0	0	0	0	0	0	0	0	0	0	0	0	0	0	0	0	0	0	0	0	0	0	0	0	0	0	0	0	0	0	0	0	0	0	0	3	0	75	0	0	0	3	0	0	0	2.52	2.55	2.4	2.52	0	0	0	0	0	0	0	0	0	0	0	0	0	0	0	0	0	0	0	0	350000	0	0	0	0	0	0	0	0	0	0	0	84	45	90	85	85	85	80	85	91	91	91	91	85	95	70	85	90	90	90	90	0	30	0	30	82.3	0	0	3246	79.9	0	0	0	0	0	0	0	0	0	0	0	0	0	0	0	0	0	0	0	0	0	0	0	0	0	0	0	0	0	0	0	0	0	0	0	0	0	0	0	0	0	0	0	0	0	0	0	0	0	0	0	0	3	0	0	0	100	0	0	0	0	0	0	0	0	0	0	0	0	0	0	0	0	0	0	0	0	0	0	0	0	0	0	0	0	0	0	0	0	0	0	0	0	0	0	0	0	0	0	0	0	0	0	0	0	0	0	0	1000
60129	Aquavit. C Stable (35%). Adisseo	3	98	2	0	0	0	4	94	0	0	94	0	95	0	16	3819	3246	3246	3246	3246			3055	3055	3055	3055	3055	3055	3055	3055	3246	4.4	8.7	8.7	7.3			4.6	7.6	7.6	7.6	4.6	7.6	7.6	7.6	0	0	0	0	0	0	0	0	0	0	0	0	0	0	0	0	0	0	0	0	0	0	0	0	0	0	0	0	0	0	0	0	0	0	0	0	0	0	0	0	0	0	0	0	0	0	0	0	0	0	0	0	0	3	0	75	0	0	0	3	0	0	0	2.52	2.55	2.4	2.52	0	0	0	0	0	0	0	0	0	0	0	0	0	0	0	0	0	0	0	0	350000	0	0	0	0	0	0	0	0	0	0	0	84	45	90	85	85	85	80	85	80	80	80	80	80	80	80	80	80	80	80	80	80	80	80	80	82.3	0	0	3246	79.9	0	0	0	85	85	85	85	85	85	85	85	85	85	85	85	0	0	0	0	0	0	0	0	0	0	0	0	0	0	0	0	0	0	0	0	0	0	0	0	0	0	0	0	0	0	0	0	0	0	0	0	0	0	0	0	0	0	0	0	0	0	0	0	0	0	0	0	0	0	0	0	0	0	0	0	0	0	0	0	0	0	0	0	0	0	0	0	0	0	0	0	0	0	0	0	0	0	0	0	0	0	0	0	0	0	0	0	0	1000
60130	Vitamin E premix (500000IU/g)	18	98	2	0	0	0	4.8	93.2	0	0	93.2	0	98	0	16	3786	3332	3332	3332	3332			3597	3597	3597	3597	3597	3597	3597	3597	3332	4.5	9	9	7.5			5.3	8.8	8.8	8.8	5.3	8.8	8.8	8.8	0	0	0	0	0	0	0	0	0	0	0	0	0	0	0	0	0	0	0	0	0	0	0	0	0	0	0	0	0	0	0	0	0	0	0	0	0	0	0	0	0	0	0	0	0	0	0	0	0	0	0	0	0.1	2.5	2.08	52.08	0	0	0	2.49	0	0	0	2.09	2.12	1.99	2.09	0	0	0	0	0	0	0	0	0	0	0	0	0	0	0	0	0	0	0	0	0	0	0	450000	0	0	0	0	0	0	0	0	86	45	85	88	88	85	80	85	95	95	95	95	85	95	70	85	90	90	90	90	0	30	0	30	84.3	0	0	3332	82.02	0	0	0	0	0	0	0	0	0	0	0	0	0	0	0	0	0	0	0	0	0	0	0	0	0	0	0	0	0	0	0	0	0	0	0	0	0	0	0	0	0	0	0	0	0	0	0	0	0	0	0	0	3	0	0	0	100	0	0	0	0	0	0	0	0	0	0	0	0	0	0	0	0	0	0	0	0	0	0	0	0	0	0	0	0	0	0	0	0	0	0	0	0	0	0	0	0	0	0	0	0	0	0	0	0	0	0	0	1000
60131	Choline chloride. 50% choline	0.5	82	18	20	3	0.5	5	53.5	0	0	54	4	4	54	15	3602	972	972	972	972			1045	1729	1729	1729	1009	1693	1693	1693	931	3.5	3.8	3.8	3.6			2.6	4.4	4.4	4.4	2.6	4.3	4.3	4.3	0	0	0	0	0	0	0	0	0	0	0	0	0	0	0	0	0	0	0	0	0	0	0	0	0	0	0	0	0	0	0	0	0	0	0	0	0	0	0	0	0	0	0	0	0	0	0	0	0	0	0	0	0	0	0	0	0	0	0	0	0	0	0	0	0	0	0	0	12.6	0	0	0	0	0	0	0	0	0	0	0	0	0	0	0	0	0	0	0	0	0	0	0	373000	0	0	0	0	0	0	24	45	90	27	10	85	80	85	29	48	28	47	85	95	70	85	90	90	90	90	0	30	0	30	19.7	9	2.7	972	5.4	3.4	3.2	3.4	0	0	0	0	0	0	0	0	0	0	0	0	0	0	0	0	0	0	0	0	0	0	0	0	0	0	0	0	0	0	0	0	0	0	0	0	0	0	0	0	0	0	0	0	0	0	0	0	0	3	0	0	0	100	0	0	0	0	0	0	0	0	0	0	0	0	0	0	0	0	0	0	0	0	0	0	0	0	0	0	0	0	0	0	0	0	0	0	0	0	0	0	0	0	0	0	0	0	0	0	0	0	0	0	0	1000
60132	Choline chloride. 60% choline	0.5	82	18	20	3	0.5	5	53.5	0	0	54	0	4	53	15	3602	612	612	612	612			648	1297	1297	1297	648	1297	1297	1297	571	2.1	2.3	2.3	2.3			1.5	3	3	3	1.5	3	3	3	0	0	0	0	0	0	0	0	0	0	0	0	0	0	0	0	0	0	0	0	0	0	0	0	0	0	0	0	0	0	0	0	0	0	0	0	0	0	0	0	0	0	0	0	0	0	0	0	0	0	0	0	0	0	0	0	0	0	0	0	0	0	0	0	0	0	0	0	5	0	0	0	0	0	0	0	0	0	0	0	0	0	0	0	0	0	0	0	0	0	0	0	373000	0	0	0	0	0	0	17	45	0	17	5	85	80	85	18	36	18	36	85	95	70	85	90	90	90	90	0	30	0	30	13.9	9	0	612	2.7	0	0	0	0	0	0	0	0	0	0	0	0	0	0	0	0	0	0	0	0	0	0	0	0	0	0	0	0	0	0	0	0	0	0	0	0	0	0	0	0	0	0	0	0	0	0	0	0	0	0	0	0	3	0	0	0	73	0	0	0	0	0	0	0	0	0	0	0	0	0	0	0	0	0	0	0	0	0	0	0	0	0	0	0	0	0	0	0	0	0	0	0	0	0	0	0	0	0	0	0	0	0	0	0	0	0	0	0	1000
60133	Choline chloride. 75% choline	0.5	82	18	20	3	0.5	5	53.5	0	0	54	0	4	53	15	3602	612	612	612	612			648	1297	1297	1297	648	1297	1297	1297	571	2.1	2.3	2.3	2.3			1.5	3	3	3	1.5	3	3	3	0	0	0	0	0	0	0	0	0	0	0	0	0	0	0	0	0	0	0	0	0	0	0	0	0	0	0	0	0	0	0	0	0	0	0	0	0	0	0	0	0	0	0	0	0	0	0	0	0	0	0	0	0	0	0	0	0	0	0	0	0	0	0	0	0	0	0	0	5	0	0	0	0	0	0	0	0	0	0	0	0	0	0	0	0	0	0	0	0	0	0	0	373000	0	0	0	0	0	0	17	45	0	17	5	85	80	85	18	36	18	36	85	95	70	85	90	90	90	90	0	30	0	30	13.9	9	0	612	2.7	0	0	0	0	0	0	0	0	0	0	0	0	0	0	0	0	0	0	0	0	0	0	0	0	0	0	0	0	0	0	0	0	0	0	0	0	0	0	0	0	0	0	0	0	0	0	0	0	0	0	0	0	3	0	0	0	73	0	0	0	0	0	0	0	0	0	0	0	0	0	0	0	0	0	0	0	0	0	0	0	0	0	0	0	0	0	0	0	0	0	0	0	0	0	0	0	0	0	0	0	0	0	0	0	0	0	0	0	1000
60134	Rovimix E 50 Adsorbate. DSM	18	98	2	0	0	0	5	93	50	13	93	0	0	80	16	3779	680	680	680	680			0	982	982	982	0	982	982	982	680	0	0	0	0			0	2.4	2.4	2.4	0	2.4	2.4	2.4	0	0	0	0	0	0	0	0	0	0	0	0	0	0	0	0	0	0	0	0	0	0	0	0	0	0	0	0	0	0	0	0	0	0	0	0	0	0	0	0	0	0	0	0	0	0	0	0	0	0	0	0	0	0	0	0	0	0	0	0	0	0	0	0	0	0	0	0	0	0	0	0	0	0	0	0	0	0	0	0	0	0	0	0	0	0	0	0	0	0	355000	0	0	0	0	0	0	0	0	20	45	85	18	18	85	85	85	0	26	0	26	85	95	70	85	90	90	90	90	0	30	0	30	19.6	0	0	680	16.74	0	0	0	0	0	0	0	0	0	0	0	0	0	0	0	0	0	0	0	0	0	0	0	0	0	0	0	0	0	0	0	0	0	0	0	0	0	0	0	0	0	0	0	0	0	0	0	0	0	0	0	0	0	0	0	0	0	0	0	0	0	0	0	0	0	0	0	0	0	0	0	0	0	0	0	0	0	0	0	0	0	0	0	0	0	0	0	0	0	0	0	0	0	0	0	0	0	0	0	0	0	0	0	0	0	0	0	0	1000
60135	Rovimix Biotin 10%. DSM	40	98	2	0	0	0	5	93	0	0	93	0	0	93	16	3779	0	0	0	0			0	1134	1134	1134	0	1134	1134	1134	0	0	0	0	0			0	2.8	2.8	2.8	0	2.8	2.8	2.8	0	0	0	0	0	0	0	0	0	0	0	0	0	0	0	0	0	0	0	0	0	0	0	0	0	0	0	0	0	0	0	0	0	0	0	0	0	0	0	0	0	0	0	0	0	0	0	0	0	0	0	0	0	0	0	0	0	0	0	0	0	0	0	0	0	0	0	0	0	0	0	0	0	0	0	0	0	0	0	100000	0	0	0	0	0	0	0	0	0	0	0	0	0	0	0	0	0	0	0	3	45	85	0	0	85	85	85	0	30	0	30	85	95	70	85	90	90	90	90	0	30	0	30	2.9	0	0	0	0	0	0	0	0	0	0	0	0	0	0	0	0	0	0	0	0	0	0	0	0	0	0	0	0	0	0	0	0	0	0	0	0	0	0	0	0	0	0	0	0	0	0	0	0	0	0	0	0	0	0	0	0	0	0	0	0	0	0	0	0	0	0	0	0	0	0	0	0	0	0	0	0	0	0	0	0	0	0	0	0	0	0	0	0	0	0	0	0	0	0	0	0	0	0	0	0	0	0	0	0	0	0	0	0	0	0	0	0	1000
60136	Rovimix OVN premix. FW fish starter. DSM. 0.15%	3	90	10	15	2.5	9.8	13	49.7	0	0	59.5	0	0	59.5	15	3497	594	594	594	594			594	1294	1294	1294	594	1294	1294	1294	563	2.3	2.3	2.3	2.3			1.7	3.3	3.3	3.3	1.7	3.3	3.3	3.3	0	0	0	0	0	0	0	0	0	0	0	0	0	0	0	0	0	0	0	0	0	0	0	0	0	0	0	0	0	0	0	0	0	0	0	0	0	0	0	0	0	0	0	0	0	0	0	0	0	0	0	0	0	0	0	0	0	0	0	0	0	0	0	0	0	0	0	0	0	0	0	0	0	0	0	0	0	0	0	333	2670	53330	26670	10000	10000	6670	13	166670	8406667	1330000	133330	3330	0	66670	0	0	0	0	0	17	45	85	17	0	85	85	85	17	37	17	37	85	95	70	85	90	90	90	90	0	30	0	30	15.3	6.8	2.1	594	0	0	0	0	0	0	0	0	0	0	0	0	0	0	0	0	0	0	0	0	0	0	0	0	0	0	0	0	0	0	0	0	0	0	0	0	0	0	0	0	0	0	0	0	0	0	0	0	0	0	0	0	0	0	0	0	0	0	0	0	0	0	0	0	0	0	0	0	0	0	0	0	0	0	0	0	0	0	0	0	0	0	0	0	0	0	0	0	0	0	0	0	0	0	0	0	0	0	0	0	0	0	0	0	0	0	0	0	0	900
60137	Rovimix OVN premix. FW fish grower. DSM. 0.15%	3	90	10	15	2.5	9.8	13	49.7	30	16	59.5	0	0	43.5	15	3497	979	979	979	979			594	1119	1119	1119	594	1119	1119	1119	948	2.3	2.3	2.3	2.3			1.7	2.8	2.8	2.8	1.7	2.8	2.8	2.8	0	0	0	0	0	0	0	0	0	0	0	0	0	0	0	0	0	0	0	0	0	0	0	0	0	0	0	0	0	0	0	0	0	0	0	0	0	0	0	0	0	0	0	0	0	0	0	0	0	0	0	0	0	0	0	0	0	0	0	0	0	0	0	0	0	0	0	0	0	0	0	0	0	0	0	0	0	0	0	333	2670	53330	26670	10000	10000	6670	13	100000	6115167	1000000	66700	3330	0	66670	0	0	0	0	0	28	45	85	28	17	85	85	85	17	32	17	32	85	95	70	85	90	90	90	90	0	30	0	30	25.2	6.8	2.1	979	10.12	0	0	0	0	0	0	0	0	0	0	0	0	0	0	0	0	0	0	0	0	0	0	0	0	0	0	0	0	0	0	0	0	0	0	0	0	0	0	0	0	0	0	0	0	0	0	0	0	0	0	0	0	0	0	0	0	0	0	0	0	0	0	0	0	0	0	0	0	0	0	0	0	0	0	0	0	0	0	0	0	0	0	0	0	0	0	0	0	0	0	0	0	0	0	0	0	0	0	0	0	0	0	0	0	0	0	0	0	900
60138	Rovimix OVN premix. FW fish finisher. DSM. 0.15%	3	90	10	15	2.5	9.8	13	49.7	30	17	59.5	0	0	42.5	15	3497	979	979	979	979			594	1084	1084	1084	594	1084	1084	1084	948	2.3	2.3	2.3	2.3			1.7	2.8	2.8	2.8	1.7	2.8	2.8	2.8	0	0	0	0	0	0	0	0	0	0	0	0	0	0	0	0	0	0	0	0	0	0	0	0	0	0	0	0	0	0	0	0	0	0	0	0	0	0	0	0	0	0	0	0	0	0	0	0	0	0	0	0	0	0	0	0	0	0	0	0	0	0	0	0	0	0	0	0	0	0	0	0	0	0	0	0	0	0	0	333	2670	53330	26670	10000	10000	6670	13	100000	6115167	1000000	66700	3330	0	66670	0	0	0	0	0	28	45	85	28	17	85	85	85	17	31	17	31	85	95	70	85	90	90	90	90	0	30	0	30	25.2	6.8	2.1	979	10.12	0	0	0	0	0	0	0	0	0	0	0	0	0	0	0	0	0	0	0	0	0	0	0	0	0	0	0	0	0	0	0	0	0	0	0	0	0	0	0	0	0	0	0	0	0	0	0	0	0	0	0	0	0	0	0	0	0	0	0	0	0	0	0	0	0	0	0	0	0	0	0	0	0	0	0	0	0	0	0	0	0	0	0	0	0	0	0	0	0	0	0	0	0	0	0	0	0	0	0	0	0	0	0	0	0	0	0	0	900
60139	Rovimix OVN premix. FW fish broodstock. DSM. 0.15%	3	90	10	15	2.5	9.8	13	49.7	30	18	59.5	0	0	41.5	15	3497	979	979	979	979			594	1084	1084	1084	594	1084	1084	1084	948	2.3	2.3	2.3	2.3			1.7	2.8	2.8	2.8	1.7	2.8	2.8	2.8	0	0	0	0	0	0	0	0	0	0	0	0	0	0	0	0	0	0	0	0	0	0	0	0	0	0	0	0	0	0	0	0	0	0	0	0	0	0	0	0	0	0	0	0	0	0	0	0	0	0	0	0	0	0	0	0	0	0	0	0	0	0	0	0	0	0	0	0	0	0	0	0	0	0	0	0	0	0	0	667	4670	80000	26670	16670	10000	6670	13	100000	8406667	1330000	133330	3330	0	66670	0	0	0	0	0	28	45	85	28	17	85	85	85	17	31	17	31	85	95	70	85	90	90	90	90	0	30	0	30	25.2	6.8	2.1	979	10.12	0	0	0	0	0	0	0	0	0	0	0	0	0	0	0	0	0	0	0	0	0	0	0	0	0	0	0	0	0	0	0	0	0	0	0	0	0	0	0	0	0	0	0	0	0	0	0	0	0	0	0	0	0	0	0	0	0	0	0	0	0	0	0	0	0	0	0	0	0	0	0	0	0	0	0	0	0	0	0	0	0	0	0	0	0	0	0	0	0	0	0	0	0	0	0	0	0	0	0	0	0	0	0	0	0	0	0	0	900
60140	Rovimix OVN premix. SW fish starter. DSM. 0.2%	3	90	10	15	2.5	9.8	13	49.7	30	19	59.5	0	0	40.5	15	3497	979	979	979	979			594	1084	1084	1084	594	1084	1084	1084	948	2.3	2.3	2.3	2.3			1.7	2.8	2.8	2.8	1.7	2.8	2.8	2.8	0	0	0	0	0	0	0	0	0	0	0	0	0	0	0	0	0	0	0	0	0	0	0	0	0	0	0	0	0	0	0	0	0	0	0	0	0	0	0	0	0	0	0	0	0	0	0	0	0	0	0	0	0	0	0	0	0	0	0	0	0	0	0	0	0	0	0	0	0	0	0	0	0	0	0	0	0	0	0	400	2000	50000	25000	10000	10000	10000	50	125000	6880000	1100000	200000	4000	0	66670	0	0	0	0	0	28	45	85	28	17	85	85	85	17	31	17	31	85	95	70	85	90	90	90	90	0	30	0	30	25.2	6.8	2.1	979	10.12	0	0	0	0	0	0	0	0	0	0	0	0	0	0	0	0	0	0	0	0	0	0	0	0	0	0	0	0	0	0	0	0	0	0	0	0	0	0	0	0	0	0	0	0	0	0	0	0	0	0	0	0	0	0	0	0	0	0	0	0	0	0	0	0	0	0	0	0	0	0	0	0	0	0	0	0	0	0	0	0	0	0	0	0	0	0	0	0	0	0	0	0	0	0	0	0	0	0	0	0	0	0	0	0	0	0	0	0	900
60141	Rovimix OVN premix. SW fish grower. DSM. 0.2%	3	90	10	15	2.5	9.8	13	49.7	30	20	59.5	0	0	39.5	15	3497	979	979	979	979			594	1049	1049	1049	594	1049	1049	1049	948	2.3	2.3	2.3	2.3			1.7	2.7	2.7	2.7	1.7	2.7	2.7	2.7	0	0	0	0	0	0	0	0	0	0	0	0	0	0	0	0	0	0	0	0	0	0	0	0	0	0	0	0	0	0	0	0	0	0	0	0	0	0	0	0	0	0	0	0	0	0	0	0	0	0	0	0	0	0	0	0	0	0	0	0	0	0	0	0	0	0	0	0	0	0	0	0	0	0	0	0	0	0	0	400	2000	50000	25000	10000	10000	10000	50	75000	4586667	850000	100000	4000	0	66670	0	0	0	0	0	28	45	85	28	17	85	85	85	17	30	17	30	85	95	70	85	90	90	90	90	0	30	0	30	25.2	6.8	2.1	979	10.12	0	0	0	0	0	0	0	0	0	0	0	0	0	0	0	0	0	0	0	0	0	0	0	0	0	0	0	0	0	0	0	0	0	0	0	0	0	0	0	0	0	0	0	0	0	0	0	0	0	0	0	0	0	0	0	0	0	0	0	0	0	0	0	0	0	0	0	0	0	0	0	0	0	0	0	0	0	0	0	0	0	0	0	0	0	0	0	0	0	0	0	0	0	0	0	0	0	0	0	0	0	0	0	0	0	0	0	0	900
60142	Rovimix OVN premix. SW fish finisher. DSM. 0.2%	3	90	10	15	2.5	9.8	13	49.7	30	21	59.5	0	0	38.5	15	3497	979	979	979	979			594	1049	1049	1049	594	1049	1049	1049	948	2.3	2.3	2.3	2.3			1.7	2.7	2.7	2.7	1.7	2.7	2.7	2.7	0	0	0	0	0	0	0	0	0	0	0	0	0	0	0	0	0	0	0	0	0	0	0	0	0	0	0	0	0	0	0	0	0	0	0	0	0	0	0	0	0	0	0	0	0	0	0	0	0	0	0	0	0	0	0	0	0	0	0	0	0	0	0	0	0	0	0	0	0	0	0	0	0	0	0	0	0	0	0	400	2000	50000	25000	10000	10000	10000	50	75000	4586667	850000	100000	4000	0	66670	0	0	0	0	0	28	45	85	28	17	85	85	85	17	30	17	30	85	95	70	85	90	90	90	90	0	30	0	30	25.2	6.8	2.1	979	10.12	0	0	0	0	0	0	0	0	0	0	0	0	0	0	0	0	0	0	0	0	0	0	0	0	0	0	0	0	0	0	0	0	0	0	0	0	0	0	0	0	0	0	0	0	0	0	0	0	0	0	0	0	0	0	0	0	0	0	0	0	0	0	0	0	0	0	0	0	0	0	0	0	0	0	0	0	0	0	0	0	0	0	0	0	0	0	0	0	0	0	0	0	0	0	0	0	0	0	0	0	0	0	0	0	0	0	0	0	900
60143	Rovimix OVN premix. SW fish broodstock. DSM. 0.2%	3	90	10	15	2.5	9.8	13	49.7	30	22	59.5	0	0	37.5	15	3497	979	979	979	979			594	1049	1049	1049	594	1049	1049	1049	948	2.3	2.3	2.3	2.3			1.7	2.7	2.7	2.7	1.7	2.7	2.7	2.7	0	0	0	0	0	0	0	0	0	0	0	0	0	0	0	0	0	0	0	0	0	0	0	0	0	0	0	0	0	0	0	0	0	0	0	0	0	0	0	0	0	0	0	0	0	0	0	0	0	0	0	0	0	0	0	0	0	0	0	0	0	0	0	0	0	0	0	0	0	0	0	0	0	0	0	0	0	0	0	400	2000	50000	25000	10000	10000	10000	50	125000	6880000	1100000	200000	4000	0	66670	0	0	0	0	0	28	45	85	28	17	85	85	85	17	30	17	30	85	95	70	85	90	90	90	90	0	30	0	30	25.2	6.8	2.1	979	10.12	0	0	0	0	0	0	0	0	0	0	0	0	0	0	0	0	0	0	0	0	0	0	0	0	0	0	0	0	0	0	0	0	0	0	0	0	0	0	0	0	0	0	0	0	0	0	0	0	0	0	0	0	0	0	0	0	0	0	0	0	0	0	0	0	0	0	0	0	0	0	0	0	0	0	0	0	0	0	0	0	0	0	0	0	0	0	0	0	0	0	0	0	0	0	0	0	0	0	0	0	0	0	0	0	0	0	0	0	900
60144	Rovimix OVN premix. FW shrimp starter. DSM. 0.2%	3	90	10	15	2.5	9	3	60.5	29	23	69.5	0	0	46.5	16	3903	976	976	976	976			585	1132	1132	1132	585	1132	1132	1132	945	2.3	2.3	2.3	2.3			1.7	2.9	2.9	2.9	1.7	2.9	2.9	2.9	0	0	0	0	0	0	0	0	0	0	0	0	0	0	0	0	0	0	0	0	0	0	0	0	0	0	0	0	0	0	0	0	0	0	0	0	0	0	0	0	0	0	0	0	0	0	0	0	0	0	0	0	0	0	0	0	0	0	0	0	0	0	0	0	0	0	0	0	0	0	0	0	0	0	0	0	0	0	0	500	5000	50000	50000	25000	20000	25000	10	250000	6880000	3200000	150000	15000	0	50000	0	0	0	0	0	22	45	85	25	14	85	85	85	15	29	15	29	85	95	70	85	90	90	90	90	0	30	0	30	19.8	6.8	2.1	976	9.73	0	0	0	0	0	0	0	0	0	0	0	0	0	0	0	0	0	0	0	0	0	0	0	0	0	0	0	0	0	0	0	0	0	0	0	0	0	0	0	0	0	0	0	0	0	0	0	0	0	0	0	0	0	0	0	0	0	0	0	0	0	0	0	0	0	0	0	0	0	0	0	0	0	0	0	0	0	0	0	0	0	0	0	0	0	0	0	0	0	0	0	0	0	0	0	0	0	0	0	0	0	0	0	0	0	0	0	0	900
60145	Rovimix OVN premix. FW shrimp grower. DSM. 0.2%	3	90	10	15	2.5	9	3	60.5	29	24	69.5	0	0	45.5	16	3903	976	976	976	976			585	1132	1132	1132	585	1132	1132	1132	945	2.3	2.3	2.3	2.3			1.7	2.9	2.9	2.9	1.7	2.9	2.9	2.9	0	0	0	0	0	0	0	0	0	0	0	0	0	0	0	0	0	0	0	0	0	0	0	0	0	0	0	0	0	0	0	0	0	0	0	0	0	0	0	0	0	0	0	0	0	0	0	0	0	0	0	0	0	0	0	0	0	0	0	0	0	0	0	0	0	0	0	0	0	0	0	0	0	0	0	0	0	0	0	500	5000	50000	50000	25000	20000	25000	10	125000	4013334	2500000	75000	15000	0	50000	0	0	0	0	0	22	45	85	25	14	85	85	85	15	29	15	29	85	95	70	85	90	90	90	90	0	30	0	30	19.8	6.8	2.1	976	9.73	0	0	0	0	0	0	0	0	0	0	0	0	0	0	0	0	0	0	0	0	0	0	0	0	0	0	0	0	0	0	0	0	0	0	0	0	0	0	0	0	0	0	0	0	0	0	0	0	0	0	0	0	0	0	0	0	0	0	0	0	0	0	0	0	0	0	0	0	0	0	0	0	0	0	0	0	0	0	0	0	0	0	0	0	0	0	0	0	0	0	0	0	0	0	0	0	0	0	0	0	0	0	0	0	0	0	0	0	900
60146	Rovimix OVN premix. FW shrimp finisher. DSM. 0.2%	3	90	10	15	2.5	9	3	60.5	29	25	69.5	0	0	44.5	16	3903	976	976	976	976			585	1132	1132	1132	585	1132	1132	1132	945	2.3	2.3	2.3	2.3			1.7	2.9	2.9	2.9	1.7	2.9	2.9	2.9	0	0	0	0	0	0	0	0	0	0	0	0	0	0	0	0	0	0	0	0	0	0	0	0	0	0	0	0	0	0	0	0	0	0	0	0	0	0	0	0	0	0	0	0	0	0	0	0	0	0	0	0	0	0	0	0	0	0	0	0	0	0	0	0	0	0	0	0	0	0	0	0	0	0	0	0	0	0	0	500	5000	50000	50000	25000	20000	25000	10	125000	4013334	2500000	75000	15000	0	50000	0	0	0	0	0	22	45	85	25	14	85	85	85	15	29	15	29	85	95	70	85	90	90	90	90	0	30	0	30	19.8	6.8	2.1	976	9.73	0	0	0	0	0	0	0	0	0	0	0	0	0	0	0	0	0	0	0	0	0	0	0	0	0	0	0	0	0	0	0	0	0	0	0	0	0	0	0	0	0	0	0	0	0	0	0	0	0	0	0	0	0	0	0	0	0	0	0	0	0	0	0	0	0	0	0	0	0	0	0	0	0	0	0	0	0	0	0	0	0	0	0	0	0	0	0	0	0	0	0	0	0	0	0	0	0	0	0	0	0	0	0	0	0	0	0	0	900
60147	Rovimix OVN premix. FW shrimp broodstock. DSM. 0.2%	3	90	10	15	2.5	9	3	60.5	29	26	69.5	0	0	43.5	16	3903	976	976	976	976			585	1093	1093	1093	585	1093	1093	1093	945	2.3	2.3	2.3	2.3			1.7	2.8	2.8	2.8	1.7	2.8	2.8	2.8	0	0	0	0	0	0	0	0	0	0	0	0	0	0	0	0	0	0	0	0	0	0	0	0	0	0	0	0	0	0	0	0	0	0	0	0	0	0	0	0	0	0	0	0	0	0	0	0	0	0	0	0	0	0	0	0	0	0	0	0	0	0	0	0	0	0	0	0	0	0	0	0	0	0	0	0	0	0	0	500	10000	50000	50000	25000	20000	25000	10	125000	6880000	3200000	150000	15000	0	50000	0	0	0	0	0	22	45	85	25	14	85	85	85	15	28	15	28	85	95	70	85	90	90	90	90	0	30	0	30	19.8	6.8	2.1	976	9.73	0	0	0	0	0	0	0	0	0	0	0	0	0	0	0	0	0	0	0	0	0	0	0	0	0	0	0	0	0	0	0	0	0	0	0	0	0	0	0	0	0	0	0	0	0	0	0	0	0	0	0	0	0	0	0	0	0	0	0	0	0	0	0	0	0	0	0	0	0	0	0	0	0	0	0	0	0	0	0	0	0	0	0	0	0	0	0	0	0	0	0	0	0	0	0	0	0	0	0	0	0	0	0	0	0	0	0	0	900
60148	Rovimix OVN premix. SW shrimp starter. DSM. 0.2%	3	90	10	15	2.5	9	3	60.5	29	27	69.5	0	0	42.5	16	3903	976	976	976	976			585	1093	1093	1093	585	1093	1093	1093	945	2.3	2.3	2.3	2.3			1.7	2.8	2.8	2.8	1.7	2.8	2.8	2.8	0	0	0	0	0	0	0	0	0	0	0	0	0	0	0	0	0	0	0	0	0	0	0	0	0	0	0	0	0	0	0	0	0	0	0	0	0	0	0	0	0	0	0	0	0	0	0	0	0	0	0	0	0	0	0	0	0	0	0	0	0	0	0	0	0	0	0	0	0	0	0	0	0	0	0	0	0	0	0	500	5000	50000	50000	25000	20000	25000	10	250000	6880000	2500000	150000	15000	0	50000	0	0	0	0	0	22	45	85	25	14	85	85	85	15	28	15	28	85	95	70	85	90	90	90	90	0	30	0	30	19.8	6.8	2.1	976	9.73	0	0	0	0	0	0	0	0	0	0	0	0	0	0	0	0	0	0	0	0	0	0	0	0	0	0	0	0	0	0	0	0	0	0	0	0	0	0	0	0	0	0	0	0	0	0	0	0	0	0	0	0	0	0	0	0	0	0	0	0	0	0	0	0	0	0	0	0	0	0	0	0	0	0	0	0	0	0	0	0	0	0	0	0	0	0	0	0	0	0	0	0	0	0	0	0	0	0	0	0	0	0	0	0	0	0	0	0	900
60149	Rovimix OVN premix. SW shrimp grower. DSM. 0.2%	3	90	10	15	2.5	9	3	60.5	29	28	69.5	0	0	41.5	16	3903	976	976	976	976			585	1093	1093	1093	585	1093	1093	1093	945	2.3	2.3	2.3	2.3			1.7	2.8	2.8	2.8	1.7	2.8	2.8	2.8	0	0	0	0	0	0	0	0	0	0	0	0	0	0	0	0	0	0	0	0	0	0	0	0	0	0	0	0	0	0	0	0	0	0	0	0	0	0	0	0	0	0	0	0	0	0	0	0	0	0	0	0	0	0	0	0	0	0	0	0	0	0	0	0	0	0	0	0	0	0	0	0	0	0	0	0	0	0	0	500	5000	50000	50000	25000	20000	25000	10	125000	4013334	1250000	75000	15000	0	50000	0	0	0	0	0	22	45	85	25	14	85	85	85	15	28	15	28	85	95	70	85	90	90	90	90	0	30	0	30	19.8	6.8	2.1	976	9.73	0	0	0	0	0	0	0	0	0	0	0	0	0	0	0	0	0	0	0	0	0	0	0	0	0	0	0	0	0	0	0	0	0	0	0	0	0	0	0	0	0	0	0	0	0	0	0	0	0	0	0	0	0	0	0	0	0	0	0	0	0	0	0	0	0	0	0	0	0	0	0	0	0	0	0	0	0	0	0	0	0	0	0	0	0	0	0	0	0	0	0	0	0	0	0	0	0	0	0	0	0	0	0	0	0	0	0	0	900
60150	Rovimix OVN premix. SW shrimp finisher. DSM. 0.2%	3	90	10	15	2.5	9	3	60.5	29	29	69.5	0	0	40.5	16	3903	976	976	976	976			585	1054	1054	1054	585	1054	1054	1054	945	2.3	2.3	2.3	2.3			1.7	2.8	2.8	2.8	1.7	2.8	2.8	2.8	0	0	0	0	0	0	0	0	0	0	0	0	0	0	0	0	0	0	0	0	0	0	0	0	0	0	0	0	0	0	0	0	0	0	0	0	0	0	0	0	0	0	0	0	0	0	0	0	0	0	0	0	0	0	0	0	0	0	0	0	0	0	0	0	0	0	0	0	0	0	0	0	0	0	0	0	0	0	0	500	5000	50000	50000	25000	20000	25000	10	125000	4013334	1250000	75000	15000	0	50000	0	0	0	0	0	22	45	85	25	14	85	85	85	15	27	15	27	85	95	70	85	90	90	90	90	0	30	0	30	19.8	6.8	2.1	976	9.73	0	0	0	0	0	0	0	0	0	0	0	0	0	0	0	0	0	0	0	0	0	0	0	0	0	0	0	0	0	0	0	0	0	0	0	0	0	0	0	0	0	0	0	0	0	0	0	0	0	0	0	0	0	0	0	0	0	0	0	0	0	0	0	0	0	0	0	0	0	0	0	0	0	0	0	0	0	0	0	0	0	0	0	0	0	0	0	0	0	0	0	0	0	0	0	0	0	0	0	0	0	0	0	0	0	0	0	0	900
60151	Rovimix OVN premix. SW shrimp broodstock. DSM. 0.2%	3	90	10	15	2.5	9	3	60.5	29	30	69.5	0	0	39.5	16	3903	976	976	976	976			585	1054	1054	1054	585	1054	1054	1054	945	2.3	2.3	2.3	2.3			1.7	2.7	2.7	2.7	1.7	2.7	2.7	2.7	0	0	0	0	0	0	0	0	0	0	0	0	0	0	0	0	0	0	0	0	0	0	0	0	0	0	0	0	0	0	0	0	0	0	0	0	0	0	0	0	0	0	0	0	0	0	0	0	0	0	0	0	0	0	0	0	0	0	0	0	0	0	0	0	0	0	0	0	0	0	0	0	0	0	0	0	0	0	0	500	10000	50000	50000	25000	20000	25000	10	125000	6880000	2500000	150000	15000	0	50000	0	0	0	0	0	22	45	85	25	14	85	85	85	15	27	15	27	85	95	70	85	90	90	90	90	0	30	0	30	19.8	6.8	2.1	976	9.73	0	0	0	0	0	0	0	0	0	0	0	0	0	0	0	0	0	0	0	0	0	0	0	0	0	0	0	0	0	0	0	0	0	0	0	0	0	0	0	0	0	0	0	0	0	0	0	0	0	0	0	0	0	0	0	0	0	0	0	0	0	0	0	0	0	0	0	0	0	0	0	0	0	0	0	0	0	0	0	0	0	0	0	0	0	0	0	0	0	0	0	0	0	0	0	0	0	0	0	0	0	0	0	0	0	0	0	0	900
60152	Betaine	2.5	99	1	9.4	2.5	2.2	3	81.9	0	0	84.1	0	75	9.1	17	4180	3344	3344	3344	3344			3511	3637	3637	3637	3511	3637	3637	3637	3301	6.5	9.9	9.9	8.8			6.2	9	9	9	6.2	9	9	9	0	0	0	0	0	0	0	0	0	0	0	0	0	0	0	0	0	0	0	0	0	0	0	0	0	0	0	0	0	0	0	0	0	0	0	0	0	0	0	0	0	0	0	0	0	0	0	0	0	0	0	0	0	0	0	0	0	0	0	0	0	0	0	0	0	0	0	0	0	0	0	0	0	0	0	0	0	0	0	0	0	0	0	0	0	0	0	0	0	0	0	0	0	0	0	0	0	0	0	77	100	100	80	75	85	80	85	84	87	84	87	85	95	70	85	90	90	90	90	0	30	0	30	76.2	9.4	2.5	3344	63.08	0	0	0	0	0	0	0	0	0	0	0	0	0	0	0	0	0	0	0	0	0	0	0	0	0	0	0	0	0	0	0	0	0	0	0	0	0	0	0	0	0	0	0	0	0	0	0	0	0	0	0	0	0	0	0	0	78	0	0	0	0	0	0	0	0	0	0	0	0	0	0	0	0	0	0	0	0	0	0	0	0	0	0	0	0	0	0	0	0	0	0	0	0	0	0	0	0	0	0	0	0	0	0	0	0	0	0	0	5000
60153	L-ascorbyl-2-mono-phosphate 35. Nutriad	80	98	2	0	0	0	4	94	0	0	94	0	95	0	16	3819	3246	3246	3246	3246			3476	3476	3476	3476	3476	3476	3476	3476	3246	4.4	8.7	8.7	7.3			5.1	8.6	8.6	8.6	5.1	8.6	8.6	8.6	0	0	0	0	0	0	0	0	0	0	0	0	0	0	0	0	0	0	0	0	0	0	0	0	0	0	0	0	0	0	0	0	0	0	0	0	0	0	0	0	0	0	0	0	0	0	0	0	0	0	0	0	0	3	0	75	0	0	0	3	0	0	0	2.52	2.55	2.4	2.52	0	0	0	0	0	0	0	0	0	0	0	0	0	0	0	0	0	0	0	0	350000	0	0	0	0	0	0	0	0	0	0	0	84	45	90	85	85	85	80	85	91	91	91	91	85	95	70	85	90	90	90	90	0	30	0	30	82.3	0	0	3246	79.9	0	0	0	0	0	0	0	0	0	0	0	0	0	0	0	0	0	0	0	0	0	0	0	0	0	0	0	0	0	0	0	0	0	0	0	0	0	0	0	0	0	0	0	0	0	0	0	0	0	0	0	0	3	0	0	0	100	0	0	0	0	0	0	0	0	0	0	0	0	0	0	0	0	0	0	0	0	0	0	0	0	0	0	0	0	0	0	0	0	0	0	0	0	0	0	0	0	0	0	0	0	0	0	0	0	0	0	0	1000
61105	Amino acid premix	6	98	2	98	0	0	0	0	0	0	0	0	0	0	23	5528	5473	5473	5473	5473			5473	5473	5473	5473	5473	5473	5473	5473	5028	21	21	21	21			13.6	11.6	11.6	11.6	13.6	11.6	11.6	11.6	0	31	0	0	0	10	0	30	20	0	0	10	0	0	0	0	0	0	0	90.99	0	0	0	31.63	0	0	0	10.2	0	30.61	20.41	0	0	0	0	0	0	0	0	0	30.69	0	0	0	9.9	0	29.7	19.8	0	0	9.9	0	0	0	0	0	0	0	0	0	0	0	0	0	0	0	0	0	0	0	0	0	0	0	0	0	0	0	0	0	0	0	0	0	0	0	0	0	0	0	0	0	0	0	0	0	0	0	0	99	99	0	99	0	85	80	85	99	99	99	99	85	95	70	85	90	90	90	90	0	30	0	30	97	97	0	5473	0	0	0	0	99	99	99	99	99	99	99	99	99	99	99	99	0	0	0	0	0	0	0	0	0	0	0	0	0	0	0	0	0	0	0	0	0	0	0	0	0	0	0	0	0	0	0	0	0	0	0	0	0	3	0	0	0	95	99	99	99	99	99	99	99	99	99	99	99	99	99	99	99	99	99	99	99	99	99	99	99	99	99	99	99	0	30.69	0	0	0	9.9	0	29.7	19.8	0	0	0	0	30.69	0	0	0	9.9	0	29.7	19.8	0	0	0	5000
61106	L-Arginine	6	98	2	98	0	0	0	0	0	0	0	0	0	0	23	5528	5473	5473	5473	5473			5473	5473	5473	5473	5473	5473	5473	5473	5028	21	21	21	21			13.6	11.6	11.6	11.6	13.6	11.6	11.6	11.6	98	0	0	0	0	0	0	0	0	0	0	0	0	0	0	0	0	0	0	98	0	0	100	0	0	0	0	0	0	0	0	0	0	0	0	0	0	0	0	97.02	0	0	0	0	0	0	0	0	0	0	0	0	0	0	0	0	0	0	0	0	0	0	0	0	0	0	0	0	0	0	0	0	0	0	0	0	0	0	0	0	0	0	0	0	0	0	0	0	0	0	0	0	0	0	0	0	0	0	0	99	99	0	99	0	85	80	85	99	99	99	99	85	95	70	85	90	90	90	90	0	30	0	30	97	97	0	5473	0	0	0	0	99	0	0	0	0	0	0	0	0	0	0	0	0	0	0	0	0	0	0	0	0	0	0	0	0	0	0	0	0	0	0	0	0	0	0	0	0	0	0	0	0	0	0	0	0	0	0	0	0	0	0	0	0	98	99	99	0	0	0	0	0	0	0	0	0	0	0	0	99	99	0	0	0	0	0	0	0	0	0	0	0	97.02	0	0	0	0	0	0	0	0	0	0	0	97.02	0	0	0	0	0	0	0	0	0	0	0	8000
61107	L-Histidine	15	98	2	98	0	0	0	0	0	0	0	0	0	0	23	5528	5528	5528	5528	5528			5528	5528	5528	5528	5528	5528	5528	5528	5078	21.3	21.3	21.3	21.3			13.7	11.8	11.8	11.8	13.7	11.8	11.8	11.8	0	98	0	0	0	0	0	0	0	0	0	0	0	0	0	0	0	0	0	98	0	0	0	100	0	0	0	0	0	0	0	0	0	0	0	0	0	0	0	0	97.02	0	0	0	0	0	0	0	0	0	0	0	0	0	0	0	0	0	0	0	0	0	0	0	0	0	0	0	0	0	0	0	0	0	0	0	0	0	0	0	0	0	0	0	0	0	0	0	0	0	0	0	0	0	0	0	0	0	0	100	100	0	100	0	85	80	85	100	100	100	100	85	95	70	85	90	90	90	90	0	30	0	30	98	98	0	5528	0	0	0	0	0	99	0	0	0	0	0	0	0	0	0	0	0	0	0	0	0	0	0	0	0	0	0	0	0	0	0	0	0	0	0	0	0	0	0	0	0	0	0	0	0	0	0	0	0	0	0	0	0	0	0	0	0	100	99	0	99	0	0	0	0	0	0	0	0	0	0	0	99	0	99	0	0	0	0	0	0	0	0	0	0	0	97.02	0	0	0	0	0	0	0	0	0	0	0	97.02	0	0	0	0	0	0	0	0	0	0	8000
61108	L-Lysine	1.2	99	1	99	0	0	0	0	0	0	0	0	0	7.7	23	5583	5583	5583	5583	5583			5583	5695	5695	5695	5583	5695	5695	5695	5129	21.5	21.5	21.5	21.5			13.9	12.1	12.1	12.1	13.9	12.1	12.1	12.1	0	0	0	0	82.62	0	0	0	0	0	0	0	0	0	0	0	0	0	0	82.62	0	0	0	0	0	0	83.45	0	0	0	0	0	0	0	0	0	0	0	0	0	0	0	0	81.79	0	0	0	0	0	0	0	0	0	0	0	0	0	0	0	0	0	0	0	0	0	0	0	0	0	0	0	0	0	0	0	0	0	0	0	0	0	0	0	0	0	0	0	0	0	0	0	0	0	0	0	0	0	0	0	100	100	0	100	0	85	80	85	100	102	100	102	85	95	70	85	90	90	90	90	0	30	0	30	99	99	0	5583	0	0	0	0	0	0	0	0	99	0	0	0	0	0	0	0	0	0	0	0	0	0	0	0	0	0	0	0	0	0	0	0	0	0	0	0	0	0	0	0	0	0	0	0	0	0	0	0	0	0	0	0	0	0	0	0	0	100	99	0	0	0	0	99	0	0	0	0	0	0	0	0	99	0	0	0	0	99	0	0	0	0	0	0	0	0	0	0	0	81.79	0	0	0	0	0	0	0	0	0	0	0	81.79	0	0	0	0	0	0	0	8500
61109	L-Lysine HCL	1.2	95	5	86	0	0	9	0	0	0	0	0	0	1.7	20	4852	4803	4803	4803	4803			4803	4803	4803	4803	4803	4803	4803	4803	4413	18.5	18.5	18.5	18.5			11.9	10.3	10.3	10.3	11.9	10.3	10.3	10.3	0	0	0	0	71.55	0	0	0	0	0	0	0	0	0	0	0	0	0	0	71.55	0	0	0	0	0	0	83.2	0	0	0	0	0	0	0	0	0	0	0	0	0	0	0	0	70.84	0	0	0	0	0	0	0	0	0	0	0	0	0	0	0	0	0	0	0	0	0	0	0	0	9	0	0	0	0	0	0	0	0	0	0	0	0	0	0	0	0	0	0	0	0	0	0	0	0	0	0	0	0	0	0	94	99	0	99	0	85	80	85	99	99	99	99	85	95	70	85	90	90	90	90	0	30	0	30	89.3	85.1	0	4803	0	0	0	0	0	0	0	0	99	0	0	0	0	0	0	0	0	0	0	0	0	0	0	0	0	0	0	0	0	0	0	0	0	0	0	0	0	0	0	0	0	0	0	0	0	0	0	0	0	0	0	0	0	0	0	0	0	100	99	0	0	0	0	99	0	0	0	0	0	0	0	0	99	0	0	0	0	99	0	0	0	0	0	0	0	0	0	0	0	70.84	0	0	0	0	0	0	0	0	0	0	0	70.84	0	0	0	0	0	0	0	8500
61110	L-Lysine. BioLys. lysine sulfate. Evonik	1.2	95	5	69.5	0	0	0	25.5	0	0	25.5	5	5	10	21	4957	4313	4313	4313	4313			4213	4362	4362	4362	4213	4362	4362	4362	3997	15.5	16	16	15.7			10.2	9.5	9.5	9.5	10.1	9.4	9.4	9.4	0.56	0	0.37	0.65	55.6	0.19	0	0.37	0.13	0.65	0	0.19	0	0	0	0	0	0	0	58.51	0	0	0.8	0	0.53	0.93	80	0.27	0	0.53	0.19	0.93	0	0	0	0	0	0	0	0	0	0	0	55.04	0	0	0	0	0	0	0	0	0	0	0	0	0	0	0	0	0	0	0	0	0	0	0	0	0	0	0	0	0	0	0	0	0	0	0	0	0	0	0	0	0	0	0	0	0	0	0	0	0	0	0	0	0	0	0	84	99	0	87	42	85	80	85	85	88	85	88	85	95	70	85	90	90	90	90	0	30	0	30	79.8	68.8	0	4313	10.71	4.25	4	4.25	0	0	0	0	99	0	0	0	0	0	0	0	0	0	0	0	0	0	0	0	0	0	0	0	0	0	0	0	0	0	0	0	0	0	0	0	0	0	0	0	0	0	0	0	0	0	0	0	0	0	0	0	0	87	99	0	0	0	0	99	0	0	0	0	0	0	0	0	99	0	0	0	0	99	0	0	0	0	0	0	0	0	0	0	0	55.04	0	0	0	0	0	0	0	0	0	0	0	55.04	0	0	0	0	0	0	0	8900
61111	DL-Methionine	2.2	99	1	38.1	0	0	21	39.9	0	0	39.9	0	0	19.4	16	3772	2112	2112	2112	2112			2112	2376	2376	2376	2112	2376	2376	2376	1939	8.2	8.2	8.2	8.2			5.3	5.1	5.1	5.1	5.3	5.1	5.1	5.1	0	0	0	0	0	64	0	0	0	0	0.04	64.05	0	0	0	0	0	0	0	64	0.04	0	0	0	0	0	0	167.88	0	0	0	0	0.11	0	0	0	0	0	0	0	0	0	0	0	63.36	0	0	0	0	0	63.36	0	0	0	0	0	0	0	0	0	0	0	0	0	0	0	0	0	0	0	0	0	0	0	0	0	0	0	0	0	0	0	0	0	0	0	0	0	0	0	0	0	0	0	0	0	0	0	0	49	99	0	56	0	85	80	85	56	63	56	63	85	95	70	85	90	90	90	90	0	30	0	30	48.5	37.7	0	2112	0	0	0	0	0	0	0	0	0	99	0	0	0	0	0	0	0	0	0	0	0	0	0	0	0	0	0	0	0	0	0	0	0	0	0	0	0	0	0	0	0	0	0	0	0	0	0	0	0	0	0	0	0	0	0	0	0	99	99	0	0	0	0	0	99	0	0	0	0	0	0	0	99	0	0	0	0	0	99	0	0	0	0	0	0	0	0	0	0	0	63.36	0	0	0	0	0	0	0	0	0	0	0	63.36	0	0	0	0	0	0	5500
61112	L-Phenylalanine	5.5	98	2	51	0	0	0	47	0	0	47	0	0	0	20	4787	2825	2825	2825	2825			2825	2825	2825	2825	2825	2825	2825	2825	2593	11	11	11	11			7.1	6.1	6.1	6.1	7.1	6.1	6.1	6.1	0	0	0	0	0	0	96	0	0	0	0	0	0	96	0	0	0	0	0	96	0	0	0	0	0	0	0	0	188.24	0	0	0	0	0	0	0	0	0	0	0	0	0	0	0	0	95.04	0	0	0	0	0	0	0	0	0	0	0	0	0	0	0	0	0	0	0	0	0	0	0	0	0	0	0	0	0	0	0	0	0	0	0	0	0	0	0	0	0	0	0	0	0	0	0	0	0	0	0	0	0	52	99	0	59	0	85	80	85	59	59	59	59	85	95	70	85	90	90	90	90	0	30	0	30	51	50.5	0	2824	0	0	0	0	0	0	0	0	0	0	99	0	0	0	0	0	0	0	0	0	0	0	0	0	0	0	0	0	0	0	0	0	0	0	0	0	0	0	0	0	0	0	0	0	0	0	0	0	0	0	0	0	0	0	0	0	0	99	99	0	0	0	0	0	0	99	0	0	0	0	0	0	99	0	0	0	0	0	0	99	0	0	0	0	0	0	0	0	0	0	0	95.04	0	0	0	0	0	0	0	0	0	0	0	95.04	0	0	0	0	0	6000
61113	L-Threonine	2.3	98	2	70.9	0	0	0	27.1	0	0	27.1	0	0	19.9	21	5100	3978	3978	3978	3978			3978	4182	4182	4182	3978	4182	4182	4182	3656	15.2	15.2	15.2	15.2			9.8	9	9	9	9.8	9	9	9	0	0	0	0	0	0	0	96	0	0	0	0	0	0	0	0	0	0	0	96	0	0	0	0	0	0	0	0	0	135.4	0	0	0	0	0	0	0	0	0	0	0	0	0	0	0	0	95.04	0	0	0	0	0	0	0	0	0	0	0	0	0	0	0	0	0	0	0	0	0	0	0	0	0	0	0	0	0	0	0	0	0	0	0	0	0	0	0	0	0	0	0	0	0	0	0	0	0	0	0	0	72	99	0	78	0	85	80	85	78	82	78	82	85	95	70	85	90	90	90	90	0	30	0	30	70.6	70.2	0	3978	0	0	0	0	0	0	0	0	0	0	0	99	0	0	0	0	0	0	0	0	0	0	0	0	0	0	0	0	0	0	0	0	0	0	0	0	0	0	0	0	0	0	0	0	0	0	0	0	0	0	0	0	0	0	0	0	0	99	99	0	0	0	0	0	0	0	99	0	0	0	0	0	99	0	0	0	0	0	0	0	99	0	0	0	0	0	0	0	0	0	0	0	95.04	0	0	0	0	0	0	0	0	0	0	0	95.04	0	0	0	0	6000
61114	L-Tryptophan	15	98	2	82.5	0	0	0	15.5	0	0	15.5	0	0	0	22	5284	4597	4597	4597	4597			4597	4597	4597	4597	4597	4597	4597	4597	4223	17.7	17.7	17.7	17.7			11.4	9.8	9.8	9.8	11.4	9.8	9.8	9.8	0	0	0	0	0	0	0	0	96	0	0	0	0	0	0	0	0	0	0	96	0	0	0	0	0	0	0	0	0	0	116.36	0	0	0	0	0	0	0	0	0	0	0	0	0	0	0	0	95.04	0	0	0	0	0	0	0	0	0	0	0	0	0	0	0	0	0	0	0	0	0	0	0	0	0	0	0	0	0	0	0	0	0	0	0	0	0	0	0	0	0	0	0	0	0	0	0	0	0	0	0	83	99	0	87	0	85	80	85	87	87	87	87	85	95	70	85	90	90	90	90	0	30	0	30	81.3	81.7	0	4597	0	0	0	0	0	0	0	0	0	0	0	0	99	0	0	0	0	0	0	0	0	0	0	0	0	0	0	0	0	0	0	0	0	0	0	0	0	0	0	0	0	0	0	0	0	0	0	0	0	0	0	0	0	0	0	0	0	99	99	0	0	0	0	0	0	0	0	99	0	0	0	0	99	0	0	0	0	0	0	0	0	99	0	0	0	0	0	0	0	0	0	0	0	95.04	0	0	0	0	0	0	0	0	0	0	0	95.04	0	0	0	6000
61115	L-Valine	2.5	98	2	72	0	0	0	26	0	0	26	0	0	0	21	5117	4043	4043	4043	4043			4043	4043	4043	4043	4043	4043	4043	4043	3715	15.5	15.5	15.5	15.5			10	8.6	8.6	8.6	10	8.6	8.6	8.6	0	0	0	0	0	0	0	0	0	96	0	0	0	0	0	0	0	0	0	96	0	0	0	0	0	0	0	0	0	0	0	133.34	0	0	0	0	0	0	0	0	0	0	0	0	0	0	0	0	95.04	0	0	0	0	0	0	0	0	0	0	0	0	0	0	0	0	0	0	0	0	0	0	0	0	0	0	0	0	0	0	0	0	0	0	0	0	0	0	0	0	0	0	0	0	0	0	0	0	0	0	73	99	0	79	0	85	80	85	79	79	79	79	85	95	70	85	90	90	90	90	0	30	0	30	71.5	71.3	0	4043	0	0	0	0	0	0	0	0	0	0	0	0	0	99	0	0	0	0	0	0	0	0	0	0	0	0	0	0	0	0	0	0	0	0	0	0	0	0	0	0	0	0	0	0	0	0	0	0	0	0	0	0	0	0	0	0	0	99	99	0	0	0	0	0	0	0	0	0	99	0	0	0	99	0	0	0	0	0	0	0	0	0	99	0	0	0	0	0	0	0	0	0	0	0	95.04	0	0	0	0	0	0	0	0	0	0	0	95.04	0	0	6000
61116	L-glutamic acid	4	98	2	83	0	0	0	15	0	0	15	0	0	0	22	5292	4657	4657	4657	4657			4657	4657	4657	4657	4657	4657	4657	4657	4280	17.8	17.8	17.8	17.8			11.5	9.9	9.9	9.9	11.5	9.9	9.9	9.9	0	0	0	0	0	0	0	0	0	0	0	0	0	0	96	0	0	0	0	0	96	0	0	0	0	0	0	0	0	0	0	0	0	0	115.69	0	0	0	0	0	0	0	0	0	0	0	0	0	0	0	0	0	0	0	0	0	0	0	0	0	0	0	0	0	0	0	0	0	0	0	0	0	0	0	0	0	0	0	0	0	0	0	0	0	0	0	0	0	0	0	0	0	0	0	0	0	0	0	0	84	99	0	88	0	85	80	85	88	88	88	88	85	95	70	85	90	90	90	90	0	30	0	30	82.3	82.2	0	4657	0	0	0	0	0	0	0	0	0	0	0	0	0	0	0	0	0	0	0	0	0	0	0	0	0	0	0	0	0	0	0	0	0	0	0	0	0	0	0	0	0	0	0	0	0	0	0	0	0	0	0	0	0	0	0	0	0	98	99	0	0	0	0	0	0	0	0	0	0	0	0	0	99	0	0	0	0	0	0	0	0	0	0	0	0	0	0	0	0	0	0	0	0	0	0	0	0	0	0	0	0	0	0	0	0	0	0	0	0	6000
61117	L-Taurine	4.7	90	10	68.9	0	0	0	21.1	0	0	21.1	0	10	0	20	4744	4554	4554	4554	4554			4222	4222	4222	4222	4222	4222	4222	4222	4241	15.3	15.7	15.7	15.6			10.1	9.1	9.1	9.1	10.1	9.1	9.1	9.1	0	0	0	0	0	0	0	0	0	0	0	0	0	0	0	0	0	0	0	0	0	98.5	0	0	0	0	0	0	0	0	0	0	0	0	0	0	0	0	0	0	0	0	0	0	0	0	0	0	0	0	0	0	0	0	0	0	0	0	0	0	0	0	0	0	0	0	0	0	0	0	0	0	0	0	0	0	0	0	0	0	0	0	0	0	0	0	0	0	0	0	0	0	0	0	0	0	0	0	0	96	99	0	96	85	85	80	85	89	89	89	89	85	95	70	85	90	90	90	90	0	30	0	30	86.4	68.2	0	4554	17.92	0	0	0	0	0	0	0	0	0	0	0	0	0	0	0	0	0	0	0	0	0	0	0	0	0	0	0	0	0	0	0	0	0	0	0	0	0	0	0	0	0	0	0	0	0	0	0	0	0	0	0	0	0	0	0	0	97	99	0	0	0	0	0	0	0	0	0	0	0	0	0	99	0	0	0	0	0	0	0	0	0	0	0	0	0	0	0	0	0	0	0	0	0	0	0	0	0	0	0	0	0	0	0	0	0	0	0	0	6000
61118	L-Lysine HCl monohydrochloride. powder. CJ Bio BestAmino	1.2	99	1	94.4	0	0	0.3	4.3	0	0	4.3	0	0	4.7	23	5500	5335	5335	5335	5335			5335	5390	5390	5390	5335	5390	5390	5390	4901	20.5	20.5	20.5	20.5			13.2	11.5	11.5	11.5	13.2	11.5	11.5	11.5	0	0	0	0	78.8	0	0	0	0	0	0	0	0	0	0	0	0	0	0	78.8	0	0	0	0	0	0	83.47	0	0	0	0	0	0	0	0	0	0	0	0	0	0	0	0	78.8	0	0	0	0	0	0	0	0	0	0	0	0	0	0	0	0	0	0	0	0	0	0	0	0	0.3	0	0	0	0	0	0	0	0	0	0	0	0	0	0	0	0	0	0	0	0	0	0	0	0	0	0	0	0	0	0	96	100	0	97	0	85	85	85	97	98	97	98	85	95	70	85	90	90	90	90	0	30	0	30	95	94.4	0	5335	0	0	0	0	0	0	0	0	100	0	0	0	0	0	0	0	0	0	0	0	0	0	0	0	0	0	0	0	0	0	0	0	0	0	0	0	0	0	0	0	0	0	0	0	0	0	0	0	0	0	0	0	0	0	0	0	0	0	99	0	0	0	0	0	0	0	0	0	0	0	0	0	99	0	0	0	0	0	0	0	0	0	0	0	0	0	0	0	0	0	0	0	0	0	0	0	0	0	0	0	0	0	0	0	0	0	0	0	0	8500
61119	Lysine Sulphate 70. granule. CJ Bio BestAmino	1.3	96	4	65.9	0	0	0.1	30	0	0	30	0	0	20.4	21	4935	3702	3702	3702	3702			3702	3948	3948	3948	3702	3948	3948	3948	3399	14.3	14.3	14.3	14.3			9.2	8.5	8.5	8.5	9.2	8.5	8.5	8.5	0	0	0	0	55	0	0	0	0	0	0	0	0	0	0	0	0	0	0	55	0	0	0	0	0	0	83.46	0	0	0	0	0	0	0	0	0	0	0	0	0	0	0	0	55	0	0	0	0	0	0	0	0	0	0	0	0	0	0	0	0	0	0	0	0	0	0	0	0	0	0	0	0	0	0	0	0	0	0	0	0	0	0	0	0	0	0	0	0	0	0	0	0	0	0	0	0	0	0	0	69	100	0	75	0	85	85	85	75	80	75	80	85	95	70	85	90	90	90	90	0	30	0	30	66.2	65.9	0	3702	0	0	0	0	0	0	0	0	100	0	0	0	0	0	0	0	0	0	0	0	0	0	0	0	0	0	0	0	0	0	0	0	0	0	0	0	0	0	0	0	0	0	0	0	0	0	0	0	0	0	0	0	0	0	0	0	0	0	99	0	0	0	0	0	0	0	0	0	0	0	0	0	99	0	0	0	0	0	0	0	0	0	0	0	0	0	0	0	0	0	0	0	0	0	0	0	0	0	0	0	0	0	0	0	0	0	0	0	0	6000
61120	Liquid Lysine 64. CJ BioBestAmino	1.2	62	38	60.2	0	0	0.1	1.8	0	0	1.8	0	0	2	14	3463	3394	3394	3394	3394			3394	3429	3429	3429	3394	3429	3429	3429	3118	13	13	13	13			8.4	7.3	7.3	7.3	8.4	7.3	7.3	7.3	0.08	0	0.01	0	50	0	0.01	0	0	0	0	0	0	0.01	0.02	0.01	0	0.01	0	50.1	0.04	0	0.13	0	0.02	0	83.13	0	0.02	0	0	0	0	0	0.03	0.02	0	0.02	0	0	0	0	0	50	0	0	0	0	0	0	0	0	0	0	0	0	0	0	0	0	0	0	0	0	0	0	0	0.08	0.02	0	0	0	0	0	0	0	0	0	0	0	0	0	0	0	0	0	0	0	0	0	0	0	0	0	0	0	0	0	0	97	100	0	98	0	85	85	85	98	99	98	99	85	95	70	85	90	90	90	90	0	30	0	30	60.1	60.2	0	3394	0	0	0	0	0	0	0	0	100	0	0	0	0	0	0	0	0	0	0	0	0	0	0	0	0	0	0	0	0	0	0	0	0	0	0	0	0	0	0	0	0	0	0	0	0	0	0	0	0	0	0	0	0	0	0	0	0	0	99	0	0	0	0	0	0	0	0	0	0	0	0	0	99	0	0	0	0	0	0	0	0	0	0	0	0	0	0	0	0	0	0	0	0	0	0	0	0	0	0	0	0	0	0	0	0	0	0	0	0	6000
61121	L-Threonine. powder. CJ Bio BestAmino	2.3	99.5	0.5	72.6	0	0	0.1	26.8	0	0	26.8	0	0	27	22	5184	4095	4095	4095	4095			4095	4406	4406	4406	4095	4406	4406	4406	3762	15.7	15.7	15.7	15.7			10.2	9.5	9.5	9.5	10.2	9.5	9.5	9.5	0	0	0	0	0	0	0	98.5	0	0	0	0	0	0	0	0	0	0	0	98.5	0	0	0	0	0	0	0	0	0	135.67	0	0	0	0	0	0	0	0	0	0	0	0	0	0	0	0	98.5	0	0	0	0	0	0	0	0	0	0	0	0	0	0	0	0	0	0	0	0	0	0	0	0	0	0	0	0	0	0	0	0	0	0	0	0	0	0	0	0	0	0	0	0	0	0	0	0	0	0	0	0	73	100	0	79	0	85	85	85	79	85	79	85	85	95	70	85	90	90	90	90	0	30	0	30	72.6	72.6	0	4095	0	0	0	0	0	0	0	0	0	0	0	100	0	0	0	0	0	0	0	0	0	0	0	0	0	0	0	0	0	0	0	0	0	0	0	0	0	0	0	0	0	0	0	0	0	0	0	0	0	0	0	0	0	0	0	0	0	0	99	0	0	0	0	0	0	0	0	0	0	0	0	0	99	0	0	0	0	0	0	0	0	0	0	0	0	0	0	0	0	0	0	0	0	0	0	0	0	0	0	0	0	0	0	0	0	0	0	0	0	18000
61122	L-Threonine. granule. THR Pro. CJ Bio BestAmino	2.3	99.5	0.5	55.2	0	0	0.1	44.3	0	0	44.3	0	0	27.1	21	4912	3094	3094	3094	3094			3094	3438	3438	3438	3094	3438	3438	3438	2841	12	12	12	12			7.7	7.4	7.4	7.4	7.7	7.4	7.4	7.4	0	0	0	0	0	0	0	75	0	0	0	0	0	0	0	0	0	0	0	75	0	0	0	0	0	0	0	0	0	135.95	0	0	0	0	0	0	0	0	0	0	0	0	0	0	0	0	75	0	0	0	0	0	0	0	0	0	0	0	0	0	0	0	0	0	0	0	0	0	0	0	0	0	0	0	0	0	0	0	0	0	0	0	0	0	0	0	0	0	0	0	0	0	0	0	0	0	0	0	0	55	100	0	63	0	85	85	85	63	70	63	70	85	95	70	85	90	90	90	90	0	30	0	30	54.7	55.2	0	3094	0	0	0	0	0	0	0	0	0	0	0	100	0	0	0	0	0	0	0	0	0	0	0	0	0	0	0	0	0	0	0	0	0	0	0	0	0	0	0	0	0	0	0	0	0	0	0	0	0	0	0	0	0	0	0	0	0	0	99	0	0	0	0	0	0	0	0	0	0	0	0	0	99	0	0	0	0	0	0	0	0	0	0	0	0	0	0	0	0	0	0	0	0	0	0	0	0	0	0	0	0	0	0	0	0	0	0	0	0	6000
61123	L-Tryptophan. CJ Bio BestAmino	15	99	1	82.5	0	0	0.2	16.4	0	0	16.4	0	0	14.9	22	5318	4680	4680	4680	4680			4680	4839	4839	4839	4680	4839	4839	4839	4301	17.9	17.9	17.9	17.9			11.6	10.4	10.4	10.4	11.6	10.4	10.4	10.4	0	0	0	0	0	0	0	0	95.27	0	0	0	0	0	0	0	0	0	0	95.27	0	0	0	0	0	0	0	0	0	0	115.48	0	0	0	0	0	0	0	0	0	0	0	0	0	0	0	0	95.27	0	0	0	0	0	0	0	0	0	0	0	0	0	0	0	0	0	0	0	0	0	0	0	0	0	0	0	0	0	0	0	0	0	0	0	0	0	0	0	0	0	0	0	0	0	0	0	0	0	0	0	83	100	0	88	0	85	85	85	88	91	88	91	85	95	70	85	90	90	90	90	0	30	0	30	82.2	82.5	0	4680	0	0	0	0	0	0	0	0	0	0	0	0	100	0	0	0	0	0	0	0	0	0	0	0	0	0	0	0	0	0	0	0	0	0	0	0	0	0	0	0	0	0	0	0	0	0	0	0	0	0	0	0	0	0	0	0	0	0	99	0	0	0	0	0	0	0	0	0	0	0	0	0	99	0	0	0	0	0	0	0	0	0	0	0	0	0	0	0	0	0	0	0	0	0	0	0	0	0	0	0	0	0	0	0	0	0	0	0	0	6000
61124	L-Valine. CJ Bio BestAmino	2.5	94	6	72.2	0	0	0.5	21.3	0	0	21.3	0	0	21.4	21	4938	4049	4049	4049	4049			4049	4345	4345	4345	4049	4345	4345	4345	3718	15.6	15.6	15.6	15.6			10.1	9.3	9.3	9.3	10.1	9.3	9.3	9.3	0	0	0	0	0	0	0	0	0	96.5	0	0	0	0	0	0	0	0	0	96.5	0	0	0	0	0	0	0	0	0	0	0	133.75	0	0	0	0	0	0	0	0	0	0	0	0	0	0	0	0	96.5	0	0	0	0	0	0	0	0	0	0	0	0	0	0	0	0	0	0	0	0	0	0	0	0	0	0	0	0	0	0	0	0	0	0	0	0	0	0	0	0	0	0	0	0	0	0	0	0	0	0	77	100	0	82	0	85	85	85	82	88	82	88	85	95	70	85	90	90	90	90	0	30	0	30	72.4	72.2	0	4049	0	0	0	0	0	0	0	0	0	0	0	0	0	100	0	0	0	0	0	0	0	0	0	0	0	0	0	0	0	0	0	0	0	0	0	0	0	0	0	0	0	0	0	0	0	0	0	0	0	0	0	0	0	0	0	0	0	0	99	0	0	0	0	0	0	0	0	0	0	0	0	0	99	0	0	0	0	0	0	0	0	0	0	0	0	0	0	0	0	0	0	0	0	0	0	0	0	0	0	0	0	0	0	0	0	0	0	0	0	6000
61125	Aquavi Met-Met®. Evonik	5	99	1	55.8	0	0	0.5	42.7	0.1	0	42.7	0	0	37.5	20	4883	3125	3125	3125	3125			3125	3613	3613	3613	3125	3613	3613	3613	2869	12.1	12.1	12.1	12.1			7.8	7.8	7.8	7.8	7.8	7.8	7.8	7.8	0	0	0	0	0	95	0	0	0	0	0	95	0	0	0	0	0	0	0	95	0	0	0	0	0	0	0	170.25	0	0	0	0	0	0	0	0	0	0	0	0	0	0	0	0	95	0	0	0	0	0	95	0	0	0	0	0	0	0	0	0	0	0	0	0	0	0	0	0	0	0	0	0	0	0	0	0	0	0	0	0	0	0	0	0	0	0	0	0	0	0	0	0	0	0	0	0	0	0	0	57	100	0	64	0	85	85	85	64	74	64	74	85	95	70	85	90	90	90	90	0	30	0	30	56.4	55.8	0	3125	0	0	0	0	0	0	0	0	0	100	0	0	0	0	0	0	0	0	0	0	0	0	0	0	0	0	0	0	0	0	0	0	0	0	0	0	0	0	0	0	0	0	0	0	0	0	0	0	0	0	0	0	0	0	0	0	0	0	99	0	0	0	0	0	0	0	0	0	0	0	0	0	99	0	0	0	0	0	0	0	0	0	0	0	0	0	0	0	0	0	0	0	0	0	0	0	0	0	0	0	0	0	0	0	0	0	0	0	0	5500
61126	L-Methionine 99%. CJ BestAmino	2.2	99.5	0.5	55.8	0	0	21	22.7	0	0	22.7	0	0	19.9	17	4070	2849	2849	2849	2849			2849	3093	3093	3093	2849	3093	3093	3093	2619	10.9	10.9	10.9	10.9			7	6.6	6.6	6.6	7	6.6	6.6	6.6	0	0	0	0	0	95	0	0	0	0	0	95	0	0	0	0	0	0	0	95	0	0	0	0	0	0	0	170.25	0	0	0	0	0	0	0	0	0	0	0	0	0	0	0	0	94.05	0	0	0	0	0	94.05	0	0	0	0	0	0	0	0	0	0	0	0	0	0	0	0	0	0	0	0	0	0	225	0	0	0	0	0	0	0	0	0	0	0	0	0	0	0	0	0	0	0	0	0	0	0	0	0	61	90	0	70	0	85	85	85	70	76	70	76	85	95	70	85	90	90	90	90	0	30	0	30	60.7	50.2	0	2849	0	0	0	0	0	0	0	0	0	99	0	0	0	0	0	0	0	0	0	0	0	0	0	0	0	0	0	0	0	0	0	0	0	0	0	0	0	0	0	0	0	0	0	0	0	0	0	0	0	0	0	0	0	0	0	0	0	80	99	0	0	0	0	0	99	0	0	0	0	0	0	80	99	0	0	0	0	0	99	0	0	0	0	0	0	0	0	0	0	0	94.05	0	0	0	0	0	0	0	0	0	0	0	94.05	0	0	0	0	0	0	5500
61127	L-Arginine 98.5%. CJ BestAmino	6	99.5	0.5	99	0	0	0.1	0.4	0	0	0.4	0	0	0.4	23	5600	5040	5040	5040	5040			5040	5040	5040	5040	5040	5040	5040	5040	4631	19.3	19.3	19.3	19.3			12.5	10.7	10.7	10.7	12.5	10.7	10.7	10.7	98.5	0	0	0	0	0	0	0	0	0	0	0	0	0	0	0	0	0	0	98.5	0	0	99.5	0	0	0	0	0	0	0	0	0	0	0	0	0	0	0	0	97.02	0	0	0	0	0	0	0	0	0	0	0	0	0	0	0	0	0	0	0	0	0	0	0	0	0	0	0	0	0	0	0	0	0	0	0	0	0	0	0	0	0	0	0	0	0	0	0	0	0	0	0	0	0	0	0	0	0	0	0	90	90	0	90	0	85	85	85	90	90	90	90	85	95	70	85	90	90	90	90	0	30	0	30	89.6	89.1	0	5040	0	0	0	0	99	0	0	0	0	0	0	0	0	0	0	0	0	0	0	0	0	0	0	0	0	0	0	0	0	0	0	0	0	0	0	0	0	0	0	0	0	0	0	0	0	0	0	0	0	0	0	0	0	0	0	0	0	80	99	94	0	0	0	0	0	0	0	0	0	0	0	0	99	94	0	0	0	0	0	0	0	0	0	0	0	92.59	0	0	0	0	0	0	0	0	0	0	0	92.59	0	0	0	0	0	0	0	0	0	0	0	6000
61128	L-Isoleucine 98.5%. CJ BestAmino	5	99.5	0.5	65.8	0	0	0.1	33.7	0	0	33.7	0	0	32.7	21	5076	3655	3655	3655	3655			3655	4010	4010	4010	3655	4010	4010	4010	3359	14	14	14	14			9	8.7	8.7	8.7	9	8.7	8.7	8.7	0	0	98.5	0	0	0	0	0	0	0	0	0	0	0	0	0	0	0	0	98.5	0	0	0	0	149.81	0	0	0	0	0	0	0	0	0	0	0	0	0	0	0	0	96.53	0	0	0	0	0	0	0	0	0	0	0	0	0	0	0	0	0	0	0	0	0	0	0	0	0	0	0	0	0	0	0	0	0	0	0	0	0	0	0	0	0	0	0	0	0	0	0	0	0	0	0	0	0	0	0	0	0	65	98	0	72	0	85	85	85	72	79	72	79	85	95	70	85	90	90	90	90	0	30	0	30	64.7	64.4	0	3655	0	0	0	0	0	0	98	0	0	0	0	0	0	0	0	0	0	0	0	0	0	0	0	0	0	0	0	0	0	0	0	0	0	0	0	0	0	0	0	0	0	0	0	0	0	0	0	0	0	0	0	0	0	0	0	0	0	80	99	0	0	95	98	0	0	0	0	0	0	0	0	0	99	0	0	95	98	0	0	0	0	0	0	0	0	0	0	93.58	0	0	0	0	0	0	0	0	0	0	0	93.58	0	0	0	0	0	0	0	0	0	6000
61129	L-Histidine 98%. CJ BestAmino	15	99.5	0.5	60.2	0	0	0.1	39.2	0	0	39.2	0	0	0.4	21	4988	3342	3342	3342	3342			3342	3342	3342	3342	3342	3342	3342	3342	3071	12.8	12.8	12.8	12.8			8.3	7.1	7.1	7.1	8.3	7.1	7.1	7.1	0	98.58	0	0	0	0	0	0	0	0	0	0	0	0	0	0	0	0	0	98.58	0	0	0	163.76	0	0	0	0	0	0	0	0	0	0	0	0	0	0	0	0	96.61	0	0	0	0	0	0	0	0	0	0	0	0	0	0	0	0	0	0	0	0	0	0	0	0	0	0	0	0	0	0	0	0	0	0	0	0	0	0	0	0	0	0	0	0	0	0	0	0	0	0	0	0	0	0	0	0	0	0	59	98	0	67	0	85	85	85	67	67	67	67	85	95	70	85	90	90	90	90	0	30	0	30	58.7	59	0	3342	0	0	0	0	0	98	0	0	0	0	0	0	0	0	0	0	0	0	0	0	0	0	0	0	0	0	0	0	0	0	0	0	0	0	0	0	0	0	0	0	0	0	0	0	0	0	0	0	0	0	0	0	0	0	0	0	0	80	99	0	99	0	0	0	0	0	0	0	0	0	0	0	99	0	99	0	0	0	0	0	0	0	0	0	0	0	97.6	0	0	0	0	0	0	0	0	0	0	0	97.6	0	0	0	0	0	0	0	0	0	0	6000
61130	L-Lysine 98%. CJ BestAmino	1.2	98.5	1.5	94.5	0	0	0.1	3.9	0	0	3.9	0	0	3	23	5488	5103	5103	5103	5103			5103	5158	5158	5158	5103	5158	5158	5158	4687	19.7	19.7	19.7	19.7			12.7	11	11	11	12.7	11	11	11	0.12	0.12	0.09	0.14	78	0.03	0	0.05	0.02	0.13	0.03	0.06	0	0	0	0	0.12	0.07	0	78.69	0.22	0	0.13	0.13	0.09	0.15	82.58	0.03	0	0.05	0.02	0.14	0.03	0	0	0	0.13	0.07	0	0	0	0	0	60.84	0	0	0	0	0	0	0	0	0	0	0	0	0	0	0	0	0	0	0	0	0	0	0	0	0	0	0	0	0	0	0	0	0	0	0	0	0	0	0	0	0	0	0	0	0	0	0	0	0	0	0	0	0	0	0	92	96	0	93	0	85	85	85	93	94	93	94	85	95	70	85	90	90	90	90	0	30	0	30	90.6	90.7	0	5103	0	0	0	0	0	0	0	0	78	0	0	0	0	0	0	0	0	0	0	0	0	0	0	0	0	0	0	0	0	0	0	0	0	0	0	0	0	0	0	0	0	0	0	0	0	0	0	0	0	0	0	0	0	0	0	0	0	80	99	0	0	0	0	78	0	0	0	0	0	0	0	0	99	0	0	0	0	78	0	0	0	0	0	0	0	0	0	0	0	60.84	0	0	0	0	0	0	0	0	0	0	0	60.84	0	0	0	0	0	0	0	8500
61131	L-Lysine. 74%  Lysine	1.2	98.5	1.5	75.2	0	0	0.1	23.2	0	0	23.2	0	0	18.4	22	5184	4095	4095	4095	4095			4095	4303	4303	4303	4095	4303	4303	4303	3764	15.7	15.7	15.7	15.7			10.1	9.2	9.2	9.2	10.1	9.2	9.2	9.2	0.09	0.09	0.07	0.11	62	0.02	0	0.04	0.02	0.1	0.02	0.05	0	0	0	0	0.09	0.05	0	62.55	0.17	0	0.13	0.13	0.09	0.15	82.45	0.03	0	0.05	0.02	0.14	0.03	0	0	0	0.13	0.07	0	0	0	0	0	48.36	0	0	0	0	0	0	0	0	0	0	0	0	0	0	0	0	0	0	0	0	0	0	0	0	0	0	0	0	0	0	0	0	0	0	0	0	0	0	0	0	0	0	0	0	0	0	0	0	0	0	0	0	0	0	0	73	96	0	79	0	85	85	85	79	83	79	83	85	95	70	85	90	90	90	90	0	30	0	30	71.9	72.2	0	4095	0	0	0	0	0	0	0	0	78	0	0	0	0	0	0	0	0	0	0	0	0	0	0	0	0	0	0	0	0	0	0	0	0	0	0	0	0	0	0	0	0	0	0	0	0	0	0	0	0	0	0	0	0	0	0	0	0	80	99	0	0	0	0	78	0	0	0	0	0	0	0	0	99	0	0	0	0	78	0	0	0	0	0	0	0	0	0	0	0	48.36	0	0	0	0	0	0	0	0	0	0	0	48.36	0	0	0	0	0	0	0	8500
62105	Mineral premix. OMNR (0.5%)	2	99	1	9	0.3	0.2	75	14.5	3	0.6	14.7	12	0	2.1	5	1133	725	725	725	725			827	895	895	895	748	850	850	850	694	2.4	3	3	2.4			1.7	2.1	2.1	2.1	1.6	2	2	2	0	0	0	0	0	0	0	0	0	0	0	0	0	0	0	0	0	0	0	0	0	0	0	0	0	0	0	0	0	0	0	0	0	0	0	0	0	0	0	0	0	0	0	0	0	0	0	0	0	0	0	0	0.02	0.02	0.02	0.02	0.01	0	50	0	0	0	0	0	0	0	0	2.4	0.37	0	0	0	1500	2600	6480	0	12000	1520	0	0	0	0	0	0	0	0	0	0	0	0	0	0	0	0	0	0	0	0	0	53	75	90	64	53	85	80	85	73	79	66	75	85	95	70	85	90	90	90	90	0	30	0	30	52.5	6.8	0.3	725	7.78	10.2	9.6	10.2	0	0	0	0	0	0	0	0	0	0	0	0	0	0	0	0	0	0	0	0	0	0	0	0	0	0	0	0	0	0	0	0	0	0	0	0	0	0	0	0	0	0	0	0	0	0	0	0	0	0	0	0	0	47	0	0	0	0	0	0	0	0	0	0	0	0	0	47	0	0	0	0	0	0	0	0	0	0	0	0	0	0	0	0	0	0	0	0	0	0	0	0	0	0	0	0	0	0	0	0	0	0	0	0	0	891
62106	Mineral premix. USSEC Standard. fish. 0.25%	2	95	5	2	0.3	0.2	75	17.5	3	0.6	17.7	12	0	5.1	4	860	525	525	525	525			525	637	637	637	456	585	585	585	518	1.3	1.8	1.8	1.3			0.9	1.6	1.6	1.6	0.8	1.5	1.5	1.5	0	0	0	0	0	0	0	0	0	0	0	0	0	0	0	0	0	0	0	0	0	0	0	0	0	0	0	0	0	0	0	0	0	0	0	0	0	0	0	0	0	0	0	0	0	0	0	0	0	0	0	0	0.02	0.02	0.02	0.02	0.01	0	50	0	0	0	0	0	0	0	0	0	0	0	0	0	4000	80000	10000	280	40000	1800	20	0	0	0	0	0	0	0	0	0	0	0	0	0	0	0	0	0	0	0	0	52	75	90	61	57	85	80	85	61	74	53	68	85	95	70	85	90	90	90	90	0	30	0	30	49.4	1.5	0.3	525	10.08	10.2	9.6	10.2	0	0	0	0	0	0	0	0	0	0	0	0	0	0	0	0	0	0	0	0	0	0	0	0	0	0	0	0	0	0	0	0	0	0	0	0	0	0	0	0	0	0	0	0	0	0	0	0	0	0	0	0	0	47	0	0	0	0	0	0	0	0	0	0	0	0	0	47	0	0	0	0	0	0	0	0	0	0	0	0	0	0	0	0	0	0	0	0	0	0	0	0	0	0	0	0	0	0	0	0	0	0	0	0	0	891
62107	Mineral premix. USSEC Standard. shrimp. 0.25%	2	95	5	2	0.3	0.2	75	17.5	3	0.6	17.7	12	0	5.1	4	860	525	525	525	525			525	637	637	637	456	585	585	585	518	1.3	1.8	1.8	1.3			0.9	1.6	1.6	1.6	0.8	1.5	1.5	1.5	0	0	0	0	0	0	0	0	0	0	0	0	0	0	0	0	0	0	0	0	0	0	0	0	0	0	0	0	0	0	0	0	0	0	0	0	0	0	0	0	0	0	0	0	0	0	0	0	0	0	0	0	0.02	0.02	0.02	0.02	0.01	0	50	0	0	0	0	0	0	0	0	0	0	0	0	0	20000	40000	2000	280	40000	1500	0	0	0	0	0	0	0	0	0	0	0	0	0	0	0	0	0	0	0	0	0	52	75	90	61	57	85	80	85	61	74	53	68	85	95	70	85	90	90	90	90	0	30	0	30	49.4	1.5	0.3	525	10.08	10.2	9.6	10.2	0	0	0	0	0	0	0	0	0	0	0	0	0	0	0	0	0	0	0	0	0	0	0	0	0	0	0	0	0	0	0	0	0	0	0	0	0	0	0	0	0	0	0	0	0	0	0	0	0	0	0	0	0	47	0	0	0	0	0	0	0	0	0	0	0	0	0	47	0	0	0	0	0	0	0	0	0	0	0	0	0	0	0	0	0	0	0	0	0	0	0	0	0	0	0	0	0	0	0	0	0	0	0	0	0	891
62108	Mineral premix. INVE. fish-formulation 1 (0.5%)	2	95	5	2	0.3	0.2	75	17.5	3	0.6	17.7	12	0	5.1	4	860	525	525	525	525			525	637	637	637	456	585	585	585	518	1.3	1.8	1.8	1.3			0.9	1.6	1.6	1.6	0.8	1.5	1.5	1.5	0	0	0	0	0	0	0	0	0	0	0	0	0	0	0	0	0	0	0	0	0	0	0	0	0	0	0	0	0	0	0	0	0	0	0	0	0	0	0	0	0	0	0	0	0	0	0	0	0	0	0	0	0.02	0.02	0.02	0.02	0.01	0	50	0	0	0	0	0	0	0	0	0	0	0	0	0	5000	1500	20000	300	30000	2500	2000	0	0	0	0	0	0	0	0	0	0	0	0	0	0	0	0	0	0	0	0	52	75	90	61	57	85	80	85	61	74	53	68	85	95	70	85	90	90	90	90	0	30	0	30	49.4	1.5	0.3	525	10.08	10.2	9.6	10.2	0	0	0	0	0	0	0	0	0	0	0	0	0	0	0	0	0	0	0	0	0	0	0	0	0	0	0	0	0	0	0	0	0	0	0	0	0	0	0	0	0	0	0	0	0	0	0	0	0	0	0	0	0	47	0	0	0	0	0	0	0	0	0	0	0	0	0	47	0	0	0	0	0	0	0	0	0	0	0	0	0	0	0	0	0	0	0	0	0	0	0	0	0	0	0	0	0	0	0	0	0	0	0	0	0	891
62109	Mineral premix. INVE. fish formulation 2 (0.5%)	2	95	5	2	0.3	0.2	75	17.5	3	0.6	17.7	12	0	5.1	4	860	525	525	525	525			525	637	637	637	456	585	585	585	518	1.3	1.8	1.8	1.3			0.9	1.6	1.6	1.6	0.8	1.5	1.5	1.5	0	0	0	0	0	0	0	0	0	0	0	0	0	0	0	0	0	0	0	0	0	0	0	0	0	0	0	0	0	0	0	0	0	0	0	0	0	0	0	0	0	0	0	0	0	0	0	0	0	0	0	0	0.02	0.02	0.02	0.02	0.01	0	50	0	0	0	0	0	0	0	0	0	0	0	0	0	5000	1000	10000	350	150000	5000	2000	0	0	0	0	0	0	0	0	0	0	0	0	0	0	0	0	0	0	0	0	52	75	90	61	57	85	80	85	61	74	53	68	85	95	70	85	90	90	90	90	0	30	0	30	49.4	1.5	0.3	525	10.08	10.2	9.6	10.2	0	0	0	0	0	0	0	0	0	0	0	0	0	0	0	0	0	0	0	0	0	0	0	0	0	0	0	0	0	0	0	0	0	0	0	0	0	0	0	0	0	0	0	0	0	0	0	0	0	0	0	0	0	47	0	0	0	0	0	0	0	0	0	0	0	0	0	47	0	0	0	0	0	0	0	0	0	0	0	0	0	0	0	0	0	0	0	0	0	0	0	0	0	0	0	0	0	0	0	0	0	0	0	0	0	891
62110	Mineral premix. INVE. shrimp formulation 1 (0.1%)	2	95	5	2	0.3	0.2	75	17.5	3	0.6	17.7	12	0	5.1	4	860	525	525	525	525			525	637	637	637	456	585	585	585	518	1.3	1.8	1.8	1.3			0.9	1.6	1.6	1.6	0.8	1.5	1.5	1.5	0	0	0	0	0	0	0	0	0	0	0	0	0	0	0	0	0	0	0	0	0	0	0	0	0	0	0	0	0	0	0	0	0	0	0	0	0	0	0	0	0	0	0	0	0	0	0	0	0	0	0	0	0.02	0.02	0.02	0.02	0.01	0	50	0	0	0	0	0	0	0	0	0	0	0	0	0	20000	0	5000	800	100000	1200	0	0	0	0	0	0	0	0	0	0	0	0	0	0	0	0	0	0	0	0	0	52	75	90	61	57	85	80	85	61	74	53	68	85	95	70	85	90	90	90	90	0	30	0	30	49.4	1.5	0.3	525	10.08	10.2	9.6	10.2	0	0	0	0	0	0	0	0	0	0	0	0	0	0	0	0	0	0	0	0	0	0	0	0	0	0	0	0	0	0	0	0	0	0	0	0	0	0	0	0	0	0	0	0	0	0	0	0	0	0	0	0	0	47	0	0	0	0	0	0	0	0	0	0	0	0	0	47	0	0	0	0	0	0	0	0	0	0	0	0	0	0	0	0	0	0	0	0	0	0	0	0	0	0	0	0	0	0	0	0	0	0	0	0	0	891
62111	Mineral premix. INVE. shrimp formulation 2 (0.1%)	2	95	5	2	0.3	0.2	75	17.5	3	0.6	17.7	12	0	5.1	4	860	525	525	525	525			525	637	637	637	456	585	585	585	518	1.3	1.8	1.8	1.3			0.9	1.6	1.6	1.6	0.8	1.5	1.5	1.5	0	0	0	0	0	0	0	0	0	0	0	0	0	0	0	0	0	0	0	0	0	0	0	0	0	0	0	0	0	0	0	0	0	0	0	0	0	0	0	0	0	0	0	0	0	0	0	0	0	0	0	0	0.02	0.02	0.02	0.02	0.01	0	50	0	0	0	0	0	0	0	0	0	0	0	0	0	20000	1087	16000	100	40000	2000	2000	0	0	0	0	0	0	0	0	0	0	0	0	0	0	0	0	0	0	0	0	52	75	90	61	57	85	80	85	61	74	53	68	85	95	70	85	90	90	90	90	0	30	0	30	49.4	1.5	0.3	525	10.08	10.2	9.6	10.2	0	0	0	0	0	0	0	0	0	0	0	0	0	0	0	0	0	0	0	0	0	0	0	0	0	0	0	0	0	0	0	0	0	0	0	0	0	0	0	0	0	0	0	0	0	0	0	0	0	0	0	0	0	47	0	0	0	0	0	0	0	0	0	0	0	0	0	47	0	0	0	0	0	0	0	0	0	0	0	0	0	0	0	0	0	0	0	0	0	0	0	0	0	0	0	0	0	0	0	0	0	0	0	0	0	891
62112	Mineral premix. general. shrimp (0.1%)	2	95	5	2	0.3	0.2	75	17.5	3	0.6	17.7	12	0	5.1	4	860	525	525	525	525			525	637	637	637	456	585	585	585	518	1.3	1.8	1.8	1.3			0.9	1.6	1.6	1.6	0.8	1.5	1.5	1.5	0	0	0	0	0	0	0	0	0	0	0	0	0	0	0	0	0	0	0	0	0	0	0	0	0	0	0	0	0	0	0	0	0	0	0	0	0	0	0	0	0	0	0	0	0	0	0	0	0	0	0	0	0.02	0.02	0.02	0.02	0.01	0	50	0	0	0	0	0	0	0	0	0	0	0	0	0	8000	0	2000	280	40000	1500	0	0	0	0	0	0	0	0	0	0	0	0	0	0	0	0	0	0	0	0	0	52	75	90	61	57	85	80	85	61	74	53	68	85	95	70	85	90	90	90	90	0	30	0	30	49.4	1.5	0.3	525	10.08	10.2	9.6	10.2	0	0	0	0	0	0	0	0	0	0	0	0	0	0	0	0	0	0	0	0	0	0	0	0	0	0	0	0	0	0	0	0	0	0	0	0	0	0	0	0	0	0	0	0	0	0	0	0	0	0	0	0	0	47	0	0	0	0	0	0	0	0	0	0	0	0	0	47	0	0	0	0	0	0	0	0	0	0	0	0	0	0	0	0	0	0	0	0	0	0	0	0	0	0	0	0	0	0	0	0	0	0	0	0	0	891
62113	Mineral premix. Brazil. fish (0.5%)	2	95	5	2	0.3	0.2	75	17.5	3	0.6	17.7	12	0	5.1	4	860	525	525	525	525			525	637	637	637	456	585	585	585	518	1.3	1.8	1.8	1.3			0.9	1.6	1.6	1.6	0.8	1.5	1.5	1.5	0	0	0	0	0	0	0	0	0	0	0	0	0	0	0	0	0	0	0	0	0	0	0	0	0	0	0	0	0	0	0	0	0	0	0	0	0	0	0	0	0	0	0	0	0	0	0	0	0	0	0	0	0.02	0.02	0.02	0.02	0.01	0	50	0	0	0	0	0	0	0	0	0	0	0	0	0	20000	200000	140000	300	300000	10000	0	0	0	0	0	0	0	0	0	0	0	0	0	0	0	0	0	0	0	0	0	52	75	90	61	57	85	80	85	61	74	53	68	85	95	70	85	90	90	90	90	0	30	0	30	49.4	1.5	0.3	525	10.08	10.2	9.6	10.2	0	0	0	0	0	0	0	0	0	0	0	0	0	0	0	0	0	0	0	0	0	0	0	0	0	0	0	0	0	0	0	0	0	0	0	0	0	0	0	0	0	0	0	0	0	0	0	0	0	0	0	0	0	47	0	0	0	0	0	0	0	0	0	0	0	0	0	47	0	0	0	0	0	0	0	0	0	0	0	0	0	0	0	0	0	0	0	0	0	0	0	0	0	0	0	0	0	0	0	0	0	0	0	0	0	891
62114	Mineral premix IAFFD Standard. FW shrimp starter. 0.25%	2	89	11	2	0.3	0.2	75	11.5	2	0.6	11.7	9	0	2.1	3	617	364	364	364	364			419	487	487	487	370	450	450	450	357	1.1	1.5	1.5	1.1			0.8	1.2	1.2	1.2	0.7	1.1	1.1	1.1	0	0	0	0	0	0	0	0	0	0	0	0	0	0	0	0	0	0	0	0	0	0	0	0	0	0	0	0	0	0	0	0	0	0	0	0	0	0	0	0	0	0	0	0	0	0	0	0	0	0	0	0	0.02	0.02	0.02	0.02	0.01	0	50	0	0	0	0	0	0	0	0	0	0	0	0	0	20000	40000	24000	280	40000	2200	0	0	0	0	0	0	0	0	0	0	0	0	0	0	0	0	0	0	0	0	0	51	75	90	59	53	85	80	85	68	79	60	73	85	95	70	85	90	90	90	90	0	30	0	30	45.4	1.5	0.3	364	6.19	7.65	7.2	7.65	0	0	0	0	0	0	0	0	0	0	0	0	0	0	0	0	0	0	0	0	0	0	0	0	0	0	0	0	0	0	0	0	0	0	0	0	0	0	0	0	0	0	0	0	0	0	0	0	0	0	0	0	0	47	0	0	0	0	0	0	0	0	0	0	0	0	0	47	0	0	0	0	0	0	0	0	0	0	0	0	0	0	0	0	0	0	0	0	0	0	0	0	0	0	0	0	0	0	0	0	0	0	0	0	0	891
62115	Mineral premix IAFFD Standard. FW shrimp grower. 0.25%	2	89	11	2	0.3	0.2	75	11.5	2	0.6	11.7	9	0	2.1	3	617	364	364	364	364			419	487	487	487	370	450	450	450	357	1.1	1.5	1.5	1.1			0.8	1.2	1.2	1.2	0.7	1.1	1.1	1.1	0	0	0	0	0	0	0	0	0	0	0	0	0	0	0	0	0	0	0	0	0	0	0	0	0	0	0	0	0	0	0	0	0	0	0	0	0	0	0	0	0	0	0	0	0	0	0	0	0	0	0	0	0.02	0.02	0.02	0.02	0.01	0	50	0	0	0	0	0	0	0	0	0	0	0	0	0	20000	40000	20000	280	40000	1800	0	0	0	0	0	0	0	0	0	0	0	0	0	0	0	0	0	0	0	0	0	51	75	90	59	53	85	80	85	68	79	60	73	85	95	70	85	90	90	90	90	0	30	0	30	45.4	1.5	0.3	364	6.19	7.65	7.2	7.65	0	0	0	0	0	0	0	0	0	0	0	0	0	0	0	0	0	0	0	0	0	0	0	0	0	0	0	0	0	0	0	0	0	0	0	0	0	0	0	0	0	0	0	0	0	0	0	0	0	0	0	0	0	47	0	0	0	0	0	0	0	0	0	0	0	0	0	47	0	0	0	0	0	0	0	0	0	0	0	0	0	0	0	0	0	0	0	0	0	0	0	0	0	0	0	0	0	0	0	0	0	0	0	0	0	891
62116	Mineral premix IAFFD Standard. FW shrimp finisher. 0.25%	2	89	11	2	0.3	0.2	75	11.5	2	0.6	11.7	9	0	2.1	3	617	364	364	364	364			419	487	487	487	370	450	450	450	357	1.1	1.5	1.5	1.1			0.8	1.2	1.2	1.2	0.7	1.1	1.1	1.1	0	0	0	0	0	0	0	0	0	0	0	0	0	0	0	0	0	0	0	0	0	0	0	0	0	0	0	0	0	0	0	0	0	0	0	0	0	0	0	0	0	0	0	0	0	0	0	0	0	0	0	0	0.02	0.02	0.02	0.02	0.01	0	50	0	0	0	0	0	0	0	0	0	0	0	0	0	20000	40000	16000	280	40000	1200	0	0	0	0	0	0	0	0	0	0	0	0	0	0	0	0	0	0	0	0	0	51	75	90	59	53	85	80	85	68	79	60	73	85	95	70	85	90	90	90	90	0	30	0	30	45.4	1.5	0.3	364	6.19	7.65	7.2	7.65	0	0	0	0	0	0	0	0	0	0	0	0	0	0	0	0	0	0	0	0	0	0	0	0	0	0	0	0	0	0	0	0	0	0	0	0	0	0	0	0	0	0	0	0	0	0	0	0	0	0	0	0	0	47	0	0	0	0	0	0	0	0	0	0	0	0	0	47	0	0	0	0	0	0	0	0	0	0	0	0	0	0	0	0	0	0	0	0	0	0	0	0	0	0	0	0	0	0	0	0	0	0	0	0	0	891
62117	Mineral premix IAFFD Standard. FW shrimp brood. 0.25%	2	89	11	2	0.3	0.2	75	11.5	2	0.6	11.7	9	0	2.1	3	617	364	364	364	364			419	487	487	487	370	450	450	450	357	1.1	1.5	1.5	1.1			0.8	1.2	1.2	1.2	0.7	1.1	1.1	1.1	0	0	0	0	0	0	0	0	0	0	0	0	0	0	0	0	0	0	0	0	0	0	0	0	0	0	0	0	0	0	0	0	0	0	0	0	0	0	0	0	0	0	0	0	0	0	0	0	0	0	0	0	0.02	0.02	0.02	0.02	0.01	0	50	0	0	0	0	0	0	0	0	0	0	0	0	0	20000	40000	24000	280	40000	1000	0	0	0	0	0	0	0	0	0	0	0	0	0	0	0	0	0	0	0	0	0	51	75	90	59	53	85	80	85	68	79	60	73	85	95	70	85	90	90	90	90	0	30	0	30	45.4	1.5	0.3	364	6.19	7.65	7.2	7.65	0	0	0	0	0	0	0	0	0	0	0	0	0	0	0	0	0	0	0	0	0	0	0	0	0	0	0	0	0	0	0	0	0	0	0	0	0	0	0	0	0	0	0	0	0	0	0	0	0	0	0	0	0	47	0	0	0	0	0	0	0	0	0	0	0	0	0	47	0	0	0	0	0	0	0	0	0	0	0	0	0	0	0	0	0	0	0	0	0	0	0	0	0	0	0	0	0	0	0	0	0	0	0	0	0	891
62118	Mineral premix IAFFD Standard. SW shrimp starter. 0.25%	2	89	11	2	0.3	0.2	75	11.5	2	0.6	11.7	9	0	2.1	3	617	364	364	364	364			419	487	487	487	370	450	450	450	357	1.1	1.5	1.5	1.1			0.8	1.2	1.2	1.2	0.7	1.1	1.1	1.1	0	0	0	0	0	0	0	0	0	0	0	0	0	0	0	0	0	0	0	0	0	0	0	0	0	0	0	0	0	0	0	0	0	0	0	0	0	0	0	0	0	0	0	0	0	0	0	0	0	0	0	0	0.02	0.02	0.02	0.02	0.01	0	50	0	0	0	0	0	0	0	0	0	0	0	0	0	18000	40000	24000	200	18000	2400	0	0	0	0	0	0	0	0	0	0	0	0	0	0	0	0	0	0	0	0	0	51	75	90	59	53	85	80	85	68	79	60	73	85	95	70	85	90	90	90	90	0	30	0	30	45.4	1.5	0.3	364	6.19	7.65	7.2	7.65	0	0	0	0	0	0	0	0	0	0	0	0	0	0	0	0	0	0	0	0	0	0	0	0	0	0	0	0	0	0	0	0	0	0	0	0	0	0	0	0	0	0	0	0	0	0	0	0	0	0	0	0	0	47	0	0	0	0	0	0	0	0	0	0	0	0	0	47	0	0	0	0	0	0	0	0	0	0	0	0	0	0	0	0	0	0	0	0	0	0	0	0	0	0	0	0	0	0	0	0	0	0	0	0	0	891
62119	Mineral premix IAFFD Standard. SW shrimp grower. 0.25%	2	89	11	2	0.3	0.2	75	11.5	2	0.6	11.7	9	0	2.1	3	617	364	364	364	364			419	487	487	487	370	450	450	450	357	1.1	1.5	1.5	1.1			0.8	1.2	1.2	1.2	0.7	1.1	1.1	1.1	0	0	0	0	0	0	0	0	0	0	0	0	0	0	0	0	0	0	0	0	0	0	0	0	0	0	0	0	0	0	0	0	0	0	0	0	0	0	0	0	0	0	0	0	0	0	0	0	0	0	0	0	0.02	0.02	0.02	0.02	0.01	0	50	0	0	0	0	0	0	0	0	0	0	0	0	0	18000	40000	20000	200	20000	1800	0	0	0	0	0	0	0	0	0	0	0	0	0	0	0	0	0	0	0	0	0	51	75	90	59	53	85	80	85	68	79	60	73	85	95	70	85	90	90	90	90	0	30	0	30	45.4	1.5	0.3	364	6.19	7.65	7.2	7.65	0	0	0	0	0	0	0	0	0	0	0	0	0	0	0	0	0	0	0	0	0	0	0	0	0	0	0	0	0	0	0	0	0	0	0	0	0	0	0	0	0	0	0	0	0	0	0	0	0	0	0	0	0	47	0	0	0	0	0	0	0	0	0	0	0	0	0	47	0	0	0	0	0	0	0	0	0	0	0	0	0	0	0	0	0	0	0	0	0	0	0	0	0	0	0	0	0	0	0	0	0	0	0	0	0	891
62120	Mineral premix IAFFD Standard. SW shrimp finisher. 0.25%	2	89	11	2	0.3	0.2	75	11.5	2	0.6	11.7	9	0	2.1	3	617	364	364	364	364			419	487	487	487	370	450	450	450	357	1.1	1.5	1.5	1.1			0.8	1.2	1.2	1.2	0.7	1.1	1.1	1.1	0	0	0	0	0	0	0	0	0	0	0	0	0	0	0	0	0	0	0	0	0	0	0	0	0	0	0	0	0	0	0	0	0	0	0	0	0	0	0	0	0	0	0	0	0	0	0	0	0	0	0	0	0.02	0.02	0.02	0.02	0.01	0	50	0	0	0	0	0	0	0	0	0	0	0	0	0	18000	40000	16000	200	20000	400	0	0	0	0	0	0	0	0	0	0	0	0	0	0	0	0	0	0	0	0	0	51	75	90	59	53	85	80	85	68	79	60	73	85	95	70	85	90	90	90	90	0	30	0	30	45.4	1.5	0.3	364	6.19	7.65	7.2	7.65	0	0	0	0	0	0	0	0	0	0	0	0	0	0	0	0	0	0	0	0	0	0	0	0	0	0	0	0	0	0	0	0	0	0	0	0	0	0	0	0	0	0	0	0	0	0	0	0	0	0	0	0	0	47	0	0	0	0	0	0	0	0	0	0	0	0	0	47	0	0	0	0	0	0	0	0	0	0	0	0	0	0	0	0	0	0	0	0	0	0	0	0	0	0	0	0	0	0	0	0	0	0	0	0	0	891
62121	Mineral premix IAFFD Standard. SW shrimp broodstock. 0.25%	2	89	11	2	0.3	0.2	75	11.5	2	0.6	11.7	9	0	2.1	3	617	364	364	364	364			419	487	487	487	370	450	450	450	357	1.1	1.5	1.5	1.1			0.8	1.2	1.2	1.2	0.7	1.1	1.1	1.1	0	0	0	0	0	0	0	0	0	0	0	0	0	0	0	0	0	0	0	0	0	0	0	0	0	0	0	0	0	0	0	0	0	0	0	0	0	0	0	0	0	0	0	0	0	0	0	0	0	0	0	0	0.02	0.02	0.02	0.02	0.01	0	50	0	0	0	0	0	0	0	0	0	0	0	0	0	18000	40000	24000	200	40000	2400	0	0	0	0	0	0	0	0	0	0	0	0	0	0	0	0	0	0	0	0	0	51	75	90	59	53	85	80	85	68	79	60	73	85	95	70	85	90	90	90	90	0	30	0	30	45.4	1.5	0.3	364	6.19	7.65	7.2	7.65	0	0	0	0	0	0	0	0	0	0	0	0	0	0	0	0	0	0	0	0	0	0	0	0	0	0	0	0	0	0	0	0	0	0	0	0	0	0	0	0	0	0	0	0	0	0	0	0	0	0	0	0	0	47	0	0	0	0	0	0	0	0	0	0	0	0	0	47	0	0	0	0	0	0	0	0	0	0	0	0	0	0	0	0	0	0	0	0	0	0	0	0	0	0	0	0	0	0	0	0	0	0	0	0	0	891
62122	Mineral premix IAFFD Standard. FW fish starter. 0.25%	2	89	11	2	0.3	0.2	75	11.5	2	0.6	11.7	9	0	2.1	3	617	364	364	364	364			419	487	487	487	370	450	450	450	357	1.1	1.5	1.5	1.1			0.8	1.2	1.2	1.2	0.7	1.1	1.1	1.1	0	0	0	0	0	0	0	0	0	0	0	0	0	0	0	0	0	0	0	0	0	0	0	0	0	0	0	0	0	0	0	0	0	0	0	0	0	0	0	0	0	0	0	0	0	0	0	0	0	0	0	0	0.02	0.02	0.02	0.02	0.01	0	50	0	0	0	0	0	0	0	0	0	0	0	0	0	4000	30000	8000	280	12000	2000	20	0	0	0	0	0	0	0	0	0	0	0	0	0	0	0	0	0	0	0	0	51	75	90	59	53	85	80	85	68	79	60	73	85	95	70	85	90	90	90	90	0	30	0	30	45.4	1.5	0.3	364	6.19	7.65	7.2	7.65	0	0	0	0	0	0	0	0	0	0	0	0	0	0	0	0	0	0	0	0	0	0	0	0	0	0	0	0	0	0	0	0	0	0	0	0	0	0	0	0	0	0	0	0	0	0	0	0	0	0	0	0	0	47	0	0	0	0	0	0	0	0	0	0	0	0	0	47	0	0	0	0	0	0	0	0	0	0	0	0	0	0	0	0	0	0	0	0	0	0	0	0	0	0	0	0	0	0	0	0	0	0	0	0	0	891
62123	Mineral premix IAFFD Standard. FW fish grower. 0.25%	2	89	11	2	0.3	0.2	75	11.5	2	0.6	11.7	9	0	2.1	3	617	364	364	364	364			419	487	487	487	370	450	450	450	357	1.1	1.5	1.5	1.1			0.8	1.2	1.2	1.2	0.7	1.1	1.1	1.1	0	0	0	0	0	0	0	0	0	0	0	0	0	0	0	0	0	0	0	0	0	0	0	0	0	0	0	0	0	0	0	0	0	0	0	0	0	0	0	0	0	0	0	0	0	0	0	0	0	0	0	0	0.02	0.02	0.02	0.02	0.01	0	50	0	0	0	0	0	0	0	0	0	0	0	0	0	4000	30000	8000	280	24000	2000	20	0	0	0	0	0	0	0	0	0	0	0	0	0	0	0	0	0	0	0	0	51	75	90	59	53	85	80	85	68	79	60	73	85	95	70	85	90	90	90	90	0	30	0	30	45.4	1.5	0.3	364	6.19	7.65	7.2	7.65	0	0	0	0	0	0	0	0	0	0	0	0	0	0	0	0	0	0	0	0	0	0	0	0	0	0	0	0	0	0	0	0	0	0	0	0	0	0	0	0	0	0	0	0	0	0	0	0	0	0	0	0	0	47	0	0	0	0	0	0	0	0	0	0	0	0	0	47	0	0	0	0	0	0	0	0	0	0	0	0	0	0	0	0	0	0	0	0	0	0	0	0	0	0	0	0	0	0	0	0	0	0	0	0	0	891
62124	Mineral premix IAFFD Standard. FW fish finisher. 0.25%	2	89	11	2	0.3	0.2	75	11.5	2	0.6	11.7	9	0	2.1	3	617	364	364	364	364			419	487	487	487	370	450	450	450	357	1.1	1.5	1.5	1.1			0.8	1.2	1.2	1.2	0.7	1.1	1.1	1.1	0	0	0	0	0	0	0	0	0	0	0	0	0	0	0	0	0	0	0	0	0	0	0	0	0	0	0	0	0	0	0	0	0	0	0	0	0	0	0	0	0	0	0	0	0	0	0	0	0	0	0	0	0.02	0.02	0.02	0.02	0.01	0	50	0	0	0	0	0	0	0	0	0	0	0	0	0	4000	30000	8000	280	20000	1500	20	0	0	0	0	0	0	0	0	0	0	0	0	0	0	0	0	0	0	0	0	51	75	90	59	53	85	80	85	68	79	60	73	85	95	70	85	90	90	90	90	0	30	0	30	45.4	1.5	0.3	364	6.19	7.65	7.2	7.65	0	0	0	0	0	0	0	0	0	0	0	0	0	0	0	0	0	0	0	0	0	0	0	0	0	0	0	0	0	0	0	0	0	0	0	0	0	0	0	0	0	0	0	0	0	0	0	0	0	0	0	0	0	47	0	0	0	0	0	0	0	0	0	0	0	0	0	47	0	0	0	0	0	0	0	0	0	0	0	0	0	0	0	0	0	0	0	0	0	0	0	0	0	0	0	0	0	0	0	0	0	0	0	0	0	891
62125	Mineral premix IAFFD Standard. FW fish broodstock. 0.25%	2	89	11	2	0.3	0.2	75	11.5	2	0.6	11.7	9	0	2.1	3	617	364	364	364	364			419	487	487	487	370	450	450	450	357	1.1	1.5	1.5	1.1			0.8	1.2	1.2	1.2	0.7	1.1	1.1	1.1	0	0	0	0	0	0	0	0	0	0	0	0	0	0	0	0	0	0	0	0	0	0	0	0	0	0	0	0	0	0	0	0	0	0	0	0	0	0	0	0	0	0	0	0	0	0	0	0	0	0	0	0	0.02	0.02	0.02	0.02	0.01	0	50	0	0	0	0	0	0	0	0	0	0	0	0	0	4000	30000	8000	280	40000	2000	20	0	0	0	0	0	0	0	0	0	0	0	0	0	0	0	0	0	0	0	0	51	75	90	59	53	85	80	85	68	79	60	73	85	95	70	85	90	90	90	90	0	30	0	30	45.4	1.5	0.3	364	6.19	7.65	7.2	7.65	0	0	0	0	0	0	0	0	0	0	0	0	0	0	0	0	0	0	0	0	0	0	0	0	0	0	0	0	0	0	0	0	0	0	0	0	0	0	0	0	0	0	0	0	0	0	0	0	0	0	0	0	0	47	0	0	0	0	0	0	0	0	0	0	0	0	0	47	0	0	0	0	0	0	0	0	0	0	0	0	0	0	0	0	0	0	0	0	0	0	0	0	0	0	0	0	0	0	0	0	0	0	0	0	0	891
62126	Mineral premix IAFFD Standard. SW fish starter. 0.25%	2	89	11	2	0.3	0.2	75	11.5	2	0.6	11.7	9	0	2.1	3	617	364	364	364	364			419	487	487	487	370	450	450	450	357	1.1	1.5	1.5	1.1			0.8	1.2	1.2	1.2	0.7	1.1	1.1	1.1	0	0	0	0	0	0	0	0	0	0	0	0	0	0	0	0	0	0	0	0	0	0	0	0	0	0	0	0	0	0	0	0	0	0	0	0	0	0	0	0	0	0	0	0	0	0	0	0	0	0	0	0	0.02	0.02	0.02	0.02	0.01	0	50	0	0	0	0	0	0	0	0	0	0	0	0	0	3000	30000	5600	200	18000	2000	20	0	0	0	0	0	0	0	0	0	0	0	0	0	0	0	0	0	0	0	0	51	75	90	59	53	85	80	85	68	79	60	73	85	95	70	85	90	90	90	90	0	30	0	30	45.4	1.5	0.3	364	6.19	7.65	7.2	7.65	0	0	0	0	0	0	0	0	0	0	0	0	0	0	0	0	0	0	0	0	0	0	0	0	0	0	0	0	0	0	0	0	0	0	0	0	0	0	0	0	0	0	0	0	0	0	0	0	0	0	0	0	0	47	0	0	0	0	0	0	0	0	0	0	0	0	0	47	0	0	0	0	0	0	0	0	0	0	0	0	0	0	0	0	0	0	0	0	0	0	0	0	0	0	0	0	0	0	0	0	0	0	0	0	0	891
62127	Mineral premix IAFFD Standard. SW fish grower. 0.25%	2	89	11	2	0.3	0.2	75	11.5	2	0.6	11.7	9	0	2.1	3	617	364	364	364	364			419	487	487	487	370	450	450	450	357	1.1	1.5	1.5	1.1			0.8	1.2	1.2	1.2	0.7	1.1	1.1	1.1	0	0	0	0	0	0	0	0	0	0	0	0	0	0	0	0	0	0	0	0	0	0	0	0	0	0	0	0	0	0	0	0	0	0	0	0	0	0	0	0	0	0	0	0	0	0	0	0	0	0	0	0	0.02	0.02	0.02	0.02	0.01	0	50	0	0	0	0	0	0	0	0	0	0	0	0	0	3000	30000	5600	200	24000	2000	20	0	0	0	0	0	0	0	0	0	0	0	0	0	0	0	0	0	0	0	0	51	75	90	59	53	85	80	85	68	79	60	73	85	95	70	85	90	90	90	90	0	30	0	30	45.4	1.5	0.3	364	6.19	7.65	7.2	7.65	0	0	0	0	0	0	0	0	0	0	0	0	0	0	0	0	0	0	0	0	0	0	0	0	0	0	0	0	0	0	0	0	0	0	0	0	0	0	0	0	0	0	0	0	0	0	0	0	0	0	0	0	0	47	0	0	0	0	0	0	0	0	0	0	0	0	0	47	0	0	0	0	0	0	0	0	0	0	0	0	0	0	0	0	0	0	0	0	0	0	0	0	0	0	0	0	0	0	0	0	0	0	0	0	0	891
62128	Mineral premix IAFFD Standard. SW fish finisher. 0.25%	2	89	11	2	0.3	0.2	75	11.5	2	0.6	11.7	9	0	2.1	3	617	364	364	364	364			419	487	487	487	370	450	450	450	357	1.1	1.5	1.5	1.1			0.8	1.2	1.2	1.2	0.7	1.1	1.1	1.1	0	0	0	0	0	0	0	0	0	0	0	0	0	0	0	0	0	0	0	0	0	0	0	0	0	0	0	0	0	0	0	0	0	0	0	0	0	0	0	0	0	0	0	0	0	0	0	0	0	0	0	0	0.02	0.02	0.02	0.02	0.01	0	50	0	0	0	0	0	0	0	0	0	0	0	0	0	3000	30000	5600	200	20000	2000	20	0	0	0	0	0	0	0	0	0	0	0	0	0	0	0	0	0	0	0	0	51	75	90	59	53	85	80	85	68	79	60	73	85	95	70	85	90	90	90	90	0	30	0	30	45.4	1.5	0.3	364	6.19	7.65	7.2	7.65	0	0	0	0	0	0	0	0	0	0	0	0	0	0	0	0	0	0	0	0	0	0	0	0	0	0	0	0	0	0	0	0	0	0	0	0	0	0	0	0	0	0	0	0	0	0	0	0	0	0	0	0	0	47	0	0	0	0	0	0	0	0	0	0	0	0	0	47	0	0	0	0	0	0	0	0	0	0	0	0	0	0	0	0	0	0	0	0	0	0	0	0	0	0	0	0	0	0	0	0	0	0	0	0	0	891
62129	Mineral premix IAFFD Standard. SW fish brood. 0.25%	2	89	11	2	0.3	0.2	75	11.5	2	0.6	11.7	9	0	2.1	3	617	364	364	364	364			419	487	487	487	370	450	450	450	357	1.1	1.5	1.5	1.1			0.8	1.2	1.2	1.2	0.7	1.1	1.1	1.1	0	0	0	0	0	0	0	0	0	0	0	0	0	0	0	0	0	0	0	0	0	0	0	0	0	0	0	0	0	0	0	0	0	0	0	0	0	0	0	0	0	0	0	0	0	0	0	0	0	0	0	0	0.02	0.02	0.02	0.02	0.01	0	50	0	0	0	0	0	0	0	0	0	0	0	0	0	3000	30000	5600	200	40000	2000	20	0	0	0	0	0	0	0	0	0	0	0	0	0	0	0	0	0	0	0	0	51	75	90	59	53	85	80	85	68	79	60	73	85	95	70	85	90	90	90	90	0	30	0	30	45.4	1.5	0.3	364	6.19	7.65	7.2	7.65	0	0	0	0	0	0	0	0	0	0	0	0	0	0	0	0	0	0	0	0	0	0	0	0	0	0	0	0	0	0	0	0	0	0	0	0	0	0	0	0	0	0	0	0	0	0	0	0	0	0	0	0	0	47	0	0	0	0	0	0	0	0	0	0	0	0	0	47	0	0	0	0	0	0	0	0	0	0	0	0	0	0	0	0	0	0	0	0	0	0	0	0	0	0	0	0	0	0	0	0	0	0	0	0	0	891
62130	Mono sodium phosphate. NaH2PO4. H2O	0.75	98	2	0	0	0	98	0	0	0	0	0	0	0	0	0	0	0	0	0			0	0	0	0	0	0	0	0	0	0	0	0	0			0	0	0	0	0	0	0	0	0	0	0	0	0	0	0	0	0	0	0	0	0	0	0	0	0	0	0	0	0	0	0	0	0	0	0	0	0	0	0	0	0	0	0	0	0	0	0	0	0	0	0	0	0	0	0	0	0	0	0	0	0.01	22.49	0.01	22.95	0	0	0	0	22.5	0	0	20.02	20.02	18	20.02	16.66	0	0	0	0	0	0	0	0	0	0	0	0	0	0	0	0	0	0	0	0	0	0	0	0	0	0	0	0	0	0	0	50	0	0	0	0	85	80	85	0	0	0	0	85	95	70	85	90	90	90	90	0	30	0	30	49	0	0	0	0	0	0	0	0	0	0	0	0	0	0	0	0	0	0	0	0	0	0	0	0	0	0	0	0	0	0	0	0	0	0	0	0	0	0	0	0	0	0	0	0	0	0	0	0	0	0	0	0	0	0	0	0	0	0	0	0	50	0	0	0	0	0	0	0	0	0	0	0	0	0	50	0	0	0	0	0	0	0	0	0	0	0	0	0	0	0	0	0	0	0	0	0	0	0	0	0	0	0	0	0	0	0	0	0	0	0	0	0	500
62131	Potassium phosphate. KH2PO4	1.2	98	2	0	0	0	98	0	0	0	0	0	0	0	0	0	0	0	0	0			0	0	0	0	0	0	0	0	0	0	0	0	0			0	0	0	0	0	0	0	0	0	0	0	0	0	0	0	0	0	0	0	0	0	0	0	0	0	0	0	0	0	0	0	0	0	0	0	0	0	0	0	0	0	0	0	0	0	0	0	0	0	0	0	0	0	0	0	0	0	0	0	0	0	22.79	0	23.26	0	0	0	0	22.8	0	0	20.29	20.29	18.24	20.29	0	0	28.73	0	0	0	0	0	0	0	0	0	0	0	0	0	0	0	0	0	0	0	0	0	0	0	0	0	0	0	0	0	50	0	0	0	0	85	80	85	0	0	0	0	85	95	70	85	90	90	90	90	0	30	0	30	49	0	0	0	0	0	0	0	0	0	0	0	0	0	0	0	0	0	0	0	0	0	0	0	0	0	0	0	0	0	0	0	0	0	0	0	0	0	0	0	0	0	0	0	0	0	0	0	0	0	0	0	0	0	0	0	0	0	0	0	0	50	0	0	0	0	0	0	0	0	0	0	0	0	0	50	0	0	0	0	0	0	0	0	0	0	0	0	0	0	0	0	0	0	0	0	0	0	0	0	0	0	0	0	0	0	0	0	0	0	0	0	0	500
62132	Mono calcium phosphate. MCP. Ca(H2PO4)2.H2O	0.5	98	2	0	0	0	98	0	0	0	0	0	0	0	0	0	0	0	0	0			0	0	0	0	0	0	0	0	0	0	0	0	0			0	0	0	0	0	0	0	0	0	0	0	0	0	0	0	0	0	0	0	0	0	0	0	0	0	0	0	0	0	0	0	0	0	0	0	0	0	0	0	0	0	0	0	0	0	0	0	0	0	0	0	0	0	0	0	0	0	0	0	0	17.08	26.5	17.43	27.04	0	0	0	0	26.5	0	0	23.59	23.59	21.2	23.59	0.17	0.04	0.08	0	0	0	0	0	0	0	0	0	0	0	0	0	0	0	0	0	0	0	0	0	0	0	0	0	0	0	0	0	50	0	0	0	0	85	80	85	0	0	0	0	85	95	70	85	90	90	90	90	0	30	0	30	49	0	0	0	0	0	0	0	0	0	0	0	0	0	0	0	0	0	0	0	0	0	0	0	0	0	0	0	0	0	0	0	0	0	0	0	0	0	0	0	0	0	0	0	0	0	0	0	0	0	0	0	0	0	0	0	0	0	0	0	0	50	0	0	0	0	0	0	0	0	0	0	0	0	0	50	0	0	0	0	0	0	0	0	0	0	0	0	0	0	0	0	0	0	0	0	0	0	0	0	0	0	0	0	0	0	0	0	0	0	0	0	0	500
62133	Mono sodium phosphate anhydrous. Na2HPO4	0.75	99	1	0	0	0	99	0	0	0	0	0	0	0	0	0	0	0	0	0			0	0	0	0	0	0	0	0	0	0	0	0	0			0	0	0	0	0	0	0	0	0	0	0	0	0	0	0	0	0	0	0	0	0	0	0	0	0	0	0	0	0	0	0	0	0	0	0	0	0	0	0	0	0	0	0	0	0	0	0	0	0	0	0	0	0	0	0	0	0	0	0	0	0	21.8	0	22.02	0	0	0	0	21.8	0	0	19.4	19.4	17.44	19.4	16.2	0	0	0	0	0	0	0	0	0	0	0	0	0	0	0	0	0	0	0	0	0	0	0	0	0	0	0	0	0	0	0	50	0	0	0	0	85	80	85	0	0	0	0	85	95	70	85	90	90	90	90	0	30	0	30	49.5	0	0	0	0	0	0	0	0	0	0	0	0	0	0	0	0	0	0	0	0	0	0	0	0	0	0	0	0	0	0	0	0	0	0	0	0	0	0	0	0	0	0	0	0	0	0	0	0	0	0	0	0	0	0	0	0	0	0	0	0	50	0	0	0	0	0	0	0	0	0	0	0	0	0	50	0	0	0	0	0	0	0	0	0	0	0	0	0	0	0	0	0	0	0	0	0	0	0	0	0	0	0	0	0	0	0	0	0	0	0	0	0	500
62134	Dicalcium phosphate anydrous. DCP. CaHPO4.H2O	0.5	99	1	0	0	0	99	0	0	0	0	0	0	0	0	0	0	0	0	0			0	0	0	0	0	0	0	0	0	0	0	0	0			0	0	0	0	0	0	0	0	0	0	0	0	0	0	0	0	0	0	0	0	0	0	0	0	0	0	0	0	0	0	0	0	0	0	0	0	0	0	0	0	0	0	0	0	0	0	0	0	0	0	0	0	0	0	0	0	0	0	0	0	29.39	22.8	29.69	23.03	0	0	0	0	0	22.8	0	14.59	14.82	12.54	14.59	0	0	0	0	0	0	0	0	0	0	0	0	0	0	0	0	0	0	0	0	0	0	0	0	0	0	0	0	0	0	0	0	50	0	0	0	0	85	80	85	0	0	0	0	85	95	70	85	90	90	90	90	0	30	0	30	49.5	0	0	0	0	0	0	0	0	0	0	0	0	0	0	0	0	0	0	0	0	0	0	0	0	0	0	0	0	0	0	0	0	0	0	0	0	0	0	0	0	0	0	0	0	0	0	0	0	0	0	0	0	0	0	0	0	0	0	0	0	50	0	0	0	0	0	0	0	0	0	0	0	0	0	50	0	0	0	0	0	0	0	0	0	0	0	0	0	0	0	0	0	0	0	0	0	0	0	0	0	0	0	0	0	0	0	0	0	0	0	0	0	500
62135	Salt. NaCl	0.2	95	5	0	0	0	95	0	0	0	0	0	0	0	0	0	0	0	0	0			0	0	0	0	0	0	0	0	0	0	0	0	0			0	0	0	0	0	0	0	0	0	0	0	0	0	0	0	0	0	0	0	0	0	0	0	0	0	0	0	0	0	0	0	0	0	0	0	0	0	0	0	0	0	0	0	0	0	0	0	0	0	0	0	0	0	0	0	0	0	0	0	0	0	0	0	0	0	0	0	0	0	0	0	0	0	0	0	39.34	60.65	0	0	0	0	0	0	0	0	0	0	0	0	0	0	0	0	0	0	0	0	0	0	0	0	0	0	0	0	0	0	50	0	0	0	0	85	80	85	0	0	0	0	85	95	70	85	90	90	90	90	0	30	0	30	47.5	0	0	0	0	0	0	0	0	0	0	0	0	0	0	0	0	0	0	0	0	0	0	0	0	0	0	0	0	0	0	0	0	0	0	0	0	0	0	0	0	0	0	0	0	0	0	0	0	0	0	0	0	0	0	0	0	0	0	0	0	50	0	0	0	0	0	0	0	0	0	0	0	0	0	50	0	0	0	0	0	0	0	0	0	0	0	0	0	0	0	0	0	0	0	0	0	0	0	0	0	0	0	0	0	0	0	0	0	0	0	0	0	500
62136	Calcium carbonate. CaCO3	0.35	98	2	0	0	0	98	0	0	0	0	0	0	0	0	0	0	0	0	0			0	0	0	0	0	0	0	0	0	0	0	0	0			0	0	0	0	0	0	0	0	0	0	0	0	0	0	0	0	0	0	0	0	0	0	0	0	0	0	0	0	0	0	0	0	0	0	0	0	0	0	0	0	0	0	0	0	0	0	0	0	0	0	0	0	0	0	0	0	0	0	0	0	37.99	0	38.77	0	0	0	0	0	0	0	0	0	0	0	0	0	0	0	0	0	0	0	0	0	0	0	0	0	0	0	0	0	0	0	0	0	0	0	0	0	0	0	0	0	0	0	0	50	0	0	0	0	85	80	85	0	0	0	0	85	95	70	85	90	90	90	90	0	30	0	30	49	0	0	0	0	0	0	0	0	0	0	0	0	0	0	0	0	0	0	0	0	0	0	0	0	0	0	0	0	0	0	0	0	0	0	0	0	0	0	0	0	0	0	0	0	0	0	0	0	0	0	0	0	0	0	0	0	0	0	0	0	90	0	0	0	0	0	0	0	0	0	0	0	0	0	90	0	0	0	0	0	0	0	0	0	0	0	0	0	0	0	0	0	0	0	0	0	0	0	0	0	0	0	0	0	0	0	0	0	0	0	0	0	500
62137	Bovine bile salt	25	95	5	10	10	0	50	25	0	0	25	0	20	5	11	2512	678	678	678	678			728	804	804	804	728	804	804	804	678	0.9	1.8	1.8	1.5			1.1	2	2	2	1.1	2	2	2	0	0	0	0	0	0	0	0	0	0	0	0	0	0	0	0	0	0	0	0	0	0	0	0	0	0	0	0	0	0	0	0	0	0	0	0	0	0	0	0	0	0	0	0	0	0	0	0	0	0	0	0	5	5	10	10	0	0	0	0	0	0	0	0	0	0	0	0.41	0	0	0	0	0	0	0	0	0	0	0	0	0	0	0	0	0	0	0	0	0	0	0	0	0	0	0	0	0	0	0	44	0	0	27	68	85	80	85	29	32	29	32	85	95	70	85	90	90	90	90	0	30	0	30	41.8	0	0	678	17	0	0	0	0	0	0	0	0	0	0	0	0	0	0	0	0	0	0	0	0	0	0	0	0	5.9	0.9	0.1	0	0	0	0	0	0	0	0	0	0	59	9	1	0	0	0	0	0	0	0	0	0	0	0	0	0	0	0	0	61	0	0	0	0	0	0	0	0	0	0	0	0	0	61	0	0	0	0	0	0	0	0	0	0	0	0	0	0	0	0	0	0	0	0	0	0	0	0	0	0	0	0	0	0	0	0	0	0	0	0	0	500
62138	Limestone (Calcium Carbonate)	0.35	95	5	0	0	0	95	0	0	0	0	0	0	0	0	0	0	0	0	0			0	0	0	0	0	0	0	0	0	0	0	0	0			0	0	0	0	0	0	0	0	0	0	0	0	0	0	0	0	0	0	0	0	0	0	0	0	0	0	0	0	0	0	0	0	0	0	0	0	0	0	0	0	0	0	0	0	0	0	0	0	0	0	0	0	0	0	0	0	0	0	0	0	36.99	0.21	38.94	0.22	0	0	0	0	0	0	0.21	0.13	0.14	0.01	0.06	0.04	0.06	0.04	1.06	0.04	0	3500	1860	0	20	0	0	0	0	0	0	0	0	0	0	0	0	0	0	0	0	0	0	0	0	0	0	50	0	0	0	50	85	80	85	0	0	0	0	85	95	70	85	90	90	90	90	0	30	0	30	47.5	0	0	0	0	0	0	0	0	0	0	0	0	0	0	0	0	0	0	0	0	0	0	0	0	0	0	0	0	0	0	0	0	0	0	0	0	0	0	0	0	0	0	0	0	0	0	0	0	0	0	0	0	0	0	0	0	0	0	0	0	90	0	0	0	0	0	0	0	0	0	0	0	0	0	90	0	0	0	0	0	0	0	0	0	0	0	0	0	0	0	0	0	0	0	0	0	0	0	0	0	0	0	0	0	0	0	0	0	0	0	0	0	500
62139	Calcium iodate. anhydrous. 64% I	19	99.9	0.1	0	0	0	99.9	0	0	0	0	0	0	0	0	0	0	0	0	0			0	0	0	0	0	0	0	0	0	0	0	0	0			0	0	0	0	0	0	0	0	0	0	0	0	0	0	0	0	0	0	0	0	0	0	0	0	0	0	0	0	0	0	0	0	0	0	0	0	0	0	0	0	0	0	0	0	0	0	0	0	0	0	0	0	0	0	0	0	0	0	0	0	10.3	0	10.31	0	0	0	0	0	0	0	0	0	0	0	0	0	0	0	0	0	0	0	0	0	0	649350	0	0	0	0	0	0	0	0	0	0	0	0	0	0	0	0	0	0	0	0	0	50	0	0	0	0	85	80	85	0	0	0	0	85	95	70	85	90	90	90	90	0	30	0	30	50	0	0	0	0	0	0	0	0	0	0	0	0	0	0	0	0	0	0	0	0	0	0	0	0	0	0	0	0	0	0	0	0	0	0	0	0	0	0	0	0	0	0	0	0	0	0	0	0	0	0	0	0	0	0	0	0	0	0	0	0	50	0	0	0	0	0	0	0	0	0	0	0	0	0	90	0	0	0	0	0	0	0	0	0	0	0	0	0	0	0	0	0	0	0	0	0	0	0	0	0	0	0	0	0	0	0	0	0	0	0	0	0	500
62140	Potassium iodide. 68% I	30	99	1	0	0	0	99	0	0	0	0	0	0	0	0	0	0	0	0	0			0	0	0	0	0	0	0	0	0	0	0	0	0			0	0	0	0	0	0	0	0	0	0	0	0	0	0	0	0	0	0	0	0	0	0	0	0	0	0	0	0	0	0	0	0	0	0	0	0	0	0	0	0	0	0	0	0	0	0	0	0	0	0	0	0	0	0	0	0	0	0	0	0	0	0	0	0	0	0	0	0	0	0	0	0	0	0	0	0	0	23.5	0	0	0	0	0	0	0	691000	0	0	0	0	0	0	0	0	0	0	0	0	0	0	0	0	0	0	0	0	0	50	0	0	0	0	85	80	85	0	0	0	0	85	95	70	85	90	90	90	90	0	30	0	30	49.5	0	0	0	0	0	0	0	0	0	0	0	0	0	0	0	0	0	0	0	0	0	0	0	0	0	0	0	0	0	0	0	0	0	0	0	0	0	0	0	0	0	0	0	0	0	0	0	0	0	0	0	0	0	0	0	0	0	0	0	0	50	0	0	0	0	0	0	0	0	0	0	0	0	0	50	0	0	0	0	0	0	0	0	0	0	0	0	0	0	0	0	0	0	0	0	0	0	0	0	0	0	0	0	0	0	0	0	0	0	0	0	0	500
62141	Magnesium phosphate trihydr. Magnumphos. Aliphos	3.8	98	2	0	0	0	98	0	0	0	0	0	0	0	0	0	0	0	0	0			0	0	0	0	0	0	0	0	0	0	0	0	0			0	0	0	0	0	0	0	0	0	0	0	0	0	0	0	0	0	0	0	0	0	0	0	0	0	0	0	0	0	0	0	0	0	0	0	0	0	0	0	0	0	0	0	0	0	0	0	0	0	0	0	0	0	0	0	0	0	0	0	0	0	13.99	0	14.28	0	0	0	0	13.99	0	0	12.45	12.45	11.19	12.45	0	0	0	26	0	0	0	0	0	0	0	0	0	0	0	0	0	0	0	0	0	0	0	0	0	0	0	0	0	0	0	0	50	0	0	0	0	85	85	85	0	0	0	0	85	95	70	85	90	90	90	90	0	30	0	30	49	0	0	0	0	0	0	0	0	0	0	0	0	0	0	0	0	0	0	0	0	0	0	0	0	0	0	0	0	0	0	0	0	0	0	0	0	0	0	0	0	0	0	0	0	0	0	0	0	0	0	0	0	0	0	0	0	0	0	0	0	0	0	0	0	0	0	0	0	0	0	0	0	0	0	0	0	0	0	0	0	0	0	0	0	0	0	0	0	0	0	0	0	0	0	0	0	0	0	0	0	0	0	0	0	0	0	0	0	0	0	0	0	800
62142	Dicalcium phosphate. DCP dihydrate. DICAL+. Aliphos	0.5	98	2	0	0	0	98	0	0	0	0	0	0	0	0	0	0	0	0	0			0	0	0	0	0	0	0	0	0	0	0	0	0			0	0	0	0	0	0	0	0	0	0	0	0	0	0	0	0	0	0	0	0	0	0	0	0	0	0	0	0	0	0	0	0	0	0	0	0	0	0	0	0	0	0	0	0	0	0	0	0	0	0	0	0	0	0	0	0	0	0	0	0	25	17.99	25.51	18.36	0	0	0	0	0	18	0	11.52	11.7	9.9	11.52	0	0	0	0	0	0	0	0	0	0	0	0	0	0	0	0	0	0	0	0	0	0	0	0	0	0	0	0	0	0	0	0	50	0	0	0	0	85	85	85	0	0	0	0	85	95	70	85	90	90	90	90	0	30	0	30	49	0	0	0	0	0	0	0	0	0	0	0	0	0	0	0	0	0	0	0	0	0	0	0	0	0	0	0	0	0	0	0	0	0	0	0	0	0	0	0	0	0	0	0	0	0	0	0	0	0	0	0	0	0	0	0	0	0	0	0	0	0	0	0	0	0	0	0	0	0	0	0	0	0	0	0	0	0	0	0	0	0	0	0	0	0	0	0	0	0	0	0	0	0	0	0	0	0	0	0	0	0	0	0	0	0	0	0	0	0	0	0	0	800
62143	Mono ammonium phosphate. MAP - Aquaphos. Aliphos	0.9	98	2	0	0	0	98	0	0	0	0	0	0	0	0	0	0	0	0	0			0	0	0	0	0	0	0	0	0	0	0	0	0			0	0	0	0	0	0	0	0	0	0	0	0	0	0	0	0	0	0	0	0	0	0	0	0	0	0	0	0	0	0	0	0	0	0	0	0	0	0	0	0	0	0	0	0	0	0	0	0	0	0	0	0	0	0	0	0	0	0	0	0	0	26	0	26.53	0	0	0	0	26	0	0	23.14	23.14	20.8	23.14	0	0	0	0	0	0	0	0	0	0	0	0	0	0	0	0	0	0	0	0	0	0	0	0	0	0	0	0	0	0	0	0	50	0	0	0	0	85	85	85	0	0	0	0	85	95	70	85	90	90	90	90	0	30	0	30	49	0	0	0	0	0	0	0	0	0	0	0	0	0	0	0	0	0	0	0	0	0	0	0	0	0	0	0	0	0	0	0	0	0	0	0	0	0	0	0	0	0	0	0	0	0	0	0	0	0	0	0	0	0	0	0	0	0	0	0	0	0	0	0	0	0	0	0	0	0	0	0	0	0	0	0	0	0	0	0	0	0	0	0	0	0	0	0	0	0	0	0	0	0	0	0	0	0	0	0	0	0	0	0	0	0	0	0	0	0	0	0	0	800
62144	Zinc chelate of amino acid. Availa®Zn100 EU. Zinpro	4.5	98	2	32	0.5	10	33	22.5	0	0	32.5	0	0	32.5	13	3172	1491	1491	1491	1491			1491	1871	1871	1871	1491	1871	1871	1871	1373	5.7	5.7	5.7	5.7			3.7	4.2	4.2	4.2	3.7	4.2	4.2	4.2	1.5	0.5	0.8	1.7	1.4	0.3	0.9	0.8	0	0.9	0.1	0.4	0.5	1.4	4.2	2.4	0.9	1.1	0.9	8.8	10.1	0	4.69	1.56	2.5	5.31	4.38	0.94	2.81	2.5	0	2.81	0.31	1.56	13.13	7.5	2.81	3.44	2.81	1.35	0.45	0.72	1.53	1.26	0.27	0.81	0.72	0	0.81	0.09	0.36	0.45	0	0	0	0	0	0	0	0	0	0	0	0	0	0	0	0	0	0	0	0	0	0	0	0	100000	0	0	0	0	0	0	0	0	0	0	0	0	0	0	0	0	0	0	0	0	0	0	43	80	85	47	0	85	85	85	47	59	47	59	85	95	70	85	90	90	90	90	0	30	0	30	42.1	25.6	0.4	1491	0	0	0	0	90	90	90	90	90	90	90	90	90	90	90	90	0	0	0	0	0	0	0	0	0	0	0	0	0	0	0	0	0	0	0	0	0	0	0	0	0	0	0	0	0	0	0	0	0	0	0	0	0	0	0	0	0	0	0	0	0	0	0	0	0	0	0	0	0	0	0	0	0	0	0	0	0	0	0	0	0	0	0	0	0	0	0	0	0	0	0	0	0	0	0	0	0	0	0	0	0	0	0	0	0	0	0	0	0	800
62145	Zinc Amino acid complex. Availa®Zn120. Zinpro	4.5	98	2	28	0.5	10	25	34.5	0	0	44.5	0	0	44.5	14	3435	1305	1305	1305	1305			1305	1855	1855	1855	1305	1855	1855	1855	1202	5	5	5	5			3.3	4.2	4.2	4.2	3.3	4.2	4.2	4.2	1.4	0.2	1.2	2.3	0.6	0.2	1.3	1.1	0	1.7	0.6	0.8	0.8	2.1	3.4	1.7	1.9	2.6	1.6	10	12.6	0	5	0.71	4.29	8.21	2.14	0.71	4.64	3.93	0	6.07	2.14	2.86	12.14	6.07	6.79	9.29	5.71	1.26	0.18	1.08	2.07	0.54	0.18	1.17	0.99	0	1.53	0.54	0.72	0.72	0	0	0	0	0	0	0	0	0	0	0	0	0	0	0	0	11.9	0	0	0	0	0	0	0	120000	0	0	0	0	0	0	0	0	0	0	0	0	0	0	0	0	0	0	0	0	0	0	36	80	85	38	0	85	85	85	38	54	38	54	85	95	70	85	90	90	90	90	0	30	0	30	35.3	22.4	0.4	1305	0	0	0	0	90	90	90	90	90	90	90	90	90	90	90	90	0	0	0	0	0	0	0	0	0	0	0	0	0	0	0	0	0	0	0	0	0	0	0	0	0	0	0	0	0	0	0	0	0	0	0	0	0	0	0	0	0	0	0	0	0	0	0	0	0	0	0	0	0	0	0	0	0	0	0	0	0	0	0	0	0	0	0	0	0	0	0	0	0	0	0	0	0	0	0	0	0	0	0	0	0	0	0	0	0	0	0	0	0	800
62146	Manganese chelate of amino acids. Availa®Mn80EU. Zinpro	20	98	2	23	0.5	12	26	36.5	0	0	48.5	0	0	48.5	14	3315	1094	1094	1094	1094			1094	1658	1658	1658	1094	1658	1658	1658	1010	4.2	4.2	4.2	4.2			2.7	3.8	3.8	3.8	2.7	3.8	3.8	3.8	1.1	0.2	0.9	1.8	0.5	0.2	1	0.9	0	1.3	0.2	0.4	0.6	1.6	2.7	1.3	1.5	2.1	1.3	7.9	9.7	0	4.78	0.87	3.91	7.83	2.17	0.87	4.35	3.91	0	5.65	0.87	2.61	11.74	5.65	6.52	9.13	5.65	0.99	0.18	0.81	1.62	0.45	0.18	0.9	0.81	0	1.17	0.18	0.36	0.54	0	0	0	0	0	0	0	0	0	0	0	0	0	0	0	0	0	0	0	0	0	0	80000	0	0	0	0	0	0	0	0	0	0	0	0	0	0	0	0	0	0	0	0	0	0	0	0	32	80	85	33	0	85	85	85	33	50	33	50	85	95	70	85	90	90	90	90	0	30	0	30	31.4	18.4	0.4	1094	0	0	0	0	90	90	90	90	90	90	90	90	90	90	90	90	0	0	0	0	0	0	0	0	0	0	0	0	0	0	0	0	0	0	0	0	0	0	0	0	0	0	0	0	0	0	0	0	0	0	0	0	0	0	0	0	0	0	0	0	0	0	0	0	0	0	0	0	0	0	0	0	0	0	0	0	0	0	0	0	0	0	0	0	0	0	0	0	0	0	0	0	0	0	0	0	0	0	0	0	0	0	0	0	0	0	0	0	0	800
62147	Manganese amino acids complex. Availa®Mn80. Zinpro	20	98	2	22	0.5	14	25	36.5	0	0	50.5	0	0	50.5	14	3339	1035	1035	1035	1035			1035	1636	1636	1636	1035	1636	1636	1636	954	4	4	4	4			2.6	3.8	3.8	3.8	2.6	3.8	3.8	3.8	1.2	0.2	1	1.9	0.5	0.2	1.1	0.9	0	1.4	0.2	0.4	0.7	1.8	2.9	1.4	1.6	2.2	1.3	8.4	10.3	0	5.46	0.91	4.55	8.64	2.27	0.91	5	4.09	0	6.36	0.91	3.18	13.18	6.36	7.27	10	5.91	1.08	0.18	0.9	1.71	0.45	0.18	0.99	0.81	0	1.26	0.18	0.36	0.63	0	0	0	0	0	0	0	0	0	0	0	0	0	0	0	0	0	0	0	0	0	0	80000	0	0	0	0	0	0	0	0	0	0	0	0	0	0	0	0	0	0	0	0	0	0	0	0	31	80	85	31	0	85	85	85	31	49	31	49	85	95	70	85	90	90	90	90	0	30	0	30	30.4	17.6	0.4	1035	0	0	0	0	90	90	90	90	90	90	90	90	90	90	90	90	0	0	0	0	0	0	0	0	0	0	0	0	0	0	0	0	0	0	0	0	0	0	0	0	0	0	0	0	0	0	0	0	0	0	0	0	0	0	0	0	0	0	0	0	0	0	0	0	0	0	0	0	0	0	0	0	0	0	0	0	0	0	0	0	0	0	0	0	0	0	0	0	0	0	0	0	0	0	0	0	0	0	0	0	0	0	0	0	0	0	0	0	0	800
62148	Copper(II) chelate of amino acids. Availa®Cu100EU. Zinpro	30	98	2	24	0.5	10	38	25.5	0	0	35.5	0	0	35.5	12	2842	1137	1137	1137	1137			1137	1563	1563	1563	1137	1563	1563	1563	1049	4.3	4.3	4.3	4.3			2.8	3.5	3.5	3.5	2.8	3.5	3.5	3.5	1.2	0.2	1	2	0.5	0.2	1.1	0.9	0	1.5	0.1	0.3	0.7	1.8	2.9	1.5	1.6	2.2	1.4	8.6	10.4	0	5	0.83	4.17	8.33	2.08	0.83	4.58	3.75	0	6.25	0.42	2.92	12.08	6.25	6.67	9.17	5.82	1.08	0.18	0.9	1.8	0.45	0.18	0.99	0.81	0	1.35	0.09	0.27	0.63	0	0	0	0	0	0	0	0	0	0	0	0	0	0	0	0	0	0	0	0	100000	0	0	0	0	0	0	0	0	0	0	0	0	0	0	0	0	0	0	0	0	0	0	0	0	0	0	39	80	85	40	0	85	85	85	40	55	40	55	85	95	70	85	90	90	90	90	0	30	0	30	38.2	19.2	0.4	1137	0	0	0	0	90	90	90	90	90	90	90	90	90	90	90	90	0	0	0	0	0	0	0	0	0	0	0	0	0	0	0	0	0	0	0	0	0	0	0	0	0	0	0	0	0	0	0	0	0	0	0	0	0	0	0	0	0	0	0	0	0	0	0	0	0	0	0	0	0	0	0	0	0	0	0	0	0	0	0	0	0	0	0	0	0	0	0	0	0	0	0	0	0	0	0	0	0	0	0	0	0	0	0	0	0	0	0	0	0	800
62149	Copper amino acid complex. Availa®Cu100. Zinpro	30	98	2	22	0.5	15	26	34.5	0	0	49.5	0	0	49.5	14	3298	1022	1022	1022	1022			1022	1649	1649	1649	1022	1649	1649	1649	942	4	4	4	4			2.6	3.7	3.7	3.7	2.6	3.7	3.7	3.7	1.3	0.2	1.1	2	0.5	0.2	1.2	1	0	1.5	0.1	0.3	0.7	1.9	0.1	1.5	1.7	2.3	1.4	9	7.8	0	5.91	0.91	5	9.09	2.27	0.91	5.46	4.55	0	6.82	0.46	3.18	0.46	6.82	7.73	10.46	6.36	1.17	0.18	0.99	1.8	0.45	0.18	1.08	0.9	0	1.35	0.09	0.27	0.63	0	0	0	0	0	0	0	0	0	0	0	0	0	0	0	0	0	0	0	0	100000	0	0	0	0	0	0	0	0	0	0	0	0	0	0	0	0	0	0	0	0	0	0	0	0	0	0	32	80	85	31	0	85	85	85	31	50	31	50	85	95	70	85	90	90	90	90	0	30	0	30	31.4	17.6	0.4	1022	0	0	0	0	90	90	90	90	90	90	90	90	90	90	90	90	0	0	0	0	0	0	0	0	0	0	0	0	0	0	0	0	0	0	0	0	0	0	0	0	0	0	0	0	0	0	0	0	0	0	0	0	0	0	0	0	0	0	0	0	0	0	0	0	0	0	0	0	0	0	0	0	0	0	0	0	0	0	0	0	0	0	0	0	0	0	0	0	0	0	0	0	0	0	0	0	0	0	0	0	0	0	0	0	0	0	0	0	0	800
62150	Iron(II) chelate of amino acids. Availa®Fe90EU. Zinpro	11	98	2	21	0.5	15	45	16.5	0	0	31.5	0	0	31.5	11	2512	980	980	980	980			980	1382	1382	1382	980	1382	1382	1382	903	3.8	3.8	3.8	3.8			2.5	3.1	3.1	3.1	2.5	3.1	3.1	3.1	0.3	0.2	0.5	1.6	1.9	1.1	0.6	0.9	0	0.5	0.1	1.2	0.4	1	5.4	0.7	2.3	0.4	1.1	7.6	10.4	0	1.43	0.95	2.38	7.62	9.05	5.24	2.86	4.29	0	2.38	0.48	1.91	25.71	3.33	10.95	1.91	5.24	0.27	0.18	0.45	1.44	1.71	0.99	0.54	0.81	0	0.45	0.09	1.08	0.36	0	0	0	0	0	0	0	0	0	0	0	0	0	0	0	0	0	0	0	0	0	90000	0	0	0	0	0	0	0	0	0	0	0	0	0	0	0	0	0	0	0	0	0	0	0	0	0	41	80	85	39	0	85	85	85	39	55	39	55	85	95	70	85	90	90	90	90	0	30	0	30	40.2	16.8	0.4	980	0	0	0	0	90	90	90	90	90	90	90	90	90	90	90	90	0	0	0	0	0	0	0	0	0	0	0	0	0	0	0	0	0	0	0	0	0	0	0	0	0	0	0	0	0	0	0	0	0	0	0	0	0	0	0	0	0	0	0	0	0	0	0	0	0	0	0	0	0	0	0	0	0	0	0	0	0	0	0	0	0	0	0	0	0	0	0	0	0	0	0	0	0	0	0	0	0	0	0	0	0	0	0	0	0	0	0	0	0	800
62151	Iron Amino acid complex. Availa®Fe100. Zinpro	11	98	2	19	0.5	13	24	41.5	0	0	54.5	0	0	54.5	14	3332	833	833	833	833			833	1499	1499	1499	833	1499	1499	1499	768	3.3	3.3	3.3	3.3			2.1	3.5	3.5	3.5	2.1	3.5	3.5	3.5	0.29	0.2	0.4	1.6	2	0.1	0.6	0.3	0	0.5	0.04	0.14	0.3	0.9	7.3	0.62	1.2	0.3	7.3	5.99	17.06	0	1.53	1.05	2.11	8.42	10.53	0.53	3.16	1.58	0	2.63	0.21	1.58	38.42	3.26	6.32	1.58	38.42	0.26	0.18	0.36	1.44	1.8	0.09	0.54	0.27	0	0.45	0.04	0.13	0.27	0	0	0	0	0	0	0	0	0	0	0	0	0	0	0	0	0	0	0	0	0	100000	0	0	0	0	0	0	0	0	0	0	0	0	0	0	0	0	0	0	0	0	0	0	0	0	0	27	75	85	25	0	85	85	85	25	45	25	45	85	95	70	85	90	90	90	90	0	30	0	30	26.5	14.3	0.4	833	0	0	0	0	90	90	90	90	90	90	90	90	90	90	90	90	0	0	0	0	0	0	0	0	0	0	0	0	0	0	0	0	0	0	0	0	0	0	0	0	0	0	0	0	0	0	0	0	0	0	0	0	0	0	0	0	0	0	0	0	0	0	0	0	0	0	0	0	0	0	0	0	0	0	0	0	0	0	0	0	0	0	0	0	0	0	0	0	0	0	0	0	0	0	0	0	0	0	0	0	0	0	0	0	0	0	0	0	0	800
62152	Zinc-L-Selenomethionine. Availa®Se2000. Zinpro	4.5	99	1	1	0	0	94	4	0	0	4	0	0	0	1	220	42	42	42	42			42	42	42	42	42	42	42	42	38	0.2	0.2	0.2	0.2			0.1	0.1	0.1	0.1	0.1	0.1	0.1	0.1	0	0	0	0	0	0	0	0	0	0	0	0	0	0	0	0	0	0	0	0	0	0	0	0	0	0	0	0	0	0	0	0	0	0	0	0	0	0	0	0	0	0	0	0	0	0	0	0	0	0	0	0	0	0	0	0	0	0	0	0	0	0	0	0	0	0	0	0	0	0	0	0	0	0	0	2000	1650	0	0	0	0	0	0	0	0	0	0	0	0	0	0	0	0	0	0	0	0	0	0	48	75	85	19	0	85	85	85	19	19	19	19	85	95	70	85	90	90	90	90	0	30	0	30	47.5	0.8	0	42	0	0	0	0	85	85	85	85	85	85	85	85	85	85	85	85	0	0	0	0	0	0	0	0	0	0	0	0	0	0	0	0	0	0	0	0	0	0	0	0	0	0	0	0	0	0	0	0	0	0	0	0	0	0	0	0	0	0	0	0	0	0	0	0	0	0	0	0	0	0	0	0	0	0	0	0	0	0	0	0	0	0	0	0	0	0	0	0	0	0	0	0	0	0	0	0	0	0	0	0	0	0	0	0	0	0	0	0	0	800
62153	Zinc-L-Selenomethionine. Availa®Se1000. Zinpro	4.5	99	1	1	0	0	95	3	0	0	3	0	0	0	1	179	43	43	43	43			43	43	43	43	43	43	43	43	40	0.2	0.2	0.2	0.2			0.1	0.1	0.1	0.1	0.1	0.1	0.1	0.1	0	0	0	0	0	0	0	0	0	0	0	0	0	0	0	0	0	0	0	0	0	0	0	0	0	0	0	0	0	0	0	0	0	0	0	0	0	0	0	0	0	0	0	0	0	0	0	0	0	0	0	0	0	0	0	0	0	0	0	0	0	0	0	0	0	0	0	0	0	0	0	0	0	0	0	1000	825	0	0	0	0	0	0	0	0	0	0	0	0	0	0	0	0	0	0	0	0	0	0	49	75	85	24	0	85	85	85	24	24	24	24	85	95	70	85	90	90	90	90	0	30	0	30	48.5	0.8	0	43	0	0	0	0	85	85	85	85	85	85	85	85	85	85	85	85	0	0	0	0	0	0	0	0	0	0	0	0	0	0	0	0	0	0	0	0	0	0	0	0	0	0	0	0	0	0	0	0	0	0	0	0	0	0	0	0	0	0	0	0	0	0	0	0	0	0	0	0	0	0	0	0	0	0	0	0	0	0	0	0	0	0	0	0	0	0	0	0	0	0	0	0	0	0	0	0	0	0	0	0	0	0	0	0	0	0	0	0	0	800
62154	Chromium Methionine complex. Availa®Cr1000/MICROPLEX® Zinpro	3.5	99	1	0.5	0	0	95	3.5	0	0	3.5	0	0	0	1	170	20	20	20	20			20	20	20	20	20	20	20	20	19	0.1	0.1	0.1	0.1			0.1	0.1	0.1	0.1	0.1	0.1	0.1	0.1	0	0	0	0	0	1.4	0	0	0	0	0	1.4	0	0	0	0	0	0	0	1.4	0	0	0	0	0	0	0	250	0	0	0	0	0	0	0	0	0	0	0	0	0	0	0	0	1.19	0	0	0	0	0	1.19	0	0	0	0	0	0	0	0	0	0	0	0	0	0	0	0	0	0	0	0	0	0	0	0	0	0	0	0	0	0	0	0	0	0	0	0	0	0	0	0	0	0	0	0	0	0	0	0	48	75	85	12	0	85	85	85	12	12	12	12	85	95	70	85	90	90	90	90	0	30	0	30	47.5	0.4	0	20	0	0	0	0	85	85	85	85	85	85	85	85	85	85	85	85	0	0	0	0	0	0	0	0	0	0	0	0	0	0	0	0	0	0	0	0	0	0	0	0	0	0	0	0	0	0	0	0	0	0	0	0	0	0	0	0	0	0	0	0	0	0	0	0	0	0	0	0	0	0	0	0	0	0	0	0	0	0	0	0	0	0	0	0	0	0	0	0	0	0	0	0	0	0	0	0	0	0	0	0	0	0	0	0	0	0	0	0	0	800
62155	Selenium Yeast. Selemax. Biorigin 1000	30	92	8	45	7	3	8	29	50	10	32	0	0	22	19	4491	3413	3413	3413	3413			2695	2964	2964	2964	2695	2964	2964	2964	3238	10.6	10.6	10.6	10.6			7.4	7.3	7.3	7.3	7.4	7.3	7.3	7.3	0	0	0	0	0	0	0	0	0	0	0	0	0	0	0	0	0	0	0	0	0	0	0	0	0	0	0	0	0	0	0	0	0	0	0	0	0	0	0	0	0	0	0	0	0	0	0	0	0	0	0	0	0	0	0	0	0	0	0	0	0	0	0	0	0	0	0	0.16	0.35	2.07	0.18	0	0	0	0	1000	0	0	0	0	0	0	0	0	0	0	0	0	0	0	0	0	0	0	0	0	0	0	0	71	85	85	76	54	85	85	85	60	66	60	66	85	95	70	85	90	90	90	90	0	30	0	30	65.3	38.3	6	3413	17.28	0	0	0	85	85	85	85	85	85	85	85	85	85	85	85	0	0	0	0	0	0	0	0	0	3.85	0.7	0.21	0	0	0	0	0	0	0	0	0	0	55	10	3	0	0	0	0	0	0	0	0	0	0	0	0	0	0	0	0	0	0	0	0	0	0	0	0	0	0	0	0	0	0	0	0	0	0	0	0	0	0	0	0	0	0	0	0	0	0	0	0	0	0	0	0	0	0	0	0	0	0	0	0	0	0	0	0	0	0	0	0	800
62156	Mono-Dicalcium Phosphate	0.5	99	1	0	0	0	99	0	0	0	0	0	0	0	0	0	0	0	0	0			0	0	0	0	0	0	0	0	0	0	0	0	0			0	0	0	0	0	0	0	0	0	0	0	0	0	0	0	0	0	0	0	0	0	0	0	0	0	0	0	0	0	0	0	0	0	0	0	0	0	0	0	0	0	0	0	0	0	0	0	0	0	0	0	0	0	0	0	0	0	0	0	0	16.49	21.49	16.66	21.71	0	0	0	0	0	21.5	0	13.76	13.98	11.83	13.76	0	0	0	0	0	0	0	0	0	0	0	0	0	0	0	0	0	0	0	0	0	0	0	0	0	0	0	0	0	0	0	0	50	0	0	0	0	85	80	85	0	0	0	0	85	95	70	85	90	90	90	90	0	30	0	30	49.5	0	0	0	0	0	0	0	0	0	0	0	0	0	0	0	0	0	0	0	0	0	0	0	0	0	0	0	0	0	0	0	0	0	0	0	0	0	0	0	0	0	0	0	0	0	0	0	0	0	0	0	0	0	0	0	0	0	0	0	0	50	0	0	0	0	0	0	0	0	0	0	0	0	0	50	0	0	0	0	0	0	0	0	0	0	0	0	0	0	0	0	0	0	0	0	0	0	0	0	0	0	0	0	0	0	0	0	0	0	0	0	0	500
62157	Sodium Bicarbonate	0.25	99	1	0	0	0	99	0	0	0	0	0	0	0	0	0	0	0	0	0			0	0	0	0	0	0	0	0	0	0	0	0	0			0	0	0	0	0	0	0	0	0	0	0	0	0	0	0	0	0	0	0	0	0	0	0	0	0	0	0	0	0	0	0	0	0	0	0	0	0	0	0	0	0	0	0	0	0	0	0	0	0	0	0	0	0	0	0	0	0	0	0	0	0	0	0	0	0	0	0	0	0	0	0	0	0	0	0	27.36	0	0	0	0	0	0	0	0	0	0	0	0	0	0	0	0	0	0	0	0	0	0	0	0	0	0	0	0	0	0	0	50	0	0	0	0	85	80	85	0	0	0	0	85	95	70	85	90	90	90	90	0	30	0	30	49.5	0	0	0	0	0	0	0	0	0	0	0	0	0	0	0	0	0	0	0	0	0	0	0	0	0	0	0	0	0	0	0	0	0	0	0	0	0	0	0	0	0	0	0	0	0	0	0	0	0	0	0	0	0	0	0	0	0	0	0	0	90	0	0	0	0	0	0	0	0	0	0	0	0	0	90	0	0	0	0	0	0	0	0	0	0	0	0	0	0	0	0	0	0	0	0	0	0	0	0	0	0	0	0	0	0	0	0	0	0	0	0	0	500
62158	Zinc Methionine Complex Zinpro 120. Zinpro	6	91.8	8.2	16.2	0.3	10	35.2	30.2	20	10.9	40.2	0.1	0.1	29.2	11	2569	694	694	694	694			719	1053	1053	1053	719	1053	1053	1053	638	2.7	2.7	2.7	2.7			1.8	2.4	2.4	2.4	1.8	2.4	2.4	2.4	0.04	0.03	0.03	0.11	0.02	15.81	0.04	0.03	0	0.04	0	15.81	0	0.04	0	0	0	0	0	16.15	0	0	0.22	0.16	0.19	0.69	0.15	97.83	0.26	0.2	0	0.26	0	0	0	0	0	0	0	0.03	0.02	0.03	0.09	0.02	13.44	0.04	0.03	0	0.04	0	13.44	0	3.03	0.02	8.61	0.05	0	0	0	0.01	0	0	0	0.01	0.01	0.01	0.01	0.01	12.94	0.25	0.21	5.69	32.13	0	0	0	11997.34	0	0	0	0	0	0	0	0	0	0	0	0	0	0	0	0	0	0	0	0	0	0	33	75	85	27	0	85	85	85	28	41	28	41	85	95	70	85	90	90	90	90	0	30	0	30	30.3	12.1	0.2	694	0	0.05	0.05	0.05	85	85	85	85	85	85	85	85	85	85	85	85	0.03	0.01	0.07	0.15	0	0	0	0	0	0.04	0.07	0.15	0	0.17	0	0	0	55.55	0	0	0	0	14.81	25.92	55.55	0	0	0	0	0	0	0	0	0	0	0	0	0	0	0	0	0	0	0	0	0	0	0	0	0	0	0	0	0	0	0	0	0	0	0	0	0	0	0	0	0	0	0	0	0	0	0	0	0	0	0	0	0	0	0	0	0	0	0	0	0	0	0	0	0	0	0	0	800
62159	Tricalcium phosphate	0.95	99.2	0.8	0	0	0	97.4	1.8	0	0	1.8	0	0	0	0	74	0	0	0	0			0	0	0	0	0	0	0	0	0	0	0	0	0			0	0	0	0	0	0	0	0	0	0	0	0	0	0	0	0	0	0	0	0	0	0	0	0	0	0	0	0	0	0	0	0	0	0	0	0	0	0	0	0	0	0	0	0	0	0	0	0	0	0	0	0	0	0	0	0	0	0	0	0	36.7	17.3	37.68	17.76	0	0	0	0	0	0	17.3	10.38	11.25	0.87	5.19	4.32	0	0	0	0	0	0	0	0	0	0	0	0	0	0	0	0	0	0	0	0	0	0	0	0	0	0	0	0	0	0	0	49	0	0	0	0	85	80	85	0	0	0	0	85	95	70	85	90	90	90	90	0	30	0	30	48.6	0	0	0	0	0	0	0	0	0	0	0	0	0	0	0	0	0	0	0	0	0	0	0	0	0	0	0	0	0	0	0	0	0	0	0	0	0	0	0	0	0	0	0	0	0	0	0	0	0	0	0	0	0	0	0	0	0	0	0	0	50	0	0	0	0	0	0	0	0	0	0	0	0	0	50	0	0	0	0	0	0	0	0	0	0	0	0	0	0	0	0	0	0	0	0	0	0	0	0	0	0	0	0	0	0	0	0	0	0	0	0	0	500
62160	Agrimin Powder. Mineral and Amino Acid Supplement. Virbac	7	99	1	50	0.1	0	45	3.9	0	0	3.9	0	0	0	13	2988	2480	2480	2480	2480			2420	2420	2420	2420	2420	2420	2420	2420	2285	9.3	9.3	9.3	9.3			6	5.1	5.1	5.1	6	5.1	5.1	5.1	0	0	0	0	44	19.2	0	0	0	0	0	19.2	0	0	0	0	0	0	0	63.2	0	0	0	0	0	0	88	38.4	0	0	0	0	0	0	0	0	0	0	0	0	0	0	0	37.4	16.32	0	0	0	0	0	16.32	0	24.03	12.15	53.4	27	0	0	0	0	0	0	0	0	0	0	0	0.06	0	1	60	0.92	1200	5000	1500	0	9600	325	150	0	0	0	0	0	0	0	0	0	0	0	0	0	0	0	0	0	0	0	0	68	85	85	83	54	85	85	85	81	81	81	81	85	95	70	85	90	90	90	90	0	30	0	30	67.3	42.5	0.1	2480	2.11	0	0	0	85	85	85	85	85	85	85	85	85	85	85	85	0	0	0	0	0	0	0	0	0	0.06	0.01	0	0	0	0	0	0	0	0	0	0	0	55	10	3	0	0	0	0	0	0	0	0	0	0	0	0	0	0	0	0	0	0	0	0	0	0	0	0	0	0	0	0	0	0	0	0	0	0	0	0	0	0	0	0	0	0	0	0	0	0	0	0	0	0	0	0	0	0	0	0	0	0	0	0	0	0	0	0	0	0	0	0	800
62161	Selisseo. 0.1%. Adisseo	30	99	1	0	0	0	98	1	0	0	0	0	0	0	0	0	0	0	0	0			0	0	0	0	0	0	0	0	0	0	0	0	0			0	0	0	0	0	0	0	0	0	0	0	0	0	0	0	0	0	0	0	0	0	0	0	0	0	0	0	0	0	0	0	0	0	0	0	0	0	0	0	0	0	0	0	0	0	0	0	0	0	0	0	0	0	0	0	0	0	0	0	0	0	0	0	0	0	0	0	0	0	0	0	0	0	0	0	0	0	0	0	0	0	0	0	0	0	0	0	0	0	0	0	0	0	0	0	0	0	0	0	0	0	0	0	0	0	0	0	80	80	80	80	80	80	80	80	80	80	80	80	80	80	80	80	80	80	80	80	80	80	80	80	79.2	0	0	0	0	0	0	0	85	85	85	85	85	85	85	85	85	85	85	85	0	0	0	0	0	0	0	0	0	0	0	0	0	0	0	0	0	0	0	0	0	0	0	0	0	0	0	0	0	0	0	0	0	0	0	0	0	0	0	0	0	0	0	0	0	0	0	0	0	0	0	0	0	0	0	0	0	0	0	0	0	0	0	0	0	0	0	0	0	0	0	0	0	0	0	0	0	0	0	0	0	0	0	0	0	0	0	0	0	0	0	0	0	1000
70404	Adisodium Adisseo Na 32%	30	100	0	0	0	0	100	0	0	0	0	0	0	0	0	0	0	0	0	0			0	0	0	0	0	0	0	0	0	0	0	0	0			0	0	0	0	0	0	0	0	0	0	0	0	0	0	0	0	0	0	0	0	0	0	0	0	0	0	0	0	0	0	0	0	0	0	0	0	0	0	0	0	0	0	0	0	0	0	0	0	0	0	0	0	0	0	0	0	0	0	0	0	0	0	0	0	0	0	0	0	0	0	0	0	0	0	0	32	0	0	0	27.2	0	0	0	0	0	0	0	0	0	0	0	0	0	0	0	0	0	0	0	0	0	0	0	0	0	0	0	50	0	0	0	0	85	80	85	0	0	0	0	85	95	70	85	90	90	90	90	0	30	0	30	50	0	0	0	0	0	0	0	0	0	0	0	0	0	0	0	0	0	0	0	0	0	0	0	0	0	0	0	0	0	0	0	0	0	0	0	0	0	0	0	0	0	0	0	0	0	0	0	0	0	0	0	0	0	0	0	0	0	0	0	0	50	0	0	0	0	0	0	0	0	0	0	0	0	0	50	0	0	0	0	0	0	0	0	0	0	0	0	0	0	0	0	0	0	0	0	0	0	0	0	0	0	0	0	0	0	0	0	0	0	0	0	0	20000
63105	Astaxanthin supplement (10% astaxanthin)	180	99	1	25	50	0	3	21	0	0	21	0	11	10	29	6924	6162	6162	6162	6162			6162	6301	6301	6301	6162	6301	6301	6301	6053	24.2	24.7	24.7	24.5			20.1	20.3	20.3	20.3	20.1	20.3	20.3	20.3	0	0	0	0	0	0	0	0	0	0	0	0	0	0	0	0	0	0	0	0	0	0	0	0	0	0	0	0	0	0	0	0	0	0	0	0	0	0	0	0	0	0	0	0	0	0	0	0	0	0	0	0	0	0.1	0	3.33	0	0	0	0.09	0	0	0	0.08	0.08	0.07	0.08	0	0	0	0	0	0	0	0	0	0	0	0	0	0	0	0	0	0	0	0	0	0	0	0	0	0	0	0	0	0	100000	0	83	95	95	89	44	85	80	85	89	91	89	91	85	95	70	85	90	90	90	90	0	30	0	30	82.2	23.8	47.5	6162	9.24	0	0	0	0	0	0	0	0	0	0	0	0	0	0	0	0	0	0	0	0	0	0	0	0	0	0	0	0	0	0	0	0	0	0	0	0	0	0	0	0	0	0	0	0	0	0	0	0	0	0	0	0	0	0	0	0	93	0	0	0	0	0	0	0	0	0	0	0	0	0	0	0	0	0	0	0	0	0	0	0	0	0	0	0	0	0	0	0	0	0	0	0	0	0	0	0	0	0	0	0	0	0	0	0	0	0	0	0	1100000
63106	Carophyl pink. astaxanthin supplement (8% astaxanthin). DSM	180	98	2	25	50	0	3	20	0	0	20	0	5	15	29	6883	5782	5782	5782	5782			5782	5989	5989	5989	5782	5989	5989	5989	5668	23.2	23.4	23.4	23.3			19	19.2	19.2	19.2	19	19.2	19.2	19.2	0	0	0	0	0	0	0	0	0	0	0	0	0	0	0	0	0	0	0	0	0	0	0	0	0	0	0	0	0	0	0	0	0	0	0	0	0	0	0	0	0	0	0	0	0	0	0	0	0	0	0	0	0.1	0.2	3.33	6.66	0	0	0	0.19	0	0	0	0.16	0.16	0.15	0.16	0	0	0	0	0	0	0	0	0	0	0	0	0	0	0	0	0	0	0	0	0	0	0	0	0	0	0	8	0	0	80000	0	77	99	90	84	21	85	80	85	84	87	84	87	85	95	70	85	90	90	90	90	0	30	0	30	75.5	24.8	45	5782	4.2	0	0	0	0	0	0	0	0	0	0	0	0	0	0	0	0	0	0	0	0	0	0	0	0	0	0	0	0	0	0	0	0	0	0	0	0	0	0	0	0	0	0	0	0	0	0	0	0	0	0	0	0	0	0	0	0	89	0	0	0	0	0	0	0	0	0	0	0	0	0	0	0	0	0	0	0	0	0	0	0	0	0	0	0	0	0	0	0	0	0	0	0	0	0	0	0	0	0	0	0	0	0	0	0	0	0	0	0	1100000
63107	Carophyll pink 10% CWS (Astaxanthin 10%). DSM	180	98	2	30	45	0	3	20	0	0	20	0	0	0	28	6699	5158	5158	5158	5158			5158	5158	5158	5158	5158	5158	5158	5158	5028	21.1	21.1	21.1	21.1			17	16.4	16.4	16.4	17	16.4	16.4	16.4	0	0	0	0	0	0	0	0	0	0	0	0	0	0	0	0	0	0	0	0	0	0	0	0	0	0	0	0	0	0	0	0	0	0	0	0	0	0	0	0	0	0	0	0	0	0	0	0	0	0	0	0	0	0	0	0	0	0	0	0	0	0	0	0	0	0	0	0	0	0	0	0	0	0	0	0	0	0	0	0	0	0	0	0	0	0	0	0	0	0	0	0	0	0	0	0	0	100000	0	70	95	85	77	0	85	85	85	77	77	77	77	85	95	70	85	90	90	90	90	0	30	0	30	68.6	28.5	38.3	5158	0	0	0	0	0	0	0	0	0	0	0	0	99	0	0	0	0	0	0	0	0	0	0	0	0	0	0	0	0	0	0	0	0	0	0	0	0	0	0	0	0	0	0	0	0	0	0	0	0	0	0	0	0	0	0	0	0	0	0	0	0	0	0	0	0	0	0	0	0	0	0	0	0	0	0	0	0	0	0	0	0	0	0	0	0	0	0	0	0	0	0	0	0	0	0	0	0	0	0	0	0	0	0	0	0	0	0	0	0	1100000
63108	Carophyll red 10% (Canthaxanthin 10%). DSM	180	98	2	30	45	0	3	20	0	0	20	13	0	7	28	6699	5627	5627	5627	5627			5627	5761	5761	5761	5560	5694	5694	5694	5497	22	22.6	22.6	22			17.7	17.9	17.9	17.9	17.5	17.7	17.7	17.7	0	0	0	0	0	0	0	0	0	0	0	0	0	0	0	0	0	0	0	0	0	0	0	0	0	0	0	0	0	0	0	0	0	0	0	0	0	0	0	0	0	0	0	0	0	0	0	0	0	0	0	0	0	0	0	0	0	0	0	0	0	0	0	0	0	0	0	0	0	0	0	0	0	0	0	0	0	0	0	0	0	0	0	0	0	0	0	0	0	0	0	0	0	0	0	0	0	0	0	81	95	85	84	55	85	85	85	84	86	83	85	85	95	70	85	90	90	90	90	0	30	0	30	79.4	28.5	38.3	5627	11	11.05	11.05	11.05	0	0	0	0	0	0	0	0	99	0	0	0	0	0	0	0	0	0	0	0	0	0	0	0	0	0	0	0	0	0	0	0	0	0	0	0	0	0	0	0	0	0	0	0	0	0	0	0	0	0	0	0	0	0	0	0	0	0	0	0	0	0	0	0	0	0	0	0	0	0	0	0	0	0	0	0	0	0	0	0	0	0	0	0	0	0	0	0	0	0	0	0	0	0	0	0	0	0	0	0	0	0	0	0	0	1000000
63109	Carophyll yellow 10% (Apo-ester 10%). DSM	180	98	2	30	45	0	3	20	0	0	20	16	0	4	28	6699	5694	5694	5694	5694			5694	5828	5828	5828	5627	5761	5761	5761	5564	22.3	23	23	22.3			17.8	18.1	18.1	18.1	17.7	17.9	17.9	17.9	0	0	0	0	0	0	0	0	0	0	0	0	0	0	0	0	0	0	0	0	0	0	0	0	0	0	0	0	0	0	0	0	0	0	0	0	0	0	0	0	0	0	0	0	0	0	0	0	0	0	0	0	0	0	0	0	0	0	0	0	0	0	0	0	0	0	0	0	0	0	0	0	0	0	0	0	0	0	0	0	0	0	0	0	0	0	0	0	0	0	0	0	0	0	0	0	0	0	0	84	95	85	85	68	85	85	85	85	87	84	86	85	95	70	85	90	90	90	90	0	30	0	30	82.3	28.5	38.3	5694	13.6	13.6	13.6	13.6	0	0	0	0	0	0	0	0	99	0	0	0	0	0	0	0	0	0	0	0	0	0	0	0	0	0	0	0	0	0	0	0	0	0	0	0	0	0	0	0	0	0	0	0	0	0	0	0	0	0	0	0	0	0	0	0	0	0	0	0	0	0	0	0	0	0	0	0	0	0	0	0	0	0	0	0	0	0	0	0	0	0	0	0	0	0	0	0	0	0	0	0	0	0	0	0	0	0	0	0	0	0	0	0	0	1000000
63110	Astaxanthin 10%. Lucatin Pink CWD. BASF	180	95	5	25	50	0	5	15	0	0	15	15	0	0	28	6680	0	0	0	0			534	601	601	601	401	534	534	534	0	1	1.7	1.7	1.1			0.8	1.4	1.4	1.4	0.6	1.3	1.3	1.3	0	0	0	0	0	0	0	0	0	0	0	0	0	0	0	0	0	0	0	0	0	0	0	0	0	0	0	0	0	0	0	0	0	0	0	0	0	0	0	0	0	0	0	0	0	0	0	0	0	0	0	0	0	0	0	0	0	0	0	0	0	0	0	0	0	0	0	0	0	0	0	0	0	0	0	0	0	0	0	0	0	0	0	0	0	0	0	0	0	0	0	0	0	0	0	0	0	100000	0	3	0	0	0	0	85	80	85	8	9	6	8	85	95	70	85	90	90	90	90	0	30	0	30	2.9	0	0	0	0	12.75	12	12.75	0	0	0	0	0	0	0	0	0	0	0	0	0	0	0	0	0	0	0	0	0	0	0	0	0	0	3.5	0	0	0	0	0	0	0	0	0	0	0	0	0	0	0	0	0	0	0	0	0	0	0.1	0	0	0	50	0	0	0	0	0	0	0	0	0	0	0	0	0	50	0	0	0	0	0	0	0	0	0	0	0	0	0	0	0	0	0	0	0	0	0	0	0	0	0	0	0	0	0	0	0	0	0	0	0	0	0	1100000
63111	Astaxanthin 10%. Astafeed 10%. NutraAqua	180	95	5	25	50	0	5	15	0	0	15	5	0	10	28	6680	0	0	0	0			200	334	334	334	134	267	267	267	0	0.3	0.6	0.6	0.4			0.3	0.8	0.8	0.8	0.2	0.7	0.7	0.7	0	0	0	0	0	0	0	0	0	0	0	0	0	0	0	0	0	0	0	0	0	0	0	0	0	0	0	0	0	0	0	0	0	0	0	0	0	0	0	0	0	0	0	0	0	0	0	0	0	0	0	0	0	0	0	0	0	0	0	0	0	0	0	0	0	0	0	0	0	0	0	0	0	0	0	0	0	0	0	0	0	0	0	0	0	0	0	0	0	0	0	0	0	0	0	0	0	100000	0	3	0	0	0	0	85	80	85	3	5	2	4	85	95	70	85	90	90	90	90	0	30	0	30	2.9	0	0	0	0	4.25	4	4.25	0	0	0	0	0	0	0	0	0	0	0	0	0	0	0	0	0	0	0	0	0	0	0	0	0	0	3.5	0	0	0	0	0	0	0	0	0	0	0	0	0	0	0	0	0	0	0	0	0	0	0.1	0	0	0	50	0	0	0	0	0	0	0	0	0	0	0	0	0	50	0	0	0	0	0	0	0	0	0	0	0	0	0	0	0	0	0	0	0	0	0	0	0	0	0	0	0	0	0	0	0	0	0	0	0	0	0	1100000
70107	Chromic oxide	3.5	100	0	0	0	0	100	0	0	0	0	0	0	0	0	0	0	0	0	0			0	0	0	0	0	0	0	0	0	0	0	0	0			0	0	0	0	0	0	0	0	0	0	0	0	0	0	0	0	0	0	0	0	0	0	0	0	0	0	0	0	0	0	0	0	0	0	0	0	0	0	0	0	0	0	0	0	0	0	0	0	0	0	0	0	0	0	0	0	0	0	0	0	0	0	0	0	0	0	0	0	0	0	0	0	0	0	0	0	0	0	0	0	0	0	0	0	0	0	0	0	0	0	0	0	0	0	0	0	0	0	0	0	0	0	0	0	0	0	0	50	0	0	0	0	85	80	85	0	0	0	0	85	95	70	85	90	90	90	90	0	30	0	30	50	0	0	0	0	0	0	0	0	0	0	0	0	0	0	0	0	0	0	0	0	0	0	0	0	0	0	0	0	0	0	0	0	0	0	0	0	0	0	0	0	0	0	0	0	0	0	0	0	0	0	0	0	0	0	0	0	0	0	0	0	0	0	0	0	0	0	0	0	0	0	0	0	0	0	0	0	0	0	0	0	0	0	0	0	0	0	0	0	0	0	0	0	0	0	0	0	0	0	0	0	0	0	0	0	0	0	0	0	0	0	0	0	75000
70108	Yttrium oxide	10	100	0	0	0	0	100	0	0	0	0	0	0	0	0	0	0	0	0	0			0	0	0	0	0	0	0	0	0	0	0	0	0			0	0	0	0	0	0	0	0	0	0	0	0	0	0	0	0	0	0	0	0	0	0	0	0	0	0	0	0	0	0	0	0	0	0	0	0	0	0	0	0	0	0	0	0	0	0	0	0	0	0	0	0	0	0	0	0	0	0	0	0	0	0	0	0	0	0	0	0	0	0	0	0	0	0	0	0	0	0	0	0	0	0	0	0	0	0	0	0	0	0	0	0	0	0	0	0	0	0	0	0	0	0	0	0	0	0	0	50	0	0	0	0	85	80	85	0	0	0	0	85	95	70	85	90	90	90	90	0	30	0	30	50	0	0	0	0	0	0	0	0	0	0	0	0	0	0	0	0	0	0	0	0	0	0	0	0	0	0	0	0	0	0	0	0	0	0	0	0	0	0	0	0	0	0	0	0	0	0	0	0	0	0	0	0	0	0	0	0	0	0	0	0	0	0	0	0	0	0	0	0	0	0	0	0	0	0	0	0	0	0	0	0	0	0	0	0	0	0	0	0	0	0	0	0	0	0	0	0	0	0	0	0	0	0	0	0	0	0	0	0	0	0	0	0	75000
70109	Celite AW521. acid washed diatomacheous earth	40	100	0	0	0	0	100	0	0	0	0	0	0	0	0	0	0	0	0	0			0	0	0	0	0	0	0	0	0	0	0	0	0			0	0	0	0	0	0	0	0	0	0	0	0	0	0	0	0	0	0	0	0	0	0	0	0	0	0	0	0	0	0	0	0	0	0	0	0	0	0	0	0	0	0	0	0	0	0	0	0	0	0	0	0	0	0	0	0	0	0	0	0	0	0	0	0	0	0	0	0	0	0	0	0	0	0	0	0	0	0	0	0	0	0	0	0	0	0	0	0	0	0	0	0	0	0	0	0	0	0	0	0	0	0	0	0	0	0	0	50	0	0	0	0	85	80	85	0	0	0	0	85	95	70	85	90	90	90	90	0	30	0	30	50	0	0	0	0	0	0	0	0	0	0	0	0	0	0	0	0	0	0	0	0	0	0	0	0	0	0	0	0	0	0	0	0	0	0	0	0	0	0	0	0	0	0	0	0	0	0	0	0	0	0	0	0	0	0	0	0	0	0	0	0	0	0	0	0	0	0	0	0	0	0	0	0	0	0	0	0	0	0	0	0	0	0	0	0	0	0	0	0	0	0	0	0	0	0	0	0	0	0	0	0	0	0	0	0	0	0	0	0	0	0	0	0	75000
70110	Pellet binder	1	90	10	0	0	25	10	55	0	50	80	50	0	0	14	3250	1723	1723	1723	1723			1723	1918	1918	1918	1430	1723	1723	1723	1723	3.4	5.8	5.8	3.6			2.6	4.8	4.8	4.8	2.1	4.3	4.3	4.3	0	0	0	0	0	0	0	0	0	0	0	0	0	0	0	0	0	0	0	0	0	0	0	0	0	0	0	0	0	0	0	0	0	0	0	0	0	0	0	0	0	0	0	0	0	0	0	0	0	0	0	0	0	0	0	0	0	0	0	0	0	0	0	0	0	0	0	0	0	0	0	0	0	0	0	0	0	0	0	0	0	0	0	0	0	0	0	0	0	0	0	0	0	0	0	0	0	0	0	53	50	90	53	53	85	80	85	53	59	44	53	85	95	70	85	90	90	90	90	0	30	0	30	47.7	0	0	1723	42.4	42.5	40	42.5	0	0	0	0	0	0	0	0	0	0	0	0	0	0	0	0	0	0	0	0	0	0	0	0	0	0	0	0	0	0	0	0	0	0	0	0	0	0	0	0	0	0	0	0	0	0	0	0	0	0	0	0	0	53	0	0	0	0	0	0	0	0	0	0	0	0	0	0	0	0	0	0	0	0	0	0	0	0	0	0	0	0	0	0	0	0	0	0	0	0	0	0	0	0	0	0	0	0	0	0	0	0	0	0	0	20000
70111	Carboxymethylcellulose	2	98	2	0	0	0	0	98	0	98	98	0	0	0	17	3982	0	0	0	0			0	0	0	0	0	0	0	0	0	0	0	0	0			0	0	0	0	0	0	0	0	0	0	0	0	0	0	0	0	0	0	0	0	0	0	0	0	0	0	0	0	0	0	0	0	0	0	0	0	0	0	0	0	0	0	0	0	0	0	0	0	0	0	0	0	0	0	0	0	0	0	0	0	0	0	0	0	0	0	0	0	0	0	0	0	0	0	0	0	0	0	0	0	0	0	0	0	0	0	0	0	0	0	0	0	0	0	0	0	0	0	0	0	0	0	0	0	0	0	0	0	0	0	0	0	85	80	85	0	0	0	0	85	95	70	85	90	90	90	90	0	30	0	30	0	0	0	0	0	0	0	0	0	0	0	0	0	0	0	0	0	0	0	0	0	0	0	0	0	0	0	0	0	0	0	0	0	0	0	0	0	0	0	0	0	0	0	0	0	0	0	0	0	0	0	0	0	0	0	0	0	0	0	0	0	0	0	0	0	0	0	0	0	0	0	0	0	0	0	0	0	0	0	0	0	0	0	0	0	0	0	0	0	0	0	0	0	0	0	0	0	0	0	0	0	0	0	0	0	0	0	0	0	0	0	0	0	20000
70112	Guar gum	3.5	95	5	5	0	2	1	87	0	0	89	0	0	89	16	3898	0	0	0	0			0	1091	1091	1091	0	1091	1091	1091	0	0	0	0	0			0	2.7	2.7	2.7	0	2.7	2.7	2.7	0	0	0	0	0	0	0	0	0	0	0	0	0	0	0	0	0	0	0	0	0	0	0	0	0	0	0	0	0	0	0	0	0	0	0	0	0	0	0	0	0	0	0	0	0	0	0	0	0	0	0	0	0	0	0	0	0	0	0	0	0	0	0	0	0	0	0	0	0	0	0	0	0	0	0	0	0	0	0	0	0	0	0	0	0	0	0	0	0	0	0	0	0	0	0	0	0	0	0	1	0	0	0	0	85	80	85	0	28	0	28	85	95	70	85	90	90	90	90	0	30	0	30	1	0	0	0	0	0	0	0	0	0	0	0	0	0	0	0	0	0	0	0	0	0	0	0	0	0	0	0	0	0	0	0	0	0	0	0	0	0	0	0	0	0	0	0	0	0	0	0	0	0	0	0	0	0	0	0	0	0	0	0	0	3	0	0	0	0	0	0	0	0	0	0	0	0	0	0	0	0	0	0	0	0	0	0	0	0	0	0	0	0	0	0	0	0	0	0	0	0	0	0	0	0	0	0	0	0	0	0	0	0	0	0	0	20000
70113	Lignin sulfonate	0.8	99	1	0	0	10	35	54	55	50	64	0	0	14	11	2600	0	0	0	0			0	182	182	182	0	182	182	182	0	0	0	0	0			0	0.4	0.4	0.4	0	0.4	0.4	0.4	0	0	0	0	0	0	0	0	0	0	0	0	0	0	0	0	0	0	0	0	0	0	0	0	0	0	0	0	0	0	0	0	0	0	0	0	0	0	0	0	0	0	0	0	0	0	0	0	0	0	0	0	0	0	0	0	0	0	0	0	0	0	0	0	0	0	0	0	0	0	0	0	0	0	0	0	0	0	0	0	0	0	0	0	0	0	0	0	0	0	0	0	0	0	0	0	0	0	0	18	0	0	0	0	85	80	85	0	7	0	7	85	95	70	85	90	90	90	90	0	30	0	30	17.8	0	0	0	0	0	0	0	0	0	0	0	0	0	0	0	0	0	0	0	0	0	0	0	0	0	0	0	0	0	0	0	0	0	0	0	0	0	0	0	0	0	0	0	0	0	0	0	0	0	0	0	0	0	0	0	0	0	0	0	0	18	0	0	0	0	0	0	0	0	0	0	0	0	0	0	0	0	0	0	0	0	0	0	0	0	0	0	0	0	0	0	0	0	0	0	0	0	0	0	0	0	0	0	0	0	0	0	0	0	0	0	0	20000
70114	Nutri-Bind. FG	1	90	10	9.4	2.5	2.2	3	72.9	0	0	75.1	50	0	25.1	16	3815	2403	2403	2403	2403			2403	2937	2937	2937	2098	2708	2708	2708	2364	6.1	8.5	8.5	6.3			4.5	7.3	7.3	7.3	4.1	6.8	6.8	6.8	0	0	0	0	0	0	0	0	0	0	0	0	0	0	0	0	0	0	0	0	0	0	0	0	0	0	0	0	0	0	0	0	0	0	0	0	0	0	0	0	0	0	0	0	0	0	0	0	0	0	0	0	0.5	0.7	16.66	23.33	0	0	0	0.69	0	0	0	0.58	0.59	0.55	0.58	0	0	0	0	0	0	0	0	0	0	0	0	0	0	0	0	0	0	0	0	0	0	0	0	0	0	0	0	0	0	0	0	60	90	90	63	56	85	80	85	63	77	55	71	85	95	70	85	90	90	90	90	0	30	0	30	54	8.5	2.3	2403	42.06	42.5	40	42.5	0	0	0	0	0	0	0	0	0	0	0	0	0	0	0	0	0	0	0	0	0	1	0.13	0.1	0	0	0	0	0	0	0	0	0	0	40	5	4	0	0	0	0	0	0	0	0	0	0	0	0	0	0	0	0	61	0	0	0	0	0	0	0	0	0	0	0	0	0	0	0	0	0	0	0	0	0	0	0	0	0	0	0	0	0	0	0	0	0	0	0	0	0	0	0	0	0	0	0	0	0	0	0	0	0	0	0	20000
70117	alpha-Cellulose	0.7	95	5	0	0	90	0	5	94	95	95	0	0	0	16	3860	0	0	0	0			0	0	0	0	0	0	0	0	0	0	0	0	0			0	0	0	0	0	0	0	0	0	0	0	0	0	0	0	0	0	0	0	0	0	0	0	0	0	0	0	0	0	0	0	0	0	0	0	0	0	0	0	0	0	0	0	0	0	0	0	0	0	0	0	0	0	0	0	0	0	0	0	0	0	0	0	0	0	0	0	0	0	0	0	0	0	0	0	0	0	0	0	0	0	0	0	0	0	0	0	0	0	0	0	0	0	0	0	0	0	0	0	0	0	0	0	0	0	0	0	0	0	0	0	0	85	80	85	0	0	0	0	85	95	70	85	90	90	90	90	0	30	0	30	0	0	0	0	0	0	0	0	0	0	0	0	0	0	0	0	0	0	0	0	0	0	0	0	0	0	0	0	0	0	0	0	0	0	0	0	0	0	0	0	0	0	0	0	0	0	0	0	0	0	0	0	0	0	0	0	0	0	0	0	0	0	0	0	0	0	0	0	0	0	0	0	0	0	0	0	0	0	0	0	0	0	0	0	0	0	0	0	0	0	0	0	0	0	0	0	0	0	0	0	0	0	0	0	0	0	0	0	0	0	0	0	0	20000
70125	Mold inhibitor (calcium propionate)	1.8	90	10	0	0	0	10	80	0	0	80	0	80	0	14	3250	0	0	0	0			2925	2925	2925	2925	2925	2925	2925	2925	0	3.7	7.3	7.3	6.1			4.3	7.2	7.2	7.2	4.3	7.2	7.2	7.2	0	0	0	0	0	0	0	0	0	0	0	0	0	0	0	0	0	0	0	0	0	0	0	0	0	0	0	0	0	0	0	0	0	0	0	0	0	0	0	0	0	0	0	0	0	0	0	0	0	0	0	0	1.05	0	10.5	0	0	0	0	0	0	0	0	0	0	0	0	0	0	0	0	0	0	0	0	0	0	0	0	0	0	0	0	0	0	0	0	0	0	0	0	0	0	0	0	0	0	0	0	6	0	0	0	0	0	0	0	90	90	90	90	85	95	70	85	90	90	90	90	0	30	0	30	5.4	0	0	0	0	0	0	0	0	0	0	0	0	0	0	0	0	0	0	0	0	0	0	0	0	0	0	0	0	0	0	0	0	0	0	0	0	0	0	0	0	0	0	0	0	0	0	0	0	0	0	0	0	0	0	0	0	0	0	0	0	50	0	0	0	0	0	0	0	0	0	0	0	0	0	0	0	0	0	0	0	0	0	0	0	0	0	0	0	0	0	0	0	0	0	0	0	0	0	0	0	0	0	0	0	0	0	0	0	0	0	0	0	20000
70407	Mold inhibitor. Fylax Forte HC. 0.05%. Selko	1.8	95	5	0	0	0	5	90	0	0	90	0	0	90	15	3657	0	0	0	0			0	1097	1097	1097	0	1097	1097	1097	0	0	0	0	0			0	2.7	2.7	2.7	0	2.7	2.7	2.7	0	0	0	0	0	0	0	0	0	0	0	0	0	0	0	0	0	0	0	0	0	0	0	0	0	0	0	0	0	0	0	0	0	0	0	0	0	0	0	0	0	0	0	0	0	0	0	0	0	0	0	0	0	0	0	0	0	0	0	0	0	0	0	0	0	0	0	0	0	0	0	0	0	0	0	0	0	0	0	0	0	0	0	0	0	0	0	0	0	0	0	0	0	0	0	0	0	0	0	3	0	0	0	0	0	0	0	0	30	0	30	85	95	70	85	90	90	90	90	0	30	0	30	2.9	0	0	0	0	0	0	0	0	0	0	0	0	0	0	0	0	0	0	0	0	0	0	0	0	0	0	0	0	0	0	0	0	0	0	0	0	0	0	0	0	0	0	0	0	0	0	0	0	0	0	0	0	0	0	0	0	0	0	0	0	0	0	0	0	0	0	0	0	0	0	0	0	0	0	0	0	0	0	0	0	0	0	0	0	0	0	0	0	0	0	0	0	0	0	0	0	0	0	0	0	0	0	0	0	0	0	0	0	0	0	0	0	20000
70130	Mycotoxin  binder (?-d-glucan from yeast cell)	5	90	10	20	10	5	5	50	0	0	55	0	50	5	18	4295	0	0	0	0			1847	1890	1890	1890	1847	1890	1890	1890	0	2.3	4.6	4.6	3.8			2.7	4.7	4.7	4.7	2.7	4.7	4.7	4.7	0	0	0	0	0	0	0	0	0	0	0	0	0	0	0	0	0	0	0	0	0	0	0	0	0	0	0	0	0	0	0	0	0	0	0	0	0	0	0	0	0	0	0	0	0	0	0	0	0	0	0	0	0	0	0	0	0	0	0	0	0	0	0	0	0	0	0	0	0	0	0	0	0	0	0	0	0	0	0	0	0	0	0	0	0	0	0	0	0	0	0	0	0	0	0	0	0	0	0	3	0	0	0	0	0	0	0	43	44	43	44	85	95	70	85	90	90	90	90	0	30	0	30	2.7	0	0	0	0	0	0	0	0	0	0	0	0	0	0	0	0	0	0	0	0	0	0	0	0	0	0	0	0	4	1.2	0.4	0	0	0	0	0	0	0	0	0	0	40	12	4	0	0	0	0	0	0	0	0	0	0	0	0	0	0	0	0	50	0	0	0	0	0	0	0	0	0	0	0	0	0	0	0	0	0	0	0	0	0	0	0	0	0	0	0	0	0	0	0	0	0	0	0	0	0	0	0	0	0	0	0	0	0	0	0	0	0	0	0	20000
70131	Mycotoxin binder (Na Ca aluminosili w organic acid)	5	90	10	0	2	0	70	18	0	0	18	0	0	18	4	918	0	0	0	0			0	220	220	220	0	220	220	220	0	0	0	0	0			0	0.5	0.5	0.5	0	0.5	0.5	0.5	0	0	0	0	0	0	0	0	0	0	0	0	0	0	0	0	0	0	0	0	0	0	0	0	0	0	0	0	0	0	0	0	0	0	0	0	0	0	0	0	0	0	0	0	0	0	0	0	0	0	0	0	17.81	0	25.44	0	0	0	0	0	0	0	0	0	0	0	0	10.24	0	0	0	0	0	0	0	0	0	0	0	0	0	0	0	0	0	0	0	0	0	0	0	0	0	0	0	0	0	0	0	39	0	0	0	0	0	0	0	0	24	0	24	85	95	70	85	90	90	90	90	0	30	0	30	35.1	0	0	0	0	0	0	0	0	0	0	0	0	0	0	0	0	0	0	0	0	0	0	0	0	0	0	0	0	0.8	0.24	0.08	0	0	0	0	0	0	0	0	0	0	40	12	4	0	0	0	0	0	0	0	0	0	0	0	0	0	0	0	0	50	0	0	0	0	0	0	0	0	0	0	0	0	0	0	0	0	0	0	0	0	0	0	0	0	0	0	0	0	0	0	0	0	0	0	0	0	0	0	0	0	0	0	0	0	0	0	0	0	0	0	0	20000
70132	Mycotoxin binder (Mineral clay product: zeolites)	5	99	1	0	0	0	94	5	0	0	5	0	0	5	1	203	0	0	0	0			0	61	61	61	0	61	61	61	0	0	0	0	0			0	0.2	0.2	0.2	0	0.2	0.2	0.2	0	0	0	0	0	0	0	0	0	0	0	0	0	0	0	0	0	0	0	0	0	0	0	0	0	0	0	0	0	0	0	0	0	0	0	0	0	0	0	0	0	0	0	0	0	0	0	0	0	0	0	0	0	0	0	0	0	0	0	0	0	0	0	0	0	0	0	0	0	0	0	0	0	0	0	0	0	0	0	0	0	0	0	0	0	0	0	0	0	0	0	0	0	0	0	0	0	0	0	47	0	0	0	0	0	0	0	0	30	0	30	85	95	70	85	90	90	90	90	0	30	0	30	46.5	0	0	0	0	0	0	0	0	0	0	0	0	0	0	0	0	0	0	0	0	0	0	0	0	0	0	0	0	0	0	0	0	0	0	0	0	0	0	0	0	0	0	0	0	0	0	0	0	0	0	0	0	0	0	0	0	0	0	0	0	50	0	0	0	0	0	0	0	0	0	0	0	0	0	0	0	0	0	0	0	0	0	0	0	0	0	0	0	0	0	0	0	0	0	0	0	0	0	0	0	0	0	0	0	0	0	0	0	0	0	0	0	20000
70133	Mycotoxin binder (activated carbon)	5	99	1	0	0	0	10	89	0	0	89	0	0	89	15	3616	0	0	0	0			0	1085	1085	1085	0	1085	1085	1085	0	0	0	0	0			0	2.7	2.7	2.7	0	2.7	2.7	2.7	0	0	0	0	0	0	0	0	0	0	0	0	0	0	0	0	0	0	0	0	0	0	0	0	0	0	0	0	0	0	0	0	0	0	0	0	0	0	0	0	0	0	0	0	0	0	0	0	0	0	0	0	0	0	0	0	0	0	0	0	0	0	0	0	0	0	0	0	0	0	0	0	0	0	0	0	0	0	0	0	0	0	0	0	0	0	0	0	0	0	0	0	0	0	0	0	0	0	0	5	0	0	0	0	0	0	0	0	30	0	30	85	95	70	85	90	90	90	90	0	30	0	30	5	0	0	0	0	0	0	0	0	0	0	0	0	0	0	0	0	0	0	0	0	0	0	0	0	0	0	0	0	0	0	0	0	0	0	0	0	0	0	0	0	0	0	0	0	0	0	0	0	0	0	0	0	0	0	0	0	0	0	0	0	50	0	0	0	0	0	0	0	0	0	0	0	0	0	0	0	0	0	0	0	0	0	0	0	0	0	0	0	0	0	0	0	0	0	0	0	0	0	0	0	0	0	0	0	0	0	0	0	0	0	0	0	20000
70134	Mycotoxin binder. Protemyc. Biorigin	5	92	8	20	12	0.5	20	39.5	10	5	40	0	0	35	16	3872	2207	2207	2207	2207			2091	2517	2517	2517	2091	2517	2517	2517	2115	8.3	8.3	8.3	8.3			6.3	6.9	6.9	6.9	6.3	6.9	6.9	6.9	1.1	0.4	1	1.8	1.8	0.2	0.9	1.2	0	1.3	0.1	0.3	0.8	1.7	3.9	2.9	1.8	1.5	2.5	9.7	13.5	0	5.5	2	5	9	9	1	4.5	6	0	6.5	0.5	4	19.5	14.5	9	7.5	12.5	1.1	0.4	1	1.8	1.8	0.2	0.9	1.2	0	1.3	0.1	0.3	0.8	0.09	3.03	0.45	15.15	0	0	0	3.03	0	0	0	2.55	2.58	2.42	2.55	0.53	0	0	0.12	0.29	30	46.8	10.3	0.1	80	0	0	0	0	0	0	0	0	0	0	0	0	0	0	0	0	0	0	0	0	0	0	47	100	85	57	8	85	85	85	54	65	54	65	85	95	70	85	90	90	90	90	0	30	0	30	43.2	20	10.2	2207	3.2	0	0	0	100	100	100	100	100	100	100	100	100	100	100	100	0	0	0	0	0	0	0	0	0	6.6	0.84	0.24	0	0	0	0	0	0	0	0	0	0	55	7	2	0	0	0	0	0	0	0	0	0	0	0	0	0	0	0	0	0	0	0	0	0	0	0	0	0	0	0	0	0	0	0	0	0	0	0	0	0	0	0	0	0	0	0	0	0	0	0	0	0	0	0	0	0	0	0	0	0	0	0	0	0	0	0	0	0	0	0	0	20000
70135	Mycotoxin binder. MTX+. Olmix	5	99	1	10	2	1	75	11	0	0	12	0	0	12	5	1238	0	0	0	0			0	149	149	149	0	149	149	149	0	0	0	0	0			0	0.4	0.4	0.4	0	0.4	0.4	0.4	0	0	0	0	0	0	0	0	0	0	0	0	0	0	0	0	0	0	0	0	0	0	0	0	0	0	0	0	0	0	0	0	0	0	0	0	0	0	0	0	0	0	0	0	0	0	0	0	0	0	0	0	71	0	94.66	0	0	0	0	0	0	0	0	0	0	0	0	0	0	0	0	0	0	0	0	0	0	0	0	0	0	0	0	0	0	0	0	0	0	0	0	0	0	0	0	0	0	0	0	38	0	0	0	0	85	85	85	0	12	0	12	85	95	70	85	90	90	90	90	0	30	0	30	37.6	0	0	0	0	0	0	0	85	85	85	85	85	85	85	85	85	85	85	85	0	0	0	0	0	0	0	0	0	1.1	0.14	0.04	0	0	0	0	0	0	0	0	0	0	55	7	2	0	0	0	0	0	0	0	0	0	0	0	0	0	0	0	0	0	0	0	0	0	0	0	0	0	0	0	0	0	0	0	0	0	0	0	0	0	0	0	0	0	0	0	0	0	0	0	0	0	0	0	0	0	0	0	0	0	0	0	0	0	0	0	0	0	0	0	0	20000
70136	Mycofix Secure. BIOMIN	5	91.5	8.5	0.5	0.5	0.5	90	0	0	0	0.5	0	0	0.5	0	96	0	0	0	0			0	6	6	6	0	6	6	6	0	0	0	0	0			0	0	0	0	0	0	0	0	0	0	0	0	0	0	0	0	0	0	0	0	0	0	0	0	0	0	0	0	0	0	0	0	0	0	0	0	0	0	0	0	0	0	0	0	0	0	0	0	0	0	0	0	0	0	0	0	0	0	0	0	0	0	0	0	0	0	0	0	0	0	0	0	0	0	0	0	0	0	0	0	0	0	0	0	0	0	0	0	0	0	0	0	0	0	0	0	0	0	0	0	0	0	0	0	0	0	0	49	0	0	0	0	0	0	0	0	6	0	6	85	95	70	85	90	90	90	90	0	30	0	30	44.8	0	0	0	0	0	0	0	0	0	0	0	0	0	0	0	0	0	0	0	0	0	0	0	0	0	0	0	0	0	0	0	0	0	0	0	0	0	0	0	0	0	0	0	0	0	0	0	0	0	0	0	0	0	0	0	0	0	0	0	0	0	0	0	0	0	0	0	0	0	0	0	0	0	0	0	0	0	0	0	0	0	0	0	0	0	0	0	0	0	0	0	0	0	0	0	0	0	0	0	0	0	0	0	0	0	0	0	0	0	0	0	0	20000
70137	Mycofix Select 5.0. BIOMIN	5	92	8	4	1	2	78	7	0	0	9	0	0	9	3	684	0	0	0	0			0	109	109	109	0	109	109	109	0	0	0	0	0			0	0.3	0.3	0.3	0	0.3	0.3	0.3	0	0	0	0	0	0	0	0	0	0	0	0	0	0	0	0	0	0	0	0	0	0	0	0	0	0	0	0	0	0	0	0	0	0	0	0	0	0	0	0	0	0	0	0	0	0	0	0	0	0	0	0	0	0	0	0	0	0	0	0	0	0	0	0	0	0	0	0	0	0	0	0	0	0	0	0	0	0	0	0	0	0	0	0	0	0	0	0	0	0	0	0	0	0	0	0	0	0	0	42	0	0	0	0	0	0	0	0	16	0	16	85	95	70	85	90	90	90	90	0	30	0	30	38.6	0	0	0	0	0	0	0	0	0	0	0	0	0	0	0	0	0	0	0	0	0	0	0	0	0	0	0	0	0	0	0	0	0	0	0	0	0	0	0	0	0	0	0	0	0	0	0	0	0	0	0	0	0	0	0	0	0	0	0	0	0	0	0	0	0	0	0	0	0	0	0	0	0	0	0	0	0	0	0	0	0	0	0	0	0	0	0	0	0	0	0	0	0	0	0	0	0	0	0	0	0	0	0	0	0	0	0	0	0	0	0	0	20000
70138	Mycofix Plus 5.0. BIOMIN	5	92	8	14	1	5	59	13	0	0	18	0	0	18	7	1613	0	0	0	0			0	226	226	226	0	226	226	226	0	0	0	0	0			0	0.5	0.5	0.5	0	0.5	0.5	0.5	0	0	0	0	0	0	0	0	0	0	0	0	0	0	0	0	0	0	0	0	0	0	0	0	0	0	0	0	0	0	0	0	0	0	0	0	0	0	0	0	0	0	0	0	0	0	0	0	0	0	0	0	0	0	0	0	0	0	0	0	0	0	0	0	0	0	0	0	0	0	0	0	0	0	0	0	0	0	0	0	0	0	0	0	0	0	0	0	0	0	0	0	0	0	0	0	0	0	0	32	0	0	0	0	0	0	0	0	14	0	14	85	95	70	85	90	90	90	90	0	30	0	30	29.4	0	0	0	0	0	0	0	0	0	0	0	0	0	0	0	0	0	0	0	0	0	0	0	0	0	0	0	0	0	0	0	0	0	0	0	0	0	0	0	0	0	0	0	0	0	0	0	0	0	0	0	0	0	0	0	0	0	0	0	0	0	0	0	0	0	0	0	0	0	0	0	0	0	0	0	0	0	0	0	0	0	0	0	0	0	0	0	0	0	0	0	0	0	0	0	0	0	0	0	0	0	0	0	0	0	0	0	0	0	0	0	0	20000
70139	Mycofix PROtect. BIOMIN	5	92	8	1	1	1.3	82	6.7	0	0	8	0	0	8	2	476	0	0	0	0			0	100	100	100	0	100	100	100	0	0	0	0	0			0	0.2	0.2	0.2	0	0.2	0.2	0.2	0	0	0	0	0	0	0	0	0	0	0	0	0	0	0	0	0	0	0	0	0	0	0	0	0	0	0	0	0	0	0	0	0	0	0	0	0	0	0	0	0	0	0	0	0	0	0	0	0	0	0	0	0	0	0	0	0	0	0	0	0	0	0	0	0	0	0	0	0	0	0	0	0	0	0	0	0	0	0	0	0	0	0	0	0	0	0	0	0	0	0	0	0	0	0	0	0	0	0	45	0	0	0	0	0	0	0	0	21	0	21	85	95	70	85	90	90	90	90	0	30	0	30	41.4	0	0	0	0	0	0	0	0	0	0	0	0	0	0	0	0	0	0	0	0	0	0	0	0	0	0	0	0	0	0	0	0	0	0	0	0	0	0	0	0	0	0	0	0	0	0	0	0	0	0	0	0	0	0	0	0	0	0	0	0	0	0	0	0	0	0	0	0	0	0	0	0	0	0	0	0	0	0	0	0	0	0	0	0	0	0	0	0	0	0	0	0	0	0	0	0	0	0	0	0	0	0	0	0	0	0	0	0	0	0	0	0	20000
70140	FUMzyme sol. BIOMIN	5	92	8	6.5	1	1	1	82.5	0	0	83.5	0	0	83.5	16	3853	0	0	0	0			0	1002	1002	1002	0	1002	1002	1002	0	0	0	0	0			0	2.5	2.5	2.5	0	2.5	2.5	2.5	0	0	0	0	0	0	0	0	0	0	0	0	0	0	0	0	0	0	0	0	0	0	0	0	0	0	0	0	0	0	0	0	0	0	0	0	0	0	0	0	0	0	0	0	0	0	0	0	0	0	0	0	0	0	0	0	0	0	0	0	0	0	0	0	0	0	0	0	0	0	0	0	0	0	0	0	0	0	0	0	0	0	0	0	0	0	0	0	0	0	0	0	0	0	0	0	0	0	0	1	0	0	0	0	0	0	0	0	26	0	26	85	95	70	85	90	90	90	90	0	30	0	30	0.9	0	0	0	0	0	0	0	0	0	0	0	0	0	0	0	0	0	0	0	0	0	0	0	0	0	0	0	0	0	0	0	0	0	0	0	0	0	0	0	0	0	0	0	0	0	0	0	0	0	0	0	0	0	0	0	0	0	0	0	0	0	0	0	0	0	0	0	0	0	0	0	0	0	0	0	0	0	0	0	0	0	0	0	0	0	0	0	0	0	0	0	0	0	0	0	0	0	0	0	0	0	0	0	0	0	0	0	0	0	0	0	0	20000
70408	Mycotoxin binder. Toxo XL. 0.05%. Selko	5	93	7	10	0	1	80	2	0	0	3	0	0	3	3	686	0	0	0	0			0	34	34	34	0	34	34	34	0	0	0	0	0			0	0.1	0.1	0.1	0	0.1	0.1	0.1	0	0	0	0	0	0	0	0	0	0	0	0	0	0	0	0	0	0	0	0	0	0	0	0	0	0	0	0	0	0	0	0	0	0	0	0	0	0	0	0	0	0	0	0	0	0	0	0	0	0	0	0	0	0	0	0	0	0	0	0	0	0	0	0	0	0	0	0	0	0	0	0	0	0	0	0	0	0	0	0	0	0	0	0	0	0	0	0	0	0	0	0	0	0	0	0	0	0	0	43	0	0	0	0	85	85	85	0	5	0	5	85	95	70	85	90	90	90	90	0	30	0	30	40	0	0	0	0	0	0	0	0	0	0	0	0	0	0	0	0	0	0	0	0	0	0	0	0	0	0	0	0	0	0	0	0	0	0	0	0	0	0	0	0	0	0	0	0	0	0	0	0	0	0	0	0	0	0	0	0	0	0	0	0	0	0	0	0	0	0	0	0	0	0	0	0	0	0	0	0	0	0	0	0	0	0	0	0	0	0	0	0	0	0	0	0	0	0	0	0	0	0	0	0	0	0	0	0	0	0	0	0	0	0	0	0	20000
70415	Mycotoxin binder. bentonite. AB20. Phibro	5	95	5	0	0	0	95	0	0	0	0	0	0	0	0	0	0	0	0	0			0	0	0	0	0	0	0	0	0	0	0	0	0			0	0	0	0	0	0	0	0	0	0	0	0	0	0	0	0	0	0	0	0	0	0	0	0	0	0	0	0	0	0	0	0	0	0	0	0	0	0	0	0	0	0	0	0	0	0	0	0	0	0	0	0	0	0	0	0	0	0	0	0	1.5	0	1.58	0	0	0	0	0	0	0	0	0	0	0	0	1.1	0	0.76	0.98	0	0	0	0	0	0	0	0	0	0	0	0	0	0	0	0	0	0	0	0	0	0	0	0	0	0	0	0	50	85	85	0	40	85	85	85	0	0	0	0	85	95	70	85	90	90	90	90	0	30	0	30	47.5	0	0	0	0	0	0	0	0	0	0	0	0	0	0	0	0	0	0	0	0	0	0	0	0	0	0	0	0	0	0	0	0	0	0	0	0	0	0	0	0	0	0	0	0	0	0	0	0	0	0	0	0	0	0	0	0	0	0	0	0	0	0	0	0	0	0	0	0	0	0	0	0	0	0	0	0	0	0	0	0	0	0	0	0	0	0	0	0	0	0	0	0	0	0	0	0	0	0	0	0	0	0	0	0	0	0	0	0	0	0	0	0	20000
70145	Ethoxyquin	3.5	90	10	4	0	0	0	86	0	0	86	0	0	86	16	3719	0	0	0	0			0	1041	1041	1041	0	1041	1041	1041	0	0	0	0	0			0	2.6	2.6	2.6	0	2.6	2.6	2.6	0	0	0	0	0	0	0	0	0	0	0	0	0	0	0	0	0	0	0	0	0	0	0	0	0	0	0	0	0	0	0	0	0	0	0	0	0	0	0	0	0	0	0	0	0	0	0	0	0	0	0	0	0	0	0	0	0	0	0	0	0	0	0	0	0	0	0	0	0	0	0	0	0	0	0	0	0	0	0	0	0	0	0	0	0	0	0	0	0	0	0	0	0	0	0	0	0	0	0	0	0	0	0	0	0	0	0	0	28	0	28	85	95	70	85	90	90	90	90	0	30	0	30	0	0	0	0	0	0	0	0	0	0	0	0	0	0	0	0	0	0	0	0	0	0	0	0	0	0	0	0	0	0	0	0	0	0	0	0	0	0	0	0	0	0	0	0	0	0	0	0	0	0	0	0	0	0	0	0	0	0	0	0	0	50	0	0	0	0	0	0	0	0	0	0	0	0	0	0	0	0	0	0	0	0	0	0	0	0	0	0	0	0	0	0	0	0	0	0	0	0	0	0	0	0	0	0	0	0	0	0	0	0	0	0	0	20000
70146	BHT. powder. 0.1%	6.5	95	5	0	80	0	0	15	0	0	15	0	0	15	34	8066	0	0	0	0			0	161	161	161	0	161	161	161	0	0	0	0	0			0	0.5	0.5	0.5	0	0.5	0.5	0.5	0	0	0	0	0	0	0	0	0	0	0	0	0	0	0	0	0	0	0	0	0	0	0	0	0	0	0	0	0	0	0	0	0	0	0	0	0	0	0	0	0	0	0	0	0	0	0	0	0	0	0	0	0	0	0	0	0	0	0	0	0	0	0	0	0	0	0	0	0	0	0	0	0	0	0	0	0	0	0	0	0	0	0	0	0	0	0	0	0	0	0	0	0	0	0	0	0	0	0	0	0	0	0	0	0	0	0	0	2	0	2	85	95	70	85	90	90	90	90	0	30	0	30	0	0	0	0	0	0	0	0	0	0	0	0	0	0	0	0	0	0	0	0	0	0	0	0	0	0	0	0	0	0	0	0	0	0	0	0	0	0	0	0	0	0	0	0	0	0	0	0	0	0	0	0	0	0	0	0	0	0	0	0	0	50	0	0	0	0	0	0	0	0	0	0	0	0	0	0	0	0	0	0	0	0	0	0	0	0	0	0	0	0	0	0	0	0	0	0	0	0	0	0	0	0	0	0	0	0	0	0	0	0	0	0	0	20000
70147	BHA	25	99	1	0	0	0	0	99	0	0	99	0	0	99	17	4022	0	0	0	0			0	1207	1207	1207	0	1207	1207	1207	0	0	0	0	0			0	3	3	3	0	3	3	3	0	0	0	0	0	0	0	0	0	0	0	0	0	0	0	0	0	0	0	0	0	0	0	0	0	0	0	0	0	0	0	0	0	0	0	0	0	0	0	0	0	0	0	0	0	0	0	0	0	0	0	0	0	0	0	0	0	0	0	0	0	0	0	0	0	0	0	0	0	0	0	0	0	0	0	0	0	0	0	0	0	0	0	0	0	0	0	0	0	0	0	0	0	0	0	0	0	0	0	0	0	0	0	0	0	0	0	0	30	0	30	85	95	70	85	90	90	90	90	0	30	0	30	0	0	0	0	0	0	0	0	0	0	0	0	0	0	0	0	0	0	0	0	0	0	0	0	0	0	0	0	0	0	0	0	0	0	0	0	0	0	0	0	0	0	0	0	0	0	0	0	0	0	0	0	0	0	0	0	0	0	0	0	0	50	0	0	0	0	0	0	0	0	0	0	0	0	0	0	0	0	0	0	0	0	0	0	0	0	0	0	0	0	0	0	0	0	0	0	0	0	0	0	0	0	0	0	0	0	0	0	0	0	0	0	0	20000
70148	BHT. liquid. 0.1%	6.5	90	10	0	90	0	0	0	0	0	0	0	0	0	35	8389	0	0	0	0			0	0	0	0	0	0	0	0	0	0	0	0	0			0	0	0	0	0	0	0	0	0	0	0	0	0	0	0	0	0	0	0	0	0	0	0	0	0	0	0	0	0	0	0	0	0	0	0	0	0	0	0	0	0	0	0	0	0	0	0	0	0	0	0	0	0	0	0	0	0	0	0	0	0	0	0	0	0	0	0	0	0	0	0	0	0	0	0	0	0	0	0	0	0	0	0	0	0	0	0	0	0	0	0	0	0	0	0	0	0	0	0	0	0	0	0	0	0	0	0	0	0	0	0	0	0	0	0	0	0	0	0	85	95	70	85	90	90	90	90	0	30	0	30	0	0	0	0	0	0	0	0	0	0	0	0	0	0	0	0	0	0	0	0	0	0	0	0	0	0	0	0	0	0	0	0	0	0	0	0	0	0	0	0	0	0	0	0	0	0	0	0	0	0	0	0	0	0	0	0	0	0	0	0	0	50	0	0	0	0	0	0	0	0	0	0	0	0	0	0	0	0	0	0	0	0	0	0	0	0	0	0	0	0	0	0	0	0	0	0	0	0	0	0	0	0	0	0	0	0	0	0	0	0	0	0	0	20000
70163	Mannan oligosaccharide. Bio-Mos. Alltech	25	92.5	7.5	28.8	3.8	30	6.1	23.8	50	10	53.8	1	0.5	42.3	17	4163	2332	2332	2332	2332			1624	2123	2123	2123	1624	2123	2123	2123	2230	6.2	6.3	6.3	6.3			4.4	5.2	5.2	5.2	4.3	5.2	5.2	5.2	0.58	0.7	1.35	2.08	1.94	0.48	1.24	1.21	0.37	1.46	0.13	0.61	0.12	1.36	6.5	3.67	1.81	2.14	2.64	11.41	17.01	0.01	2.01	2.43	4.69	7.22	6.74	1.67	4.31	4.2	1.29	5.07	0.45	0.42	22.57	12.74	6.29	7.43	9.17	0.45	0.54	1.04	1.6	1.5	0.37	0.96	0.93	0.29	1.13	0.1	0.47	0.09	0.23	0.92	3.77	15.08	0	0	0	0.91	0	0	0	0.76	0.77	0.73	0.76	0	0	0	0.2	0.8	20	80	35	1	100	0	0	1.4	20	300	180	15.3	40	100	0	0	0	0	1.49	0	3500	0	5	89	0	0	0	51	77	90	56	34	85	80	85	39	51	39	51	85	95	70	85	90	90	90	90	0	30	0	30	47.2	22.2	3.4	2332	18.29	0.85	0.8	0.85	77	77	77	77	77	77	77	77	77	77	77	77	0	0	0	0.11	0	0	0	0	0	0	0	0	0	0.12	0	0	0	2.9	0	0	0	0	0	0	0	0	0	0	0	0	0	0	0	0	0	0	0	0	0	0	0	76	77	77	77	77	77	77	77	77	77	77	77	77	77	76	77	77	77	77	77	77	77	77	77	77	77	77	77	0.45	0.54	1.04	1.6	1.49	0.37	0.95	0.93	0.28	1.12	0.1	0.09	0.45	0.54	1.04	1.6	1.49	0.37	0.95	0.93	0.28	1.12	0.1	0.09	20000
70164	Mannanoligosaccharides. SAF-Mannan. LeSaffre	25	97.5	2.5	15.5	21	30	4	27	50	10	57	1	0.5	45.5	22	5148	3192	3192	3192	3192			2471	3037	3037	3037	2471	3037	3037	3037	3137	10.1	10.1	10.1	10.1			8.2	9.4	9.4	9.4	8.2	9.4	9.4	9.4	0.84	0.38	0.73	1.12	1.05	0.26	0.67	0.65	0.2	0.79	0.1	0.36	0.12	0.79	6.5	3.67	1.81	2.14	2.64	6.69	16.98	0.01	5.42	2.45	4.71	7.23	6.77	1.68	4.32	4.19	1.29	5.1	0.65	0.77	41.94	23.68	11.68	13.81	17.03	0.65	0.29	0.56	0.86	0.81	0.2	0.52	0.5	0.15	0.61	0.08	0.28	0.09	0.23	0.92	5.75	23	0	0	0	0.92	0	0	0	0.77	0.78	0.74	0.77	0	0	0	0.2	0.8	20	80	35	1	100	0	0	1.4	20	300	180	15.3	40	100	0	0	0	0	1.49	0	3500	0	5	89	0	0	0	52	77	90	62	32	85	80	85	48	59	48	59	85	95	70	85	90	90	90	90	0	30	0	30	50.7	11.9	18.9	3192	18.24	0.85	0.8	0.85	77	77	77	77	77	77	77	77	77	77	77	77	0	0	0	0.61	0	0	0	0	0	0	0	0	0	0.68	0	0	0	2.9	0	0	0	0	0	0	0	0	0	0	0	0	0	0	0	0	0	0	0	0	0	0	0	76	77	77	77	77	77	77	77	77	77	77	77	77	77	76	77	77	77	77	77	77	77	77	77	77	77	77	77	0.65	0.29	0.56	0.86	0.81	0.2	0.52	0.5	0.15	0.61	0.08	0.09	0.65	0.29	0.56	0.86	0.81	0.2	0.52	0.5	0.15	0.61	0.08	0.09	20000
70165	Mannan-Oligosacharides. ActiveMOS. Biorigin	25	92	8	30	1	3	8	50	50	10	53	0	0	43	16	3939	2324	2324	2324	2324			1615	2127	2127	2127	1615	2127	2127	2127	2200	6.2	6.2	6.2	6.2			4.1	4.8	4.8	4.8	4.1	4.8	4.8	4.8	0	0	0	0	0	0	0	0	0	0	0	0	0	0	0	0	0	0	0	0	0	0	0	0	0	0	0	0	0	0	0	0	0	0	0	0	0	0	0	0	0	0	0	0	0	0	0	0	0	0	0	0	0	0	0	0	0	0	0	0	0	0	0	0	0	0	0	0	0	0	0.18	0	0	0	0	0	0	0	0	0	0	0	0	0	0	0	0	0	0	0	0	0	0	0	0	0	0	0	0	54	90	85	59	33	85	85	85	41	54	41	54	85	95	70	85	90	90	90	90	0	30	0	30	49.7	27	0.9	2324	17.49	0	0	0	0	0	0	0	0	0	0	0	0	0	0	0	0	0	0	0	0	0	0	0	0	0	0	0	0	0	0	0	0	0	0	0	0	0	0	0	0	0	0	0	0	0	0	0	0	0	0	0	0	0	0	0	0	0	0	0	0	0	0	0	0	0	0	0	0	0	0	0	0	0	0	0	0	0	0	0	0	0	0	0	0	0	0	0	0	0	0	0	0	0	0	0	0	0	0	0	0	0	0	0	0	0	0	0	0	20000
70166	Prebiotic. HyperGen. Biorigin	1.9	92	8	25	1	0.5	8	57.5	50	10	58	0	0	48	16	3860	2046	2046	2046	2046			1351	1930	1930	1930	1351	1930	1930	1930	1943	5.2	5.2	5.2	5.2			3.4	4.4	4.4	4.4	3.4	4.4	4.4	4.4	0	0	0	0	0	0	0	0	0	0	0	0	0	0	0	0	0	0	0	0	0	1	0	0	0	0	0	0	0	0	0	0	0	0	0	0	0	0	0	0	0	0	0	0	0	0	0	0	0	0	0	0	0.13	2	1.62	25	0	0	0	2	0	0	0	1.68	1.7	1.6	1.68	0	0	0	0.18	0	0	0	0	0	0	0	0	0	0	0	0	0	0	0	0	0	0	0	0	0	0	0	0	0	0	0	0	49	90	85	53	30	85	85	85	35	50	35	50	85	95	70	85	90	90	90	90	0	30	0	30	45.1	22.5	0.9	2046	17.4	0	0	0	0	0	0	0	0	0	0	0	0	0	0	0	0	0	0	0	0	0	0	0	0	0	0	0	0	0	0	0	0	0	0	0	0	0	0	0	0	0	0	0	0	0	0	0	0	0	0	0	0	0	0	0	0	0	0	0	0	0	0	0	0	0	0	0	0	0	0	0	0	0	0	0	0	0	0	0	0	0	0	0	0	0	0	0	0	0	0	0	0	0	0	0	0	0	0	0	0	0	0	0	0	0	0	0	0	20000
70167	Beta-Glucan (purified) 60%. MacroGard. Biorigin	300	95	5	8	18	0.5	10	58.5	50	10	59	0	0	49	19	4527	2490	2490	2490	2490			1811	2399	2399	2399	1811	2399	2399	2399	2459	7.4	7.4	7.4	7.4			6.2	7.5	7.5	7.5	6.2	7.5	7.5	7.5	0	0	0	0	0	0	0	0	0	0	0	0	0	0	0	0	0	0	0	0	0	0	0	0	0	0	0	0	0	0	0	0	0	0	0	0	0	0	0	0	0	0	0	0	0	0	0	0	0	0	0	0	0	0	0	0	0	0	0	0	0	0	0	0	0	0	0	0	0	0	0.18	0	0	0	0	0	0	0	0	0	0	0	0	0	0	0	0	0	0	0	0	0	0	0	0	0	0	0	0	47	85	85	55	29	85	85	85	40	53	40	53	85	95	70	85	90	90	90	90	0	30	0	30	44.7	6.8	15.3	2490	17.11	0	0	0	85	85	85	85	85	85	85	85	85	85	85	85	0	0	0	0	0	0	0	0	0	0	0	0	0	0	0	0	0	0	0	0	0	0	0	0	0	0	0	0	0	0	0	0	0	0	0	0	0	0	0	0	0	0	0	0	0	0	0	0	0	0	0	0	0	0	0	0	0	0	0	0	0	0	0	0	0	0	0	0	0	0	0	0	0	0	0	0	0	0	0	0	0	0	0	0	0	0	0	0	0	0	0	0	0	20000
70168	Rovimax NX Plus. Hydr. yeast biomass. nGMO. DSM	5.5	98	2	42	6	0	30	20	50	12	20	0	0	8	16	3740	3329	3329	3329	3329			2618	2693	2693	2693	2618	2693	2693	2693	3156	10.2	10.2	10.2	10.2			7	6.5	6.5	6.5	7	6.5	6.5	6.5	1.15	0.98	2.36	2.57	3.19	0.77	1.79	2.16	0.43	2.47	0.35	1.12	1.64	3.43	3.9	2.9	1.8	1.5	2.5	17.87	14.59	0	2.74	2.33	5.62	6.12	7.6	1.83	4.26	5.14	1.02	5.88	0.83	3.91	9.29	6.91	4.29	3.57	5.95	0.98	0.83	2.01	2.18	2.71	0.65	1.52	1.84	0.37	2.1	0.3	0.95	1.39	0	0	0	0	0	0	0	0	0	0	0	0	0	0	0	0	0	0	0	0	0	0	0	0	0	0	0	0	0	0	0	0	0	0	0	0	0	0	0	0	0	0	0	0	0	0	0	77	90	85	89	87	85	85	85	70	72	70	72	85	95	70	85	90	90	90	90	0	30	0	30	75.5	37.8	5.1	3329	17.4	0	0	0	85	85	85	85	85	85	85	85	85	85	85	85	0	0	0	0	0	0	0	0	0	3.49	0.44	1.92	0	0	1.44	0	0	0	0	0	0	0	58.1	7.3	32	0	0	0	0	0	0	0	0	0	0	0	0	0	0	0	0	75	90	90	90	90	90	90	90	90	90	90	90	90	90	90	90	84	81	75	76	83	77	74	70	78	73	68	82	1.03	0.88	2.12	2.31	2.87	0.69	1.61	1.94	0.39	2.22	0.31	1.48	0.97	0.79	1.77	1.95	2.65	0.59	1.32	1.51	0.34	1.8	0.24	1.34	1000
70409	Immunostimulant. Beta-Glucans. Fibosel. 0.05%. Selko	300	92	8	13	18	0.5	6	54.5	50	10	55	0	0	45	19	4646	2695	2695	2695	2695			2044	2602	2602	2602	2044	2602	2602	2602	2644	8.4	8.4	8.4	8.4			6.8	7.9	7.9	7.9	6.8	7.9	7.9	7.9	0	0	0	0	0	0	0	0	0	0	0	0	0	0	0	0	0	0	0	0	0	0	0	0	0	0	0	0	0	0	0	0	0	0	0	0	0	0	0	0	0	0	0	0	0	0	0	0	0	0	0	0	0	0	0	0	0	0	0	0	0	0	0	0	0	0	0	0	0	0	0	0	0	0	0	0	0	0	0	0	0	0	0	0	0	0	0	0	0	0	0	0	0	0	0	0	0	0	0	49	85	85	58	29	85	85	85	44	56	44	56	85	95	70	85	90	90	90	90	0	30	0	30	45.1	11.1	15.3	2695	15.95	0	0	0	0	0	0	0	0	0	0	0	0	0	0	0	0	0	0	0	0	0	0	0	0	0	0	0	0	0	0	0	0	0	0	0	0	0	0	0	0	0	0	0	0	0	0	0	0	0	0	0	0	0	0	0	0	0	0	0	0	0	0	0	0	0	0	0	0	0	0	0	0	0	0	0	0	0	0	0	0	0	0	0	0	0	0	0	0	0	0	0	0	0	0	0	0	0	0	0	0	0	0	0	0	0	0	0	0	20000
70410	Health promoter. Presan. 0.1%. Selko	20	95	5	0	0	0	5	90	0	0	90	0	0	90	15	3657	1060	1060	1060	1060			0	1097	1097	1097	0	1097	1097	1097	1060	0	0	0	0			0	2.7	2.7	2.7	0	2.7	2.7	2.7	0	0	0	0	0	0	0	0	0	0	0	0	0	0	0	0	0	0	0	0	0	0	0	0	0	0	0	0	0	0	0	0	0	0	0	0	0	0	0	0	0	0	0	0	0	0	0	0	0	0	0	0	0	0	0	0	0	0	0	0	0	0	0	0	0	0	0	0	0	0	0	0	0	0	0	0	0	0	0	0	0	0	0	0	0	0	0	0	0	0	0	0	0	0	0	0	0	0	0	30	85	85	29	29	85	85	85	0	30	0	30	85	95	70	85	90	90	90	90	0	30	0	30	28.5	0	0	1060	26.1	0	0	0	0	0	0	0	0	0	0	0	0	0	0	0	0	0	0	0	0	0	0	0	0	0	0	0	0	0	0	0	0	0	0	0	0	0	0	0	0	0	0	0	0	0	0	0	0	0	0	0	0	0	0	0	0	0	0	0	0	0	0	0	0	0	0	0	0	0	0	0	0	0	0	0	0	0	0	0	0	0	0	0	0	0	0	0	0	0	0	0	0	0	0	0	0	0	0	0	0	0	0	0	0	0	0	0	0	20000
70411	Gut health enhancer. SR butyrate 70. 0.05%. Selko	2	95	5	0	0	0	5	90	0	0	90	0	0	90	15	3657	1060	1060	1060	1060			0	1097	1097	1097	0	1097	1097	1097	1060	0	0	0	0			0	2.7	2.7	2.7	0	2.7	2.7	2.7	0	0	0	0	0	0	0	0	0	0	0	0	0	0	0	0	0	0	0	0	0	0	0	0	0	0	0	0	0	0	0	0	0	0	0	0	0	0	0	0	0	0	0	0	0	0	0	0	0	0	0	0	0	0	0	0	0	0	0	0	0	0	0	0	0	0	0	0	0	0	0	0	0	0	0	0	0	0	0	0	0	0	0	0	0	0	0	0	0	0	0	0	0	0	0	0	0	0	0	30	85	85	29	29	85	85	85	0	30	0	30	85	95	70	85	90	90	90	90	0	30	0	30	28.5	0	0	1060	26.1	0	0	0	0	0	0	0	0	0	0	0	0	0	0	0	0	0	0	0	0	0	0	0	0	0	0	0	0	0	0	0	0	0	0	0	0	0	0	0	0	0	0	0	0	0	0	0	0	0	0	0	0	0	0	0	0	0	0	0	0	0	0	0	0	0	0	0	0	0	0	0	0	0	0	0	0	0	0	0	0	0	0	0	0	0	0	0	0	0	0	0	0	0	0	0	0	0	0	0	0	0	0	0	0	0	0	0	0	20000
70412	Stress modulator. Beta-glucan and MOS. PAQ-Gro. Phibro	20	92	8	3	0	0	86	3	7	5.5	3	0.5	3	0	1	292	192	192	192	192			271	274	274	274	268	271	271	271	181	0.7	0.9	0.9	0.8			0.5	0.6	0.6	0.6	0.5	0.6	0.6	0.6	0.09	0.06	0.13	0.21	0.19	0.05	0.15	0.18	0.05	0.16	0.05	0.1	0.1	0.25	0.28	0.24	0.12	0.17	0.15	1.27	1.11	0	3	2	4.33	7	6.33	1.67	5	6	1.67	5.33	1.67	3.33	9.33	8	4	5.67	5	0.08	0.05	0.11	0.18	0.16	0.04	0.13	0.15	0.04	0.14	0.04	0.09	0.08	3.4	0.12	3.95	0.14	0	0	0	0.12	0	0	0	0.1	0.1	0.1	0.1	0.45	0	0.29	0.48	0	0	0	0	0	0	0	0	0	0	0	0	0	0	0	0	0	0	0	0	0	0	0	0	0	0	0	0	51	85	90	66	39	85	85	85	93	94	92	93	85	95	70	85	90	90	90	90	0	30	0	30	46.9	2.6	0	192	1.17	0.43	0.43	0.43	85	85	85	85	85	85	85	85	85	85	85	85	0	0	0	0	0	0	0	0	0	0	0	0	0	0	0	0	0	0	0	0	0	0	0	0	0	0	0	0	0	0	0	0	0	0	0	0	0	0	0	0	0	0	0	0	0	0	0	0	0	0	0	0	0	0	0	0	0	0	0	0	0	0	0	0	0	0	0	0	0	0	0	0	0	0	0	0	0	0	0	0	0	0	0	0	0	0	0	0	0	0	0	0	0	20000
70413	Phytogenics. Quillaia and Yucca. PAQ-Protex. Phibro	12	99.6	0.4	2.9	2.2	41.9	4	48.6	0	0	90.5	0	0	90.5	17	4046	1740	1740	1740	1740			324	1416	1416	1416	324	1416	1416	1416	1729	1.3	1.3	1.3	1.3			1	3.7	3.7	3.7	1	3.7	3.7	3.7	0	0	0	0	0.4	0.2	0	0	0	0	0	0.2	0	0	0	0	0	0	0	0.6	0	0	0	0	0	0	13.65	6.83	0	0	0	0	0	0	0	0	0	0	0	0	0	0	0	0.34	0.17	0	0	0	0	0	0.17	0	0	0	0	0	0	0	0	0	0	0	0	0	0	0	0	0	0	0	0	0	0	0	0	0	0	0	0	0	0	0	0	0	0	0	0	0	0	0	0	0	0	0	0	0	0	0	0	42	85	90	43	39	85	85	85	8	35	8	35	85	95	70	85	90	90	90	90	0	30	0	30	41.8	2.5	2	1740	35.28	0	0	0	85	85	85	85	85	85	85	85	85	85	85	85	0	0	0	0	0	0	0	0	0	0	0	0	0	0	0	0	0	0	0	0	0	0	0	0	0	0	0	0	0	0	0	0	0	0	0	0	0	0	0	0	0	0	0	0	0	0	0	0	0	0	0	0	0	0	0	0	0	0	0	0	0	0	0	0	0	0	0	0	0	0	0	0	0	0	0	0	0	0	0	0	0	0	0	0	0	0	0	0	0	0	0	0	0	20000
70422	Sanacore. GM. Adisseo	20	83	17	5.4	9.2	0	56	12.4	0	0	12.4	0	0	0	7	1666	1333	1333	1333	1333			1333	1333	1333	1333	1333	1333	1333	1333	1313	3.8	3.8	3.8	3.8			3.1	3	3	3	3.1	3	3	3	0	0	0	0	0	0	0	0	0	0	0	0	0	0	0	0	0	0	0	0	0	0	0	0	0	0	0	0	0	0	0	0	0	0	0	0	0	0	0	0	0	0	0	0	0	0	0	0	0	0	0	0	0	0	0	0	0	0	0	0	0	0	0	0	0	0	0	0	0	0	0	0	0	0	0	0	0	0	0	0	0	0	0	0	0	0	0	0	0	0	0	0	0	0	0	0	0	0	0	80	80	80	80	80	80	80	80	80	80	80	80	80	80	80	80	80	80	80	80	80	80	80	80	66.4	4.3	7.4	1333	9.92	0	0	0	85	85	85	85	85	85	85	85	85	85	85	85	0	0	0	0	0	0	0	0	0	0	0	0	0	0	0	0	0	0	0	0	0	0	0	0	0	0	0	0	0	0	0	0	0	0	0	0	0	0	0	0	0	0	0	0	0	0	0	0	0	0	0	0	0	0	0	0	0	0	0	0	0	0	0	0	0	0	0	0	0	0	0	0	0	0	0	0	0	0	0	0	0	0	0	0	0	0	0	0	0	0	0	0	0	1000
70421	Bactinil. Aqua. Adisseo	20	60	40	14.7	2.8	0	42.5	0	0	0	0	0	0	0	5	1090	1090	1090	1090	1090			872	872	872	872	872	872	872	872	1036	3.4	3.4	3.4	3.4			2.4	2.2	2.2	2.2	2.4	2.2	2.2	2.2	0	0	0	0	0	0	0	0	0	0	0	0	0	0	0	0	0	0	0	0	0	0	0	0	0	0	0	0	0	0	0	0	0	0	0	0	0	0	0	0	0	0	0	0	0	0	0	0	0	0	0	0	0	0	0	0	0	0	0	0	0	0	0	0	0	0	0	0	0	0	0	0	0	0	0	0	0	0	0	0	0	0	0	0	0	0	0	0	0	0	0	0	0	0	0	0	0	0	0	80	80	80	100	80	80	80	80	80	80	80	80	80	80	80	80	80	80	80	80	80	80	80	80	48	11.8	2.2	1090	0	0	0	0	85	85	85	85	85	85	85	85	85	85	85	85	0	0	0	0	0	0	0	0	0	0	0	0	0	0	0	0	0	0	0	0	0	0	0	0	0	0	0	0	0	0	0	0	0	0	0	0	0	0	0	0	0	0	0	0	0	0	0	0	0	0	0	0	0	0	0	0	0	0	0	0	0	0	0	0	0	0	0	0	0	0	0	0	0	0	0	0	0	0	0	0	0	0	0	0	0	0	0	0	0	0	0	0	0	1000
70400	Digestarom PEP MGE 150. BIOMIN	20	94.5	5.5	0.5	0.5	0.5	0.5	92.5	0	0	93	0	0	93	16	3853	0	0	0	0			0	1117	1117	1117	0	1117	1117	1117	0	0	0	0	0			0	2.8	2.8	2.8	0	2.8	2.8	2.8	0	0	0	0	0	0	0	0	0	0	0	0	0	0	0	0	0	0	0	0	0	0	0	0	0	0	0	0	0	0	0	0	0	0	0	0	0	0	0	0	0	0	0	0	0	0	0	0	0	0	0	0	0	0	0	0	0	0	0	0	0	0	0	0	0	0	0	0.3	0	0	0	0	0	0	0	0	0	0	0	0	0	0	0	0	0	0	0	0	0	0	0	0	0	0	0	0	0	0	0	0	0	0	0	0	0	0	0	0	29	0	29	85	95	70	85	90	90	90	90	0	30	0	30	0	0	0	0	0	0	0	0	0	0	0	0	0	0	0	0	0	0	0	0	0	0	0	0	0	0	0	0	0	0.28	0.04	0.01	0	0	0	0	0	0	0	0	0	0	55	7	2	0	0	0	0	0	0	0	0	0	0	0	0	0	0	0	0	0	0	0	0	0	0	0	0	0	0	0	0	0	0	0	0	0	0	0	0	0	0	0	0	0	0	0	0	0	0	0	0	0	0	0	0	0	0	0	0	0	0	0	0	0	0	0	0	0	0	0	0	20000
70350	AquaStar Hatchery. BIOMIN	20	89.5	10.5	0.7	0.5	0.5	0.5	87.3	0	0	87.8	0	0	87.8	15	3654	0	0	0	0			0	1060	1060	1060	0	1060	1060	1060	0	0	0	0	0			0	2.6	2.6	2.6	0	2.6	2.6	2.6	0	0	0	0	0	0	0	0	0	0	0	0	0	0	0	0	0	0	0	0	0	0	0	0	0	0	0	0	0	0	0	0	0	0	0	0	0	0	0	0	0	0	0	0	0	0	0	0	0	0	0	0	0	0	0	0	0	0	0	0	0	0	0	0	0	0	0	0	0	0	0	0	0	0	0	0	0	0	0	0	0	0	0	0	0	0	0	0	0	0	0	0	0	0	0	0	0	0	0	0	0	0	0	0	0	0	0	0	29	0	29	85	95	70	85	90	90	90	90	0	30	0	30	0	0	0	0	0	0	0	0	0	0	0	0	0	0	0	0	0	0	0	0	0	0	0	0	0	0	0	0	0	0.28	0.04	0.01	0	0	0	0	0	0	0	0	0	0	55	7	2	0	0	0	0	0	0	0	0	0	0	0	0	0	0	0	0	0	0	0	0	0	0	0	0	0	0	0	0	0	0	0	0	0	0	0	0	0	0	0	0	0	0	0	0	0	0	0	0	0	0	0	0	0	0	0	0	0	0	0	0	0	0	0	0	0	0	0	0	20000
70351	AquaStar Growout. BIOMIN	20	89.5	10.5	0.5	0.5	0.5	0.5	87.5	0	0	88	0	0	88	15	3650	0	0	0	0			0	1058	1058	1058	0	1058	1058	1058	0	0	0	0	0			0	2.6	2.6	2.6	0	2.6	2.6	2.6	0	0	0	0	0	0	0	0	0	0	0	0	0	0	0	0	0	0	0	0	0	0	0	0	0	0	0	0	0	0	0	0	0	0	0	0	0	0	0	0	0	0	0	0	0	0	0	0	0	0	0	0	0	0	0	0	0	0	0	0	0	0	0	0	0	0	0	0	0	0	0	0	0	0	0	0	0	0	0	0	0	0	0	0	0	0	0	0	0	0	0	0	0	0	0	0	0	0	0	0	0	0	0	0	0	0	0	0	29	0	29	85	95	70	85	90	90	90	90	0	30	0	30	0	0	0	0	0	0	0	0	0	0	0	0	0	0	0	0	0	0	0	0	0	0	0	0	0	0	0	0	0	0.28	0.04	0.01	0	0	0	0	0	0	0	0	0	0	55	7	2	0	0	0	0	0	0	0	0	0	0	0	0	0	0	0	0	0	0	0	0	0	0	0	0	0	0	0	0	0	0	0	0	0	0	0	0	0	0	0	0	0	0	0	0	0	0	0	0	0	0	0	0	0	0	0	0	0	0	0	0	0	0	0	0	0	0	0	0	20000
70360	Levabon Aguagrow E. BIOMIN	20	95.5	4.5	39	2.6	0.5	8.4	45	0	0	45.5	0	0	45.5	18	4290	2188	2188	2188	2188			2188	2746	2746	2746	2188	2746	2746	2746	2027	8.4	8.4	8.4	8.4			5.6	6.3	6.3	6.3	5.6	6.3	6.3	6.3	1.37	0.8	1.81	2.55	2.82	0.58	1.63	1.88	0.45	2.1	0.26	0.84	1.19	2.82	3.77	3.54	1.66	1.91	2.56	15.99	14.89	0	3.51	2.05	4.64	6.54	7.23	1.49	4.18	4.82	1.15	5.39	0.67	3.05	9.67	9.08	4.26	4.9	6.56	1.23	0.72	1.63	2.29	2.54	0.52	1.47	1.69	0.41	1.89	0.23	0.76	1.07	0	0	0	0	0	0	0	0	0	0	0	0	0	0	0	0	0	0	0	0	0	0	0	0	0	0	0	0	0	0	0	0	0	0	0	0	0	0	0	0	0	0	0	0	0	0	0	43	90	80	51	0	0	0	0	51	64	51	64	85	95	70	85	90	90	90	90	0	30	0	30	41.1	35.1	2.1	2188	0	0	0	0	90	90	90	90	90	90	90	90	90	90	90	90	0	0	0	0	0	0	0	0	0	1.43	0.18	0.05	0	0	0	0	0	0	0	0	0	0	55	7	2	0	0	0	0	0	0	0	0	0	0	0	0	0	0	0	0	40	90	90	90	90	90	90	90	90	90	90	90	90	90	90	90	90	90	90	90	90	90	90	90	90	90	90	90	1.23	0.72	1.63	2.29	2.54	0.52	1.47	1.69	0.41	1.89	0.23	1.07	1.23	0.72	1.63	2.29	2.54	0.52	1.47	1.69	0.41	1.89	0.23	1.07	20000
70401	Biotronic Top3. BIOMIN	20	55.5	44.5	13	0.4	0.5	41.6	0	0	0	0.5	0	0	0.5	3	791	0	0	0	0			0	8	8	8	0	8	8	8	0	0	0	0	0			0	0	0	0	0	0	0	0	0	0	0	0	0	0	0	0	0	0	0	0	0	0	0	0	0	0	0	0	0	0	0	0	0	0	0	0	0	0	0	0	0	0	0	0	0	0	0	0	0	0	0	0	0	0	0	0	0	0	0	0	22	0	52.88	0	0	0	0	0	0	0	0	0	0	0	0	0.1	0	0	0	0	0	0	0	0	0	0	0	0	0	0	0	0	0	0	0	0	0	0	0	0	0	0	0	0	0	0	0	37	0	0	0	0	0	0	0	0	1	0	1	85	95	70	85	90	90	90	90	0	30	0	30	20.5	0	0	0	0	0	0	0	0	0	0	0	0	0	0	0	0	0	0	0	0	0	0	0	0	0	0	0	0	0.22	0.03	0.01	0	0	0	0	0	0	0	0	0	0	55	7	2	0	0	0	0	0	0	0	0	0	0	0	0	0	0	0	0	0	0	0	0	0	0	0	0	0	0	0	0	0	0	0	0	0	0	0	0	0	0	0	0	0	0	0	0	0	0	0	0	0	0	0	0	0	0	0	0	0	0	0	0	0	0	0	0	0	0	0	0	20000
70402	Biotronic PX Top3. BIOMIN	20	95	5	1	0.5	0.7	68	24.8	0	0	25.5	0	0	25.5	5	1140	0	0	0	0			0	308	308	308	0	308	308	308	0	0	0	0	0			0	0.8	0.8	0.8	0	0.8	0.8	0.8	0	0	0	0	0	0	0	0	0	0	0	0	0	0	0	0	0	0	0	0	0	0	0	0	0	0	0	0	0	0	0	0	0	0	0	0	0	0	0	0	0	0	0	0	0	0	0	0	0	0	0	0	0	0	0	0	0	0	0	0	0	0	0	0	0	0	0	0	0	0	0	0	0	0	0	0	0	0	0	0	0	0	0	0	0	0	0	0	0	0	0	0	0	0	0	0	0	0	0	36	0	0	0	0	0	0	0	0	27	0	27	85	95	70	85	90	90	90	90	0	30	0	30	34.2	0	0	0	0	0	0	0	0	0	0	0	0	0	0	0	0	0	0	0	0	0	0	0	0	0	0	0	0	0.3	0.04	0.01	0	0	0	0	0	0	0	0	0	0	60	7	2.9	0	0	0	0	0	0	0	0	0	0	0	0	0	0	0	0	0	0	0	0	0	0	0	0	0	0	0	0	0	0	0	0	0	0	0	0	0	0	0	0	0	0	0	0	0	0	0	0	0	0	0	0	0	0	0	0	0	0	0	0	0	0	0	0	0	0	0	0	20000
70403	MFed+. Olmix	20	95	5	2.5	0	0	71.9	20.6	0	0	20.6	0	0	20.6	4	978	0	0	0	0			0	254	254	254	0	254	254	254	0	0	0	0	0			0	0.6	0.6	0.6	0	0.6	0.6	0.6	0	0	0	0	0	0	0	0	0	0	0	0	0	0	0	0	0	0	0	0	0	0	0	0	0	0	0	0	0	0	0	0	0	0	0	0	0	0	0	0	0	0	0	0	0	0	0	0	0	0	0	0	0	0	0	0	0	0	0	0	0	0	0	0	0	0	0	0	0	0	0	0	0	0	0	0	0	0	0	0	0	0	0	0	0	0	0	0	0	0	0	0	0	0	0	0	0	0	0	38	0	0	0	0	0	0	0	0	26	0	26	85	95	70	85	90	90	90	90	0	30	0	30	36.1	0	0	0	0	0	0	0	0	0	0	0	0	0	0	0	0	0	0	0	0	0	0	0	0	0	0	0	0	0	0	0	0	0	0	0	0	0	0	0	0	0	0	0	0	0	0	0	0	0	0	0	0	0	0	0	0	0	0	0	0	0	0	0	0	0	0	0	0	0	0	0	0	0	0	0	0	0	0	0	0	0	0	0	0	0	0	0	0	0	0	0	0	0	0	0	0	0	0	0	0	0	0	0	0	0	0	0	0	0	0	0	0	20000
70416	Aquaviance. Techna	20	95.95	4.05	0.31	3.7	2.61	79.73	9.6	0	0	12.2	0	0	0	4	858	506	506	506	506			309	309	309	309	309	309	309	309	505	1.3	1.3	1.3	1.3			1.1	1.1	1.1	1.1	1.1	1.1	1.1	1.1	0	0	0	0	0.01	0	0	0	0	0	0	0	0	0	0	0	0	0	0	0.01	0	1	0	0	0	0	2	0	0	0	0	0	0	0	0	0	0	0	0	0	0	0	0	0.01	0	0	0	0	0	0	0	0	23.23	0.04	29.14	0.05	0	0	0	0	0	0	0	0	0	0	0	0.23	0.07	0.12	0.37	0	0	0	0	0	0	0	0	0	0	0	0	0	0	0	0	0	0	0	0	0	0	0	0	0	0	0	0	50	85	85	59	40	85	85	85	36	36	36	36	85	95	70	85	90	90	90	90	0	30	0	30	48	0.3	3.1	506	4.88	0	0	0	100	100	100	100	100	100	100	100	100	100	100	100	0	0	0	0	0	0	0	0	0	0	0	0	0	0	0	0	0	0	0	0	0	0	0	0	0	0	0	0	0	0	0	0	0	0	0	0	0	0	0	0	0	0	0	0	0	0	0	0	0	0	0	0	0	0	0	0	0	0	0	0	0	0	0	0	0	0	0	0	0	0	0	0	0	0	0	0	0	0	0	0	0	0	0	0	0	0	0	0	0	0	0	0	0	1000
70417	Economix. Techna	20	97.4	2.6	24.59	0.33	10	54.05	8.4	0	0	18.4	0	0	0	9	2168	1496	1496	1496	1496			1214	1214	1214	1214	1214	1214	1214	1214	1400	4.6	4.6	4.6	4.6			3	2.6	2.6	2.6	3	2.6	2.6	2.6	0	0	0	0	6.39	0	0	5.06	0	0	0	0	0	0	0	0	0	0	0	11.45	0	1	0	0	0	0	26	0	0	20.56	0	0	0	0	0	0	0	0	0	0	0	0	0	6.39	0	0	5.06	0	0	0	0	0	18.73	0.04	34.66	0.07	0	0	0	0	0	0	0	0	0	0	0	0.02	1.31	0.15	0.19	0	0	0	0	0	0	0	0	0	0	0	0	0	0	0	0	0	0	0	0	0	0	0	0	0	0	0	0	57	85	85	69	40	85	85	85	56	56	56	56	85	95	70	85	90	90	90	90	0	30	0	30	55.5	20.9	0.3	1496	7.37	0	0	0	100	100	100	100	100	100	100	100	100	100	100	100	0	0	0	0	0	0	0	0	0	0	0	0	0	0	0	0	0	0	0	0	0	0	0	0	0	0	0	0	0	0	0	0	0	0	0	0	0	0	0	0	0	0	0	0	0	0	0	0	0	0	0	0	0	0	0	0	0	0	0	0	0	0	0	0	0	0	0	0	0	0	0	0	0	0	0	0	0	0	0	0	0	0	0	0	0	0	0	0	0	0	0	0	0	1000
70423	Apex. Prefend. Adisseo	20	79	21	0	0.82	0.34	60.5	17.3	0	0	17.7	0	0	0	3	796	637	637	637	637			637	637	637	637	637	637	637	637	637	0.3	0.3	0.3	0.3			0.2	0.2	0.2	0.2	0.2	0.2	0.2	0.2	0	0	0	0	0	0	0	0	0	0	0	0	0	0	0	0	0	0	0	0	0	0	0	0	0	0	0	0	0	0	0	0	0	0	0	0	0	0	0	0	0	0	0	0	0	0	0	0	0	0	0	0	0	0	0	0	0	0	0	0	0	0	0	0	0	0	0	0	0	0	0	0	0	0	0	0	0	0	0	0	0	0	0	0	0	0	0	0	0	0	0	0	0	0	0	0	0	0	0	80	80	80	80	80	80	80	80	80	80	80	80	80	80	80	80	80	80	80	80	80	80	80	80	63.2	0	0.7	637	14.14	0	0	0	85	85	85	85	85	85	85	85	85	85	85	85	0	0	0	0	0	0	0	0	0	0	0	0	0	0	0	0	0	0	0	0	0	0	0	0	0	0	0	0	0	0	0	0	0	0	0	0	0	0	0	0	0	0	0	0	0	0	0	0	0	0	0	0	0	0	0	0	0	0	0	0	0	0	0	0	0	0	0	0	0	0	0	0	0	0	0	0	0	0	0	0	0	0	0	0	0	0	0	0	0	0	0	0	0	1000
70414	Acidifier. PAQ-Tivate. Phibro	20	98	2	0	0	0	98	0	0	0	0	0	0	0	0	0	0	0	0	0			0	0	0	0	0	0	0	0	0	0	0	0	0			0	0	0	0	0	0	0	0	0	0	0	0	0	0	0	0	0	0	0	0	0	0	0	0	0	0	0	0	0	2	0	0	0	0	0	0	0	0	0	0	0	0	0	0	0	0	0	0	0	0	0	0	0	0	0	0	0	0	0	0	15	0	15.31	0	0	0	0	0	0	0	0	0	0	0	0	0	0	0	3.5	0	0	0	0	0	0	0	0	0	0	0	0	0	0	0	0	0	0	0	0	0	0	0	0	0	0	0	0	50	85	85	0	40	85	85	85	0	0	0	0	85	95	70	85	90	90	90	90	0	30	0	30	49	0	0	0	0	0	0	0	0	0	0	0	0	0	0	0	0	0	0	0	0	0	0	0	0	0	0	0	0	0	0	0	0	0	0	0	0	0	0	0	0	0	0	0	0	0	0	0	0	0	0	0	0	0	0	0	0	0	0	0	0	0	0	0	0	0	0	0	0	0	0	0	0	0	0	0	0	0	0	0	0	0	0	0	0	0	0	0	0	0	0	0	0	0	0	0	0	0	0	0	0	0	0	0	0	0	0	0	0	0	0	0	0	20000
70428	Stress modulator. Aqua MXF. Huvepharma	20	91.5	8.5	11	2.5	15.5	22.5	40	0	0	55.5	0	0	0	13	3109	2488	2488	2488	2488			2488	2488	2488	2488	2488	2488	2488	2488	2447	2.7	2.7	2.7	2.7			2	1.8	1.8	1.8	2	1.8	1.8	1.8	0	0	0	0	0	0	0	0	0	0	0	0	0	0	0	0	0	0	0	0	0	2	0	0	0	0	0	0	0	0	0	0	0	0	0	0	0	0	0	0	0	0	0	0	0	0	0	0	0	0	0	0	0.23	0.11	1	0.5	0.06	0	50	0	0	0	0	0	0.01	0	0	0	0	0	3.5	0	0	0	0	0	0	0	0	0	0	0	0	0	0	0	0	0	0	0	0	0	0	0	0	0	0	0	0	80	80	85	80	80	80	80	80	80	80	80	80	80	80	80	80	80	80	80	80	80	80	80	80	73.2	8.8	2.1	2488	44.4	0	0	0	80	80	80	80	80	80	80	80	80	80	80	80	0	0	0	0	0	0	0	0	0	0	0	0	0	0	0	0	0	0	0	0	0	0	0	0	0	0	0	0	0	0	0	0	0	0	0	0	0	0	0	0	0	0	0	0	0	0	0	0	0	0	0	0	0	0	0	0	0	0	0	0	0	0	0	0	0	0	0	0	0	0	0	0	0	0	0	0	0	0	0	0	0	0	0	0	0	0	0	0	0	0	0	0	0	20000
70429	Gut health enhancer. Clarity-Q. Huvepharma	20	95	5	1	0.5	0.5	5	88	0	0	88.5	0	0	0	15	3700	2960	2960	2960	2960			2960	2960	2960	2960	2960	2960	2960	2960	2956	0.3	0.3	0.3	0.3			0.3	0.2	0.2	0.2	0.3	0.2	0.2	0.2	0	0	0	0	0	0	0	0	0	0	0	0	0	0	0	0	0	0	0	0	0	2	0	0	0	0	0	0	0	0	0	0	0	0	0	0	0	0	0	0	0	0	0	0	0	0	0	0	0	0	0	0	0.05	0.03	1	0.5	0.01	0	50	0	0	0	0	0	0	0	0	0	0	0	3.5	0	0	0	0	0	0	0	0	0	0	0	0	0	0	0	0	0	0	0	0	0	0	0	0	0	0	0	0	80	80	85	80	80	80	80	80	80	80	80	80	80	80	80	80	80	80	80	80	80	80	80	80	76	0.8	0.4	2960	70.8	0	0	0	80	80	80	80	80	80	80	80	80	80	80	80	0	0	0	0	0	0	0	0	0	0	0	0	0	0	0	0	0	0	0	0	0	0	0	0	0	0	0	0	0	0	0	0	0	0	0	0	0	0	0	0	0	0	0	0	0	0	0	0	0	0	0	0	0	0	0	0	0	0	0	0	0	0	0	0	0	0	0	0	0	0	0	0	0	0	0	0	0	0	0	0	0	0	0	0	0	0	0	0	0	0	0	0	0	20000
70430	Gut health enhancer. Flavomycin. Huvepharma	20	95	5	0.1	0.1	0.1	1	93.7	0	0	93.8	0	0	0	16	3826	3061	3061	3061	3061			3061	3061	3061	3061	3061	3061	3061	3061	3061	0.1	0.1	0.1	0.1			0	0	0	0	0	0	0	0	0	0	0	0	0	0	0	0	0	0	0	0	0	0	0	0	0	0	0	0	0	2	0	0	0	0	0	0	0	0	0	0	0	0	0	0	0	0	0	0	0	0	0	0	0	0	0	0	0	0	0	0	0.01	0.01	1	0.5	0	0	50	0	0	0	0	0	0	0	0	0	0	0	3.5	0	0	0	0	0	0	0	0	0	0	0	0	0	0	0	0	0	0	0	0	0	0	0	0	0	0	0	0	80	80	85	80	80	80	80	80	80	80	80	80	80	80	80	80	80	80	80	80	80	80	80	80	76	0.1	0.1	3061	75.04	0	0	0	80	80	80	80	80	80	80	80	80	80	80	80	0	0	0	0	0	0	0	0	0	0	0	0	0	0	0	0	0	0	0	0	0	0	0	0	0	0	0	0	0	0	0	0	0	0	0	0	0	0	0	0	0	0	0	0	0	0	0	0	0	0	0	0	0	0	0	0	0	0	0	0	0	0	0	0	0	0	0	0	0	0	0	0	0	0	0	0	0	0	0	0	0	0	0	0	0	0	0	0	0	0	0	0	0	20000
70175	RNA - Nucleotides. Biotide Extra. Biorigin	7	92	8	50	1	0.5	15	25.5	50	10	26	0	0	16	17	3970	3613	3613	3613	3613			2898	3097	3097	3097	2898	3097	3097	3097	3383	11.2	11.2	11.2	11.2			7.3	6.8	6.8	6.8	7.3	6.8	6.8	6.8	1.1	0.4	1	1.8	1.8	0.2	0.9	1.2	0	1.3	0.1	0.3	0.8	1.7	3.9	2.9	1.8	1.5	2.5	9.7	13.5	0	2.2	0.8	2	3.6	3.6	0.4	1.8	2.4	0	2.6	0.2	1.6	7.8	5.8	3.6	3	5	1.1	0.4	1	1.8	1.8	0.2	0.9	1.2	0	1.3	0.1	0.3	0.8	0.09	3.03	0.6	20.2	0	0	0	3.03	0	0	0	2.55	2.58	2.42	2.55	0.53	0	0	0.12	0.29	30	46.8	10.3	0.1	80	0	0	0	0	0	0	0	0	0	0	0	0	0	0	0	0	0	0	0	0	0	0	82	100	85	91	67	85	85	85	73	78	73	78	85	95	70	85	90	90	90	90	0	30	0	30	75.4	50	0.9	3613	17.42	0	0	0	100	100	100	100	100	100	100	100	100	100	100	100	0	0	0	0	0	0	0	0	0	0	0	0	0	0	0	0	0	0	0	0	0	0	0	0	0	0	0	0	0	0	0	0	0	0	0	0	0	0	0	0	0	0	0	0	0	0	0	0	0	0	0	0	0	0	0	0	0	0	0	0	0	0	0	0	0	0	0	0	0	0	0	0	0	0	0	0	0	0	0	0	0	0	0	0	0	0	0	0	0	0	0	0	0	20000
70176	Nucleotides (40%). Rovimax® NX. DSM	7	99	1	40	2	0.5	1.5	55	50	31	55.5	0	0	24.5	20	4699	2772	2772	2772	2772			2067	2396	2396	2396	2067	2396	2396	2396	2616	8	8	8	8			5.3	5.4	5.4	5.4	5.3	5.4	5.4	5.4	0	0	0	0	0	0	0	0	0	0	0	0	0	0	0	0	0	0	0	0	0	0	0	0	0	0	0	0	0	0	0	0	0	0	0	0	0	0	0	0	0	0	0	0	0	0	0	0	0	0	0	0	0	0	0	0	0	0	0	0	0	0	0	0	0	0	0	0	0	0	0	0	0	0	0	0	0	0	0	0	0	0	0	0	0	0	0	0	0	0	0	0	0	0	0	0	0	0	0	54	85	85	59	31	85	85	85	44	51	44	51	85	95	70	85	90	90	90	90	0	30	0	30	53.5	34	1.7	2772	17.21	0	0	0	90	90	90	90	90	90	90	90	90	90	90	90	0	0	0	0	0	0	0	0	0	1.16	0.15	0.06	0	0	0	0	0	0	0	0	0	0	58.1	7.3	2.9	0	0	0	0	0	0	0	0	0	0	0	0	0	0	0	0	0	0	0	0	0	0	0	0	0	0	0	0	0	0	0	0	0	0	0	0	0	0	0	0	0	0	0	0	0	0	0	0	0	0	0	0	0	0	0	0	0	0	0	0	0	0	0	0	0	0	0	0	20000
70264	Exogenous phytase (1000FTU/kg)	3	90	10	5	1	3	5	76	0	0	79	50	0	29	15	3585	2044	2044	2044	2044			2044	2617	2617	2617	1757	2402	2402	2402	2023	4.7	7.1	7.1	4.9			3.5	6.5	6.5	6.5	3	6	6	6	0	0	0	0	0	0	0	0	0	0	0	0	0	0	0	0	0	0	0	0	0	0	0	0	0	0	0	0	0	0	0	0	0	0	0	0	0	0	0	0	0	0	0	0	0	0	0	0	0	0	0	0	0.5	0.7	10	14	0	0	0	0.7	0	0	0	0.59	0.6	0.56	0.59	0	0	0	0	0	0	0	0	0	0	0	0	0	0	0	0	0	0	0	0	0	0	0	0	0	0	0	0	0	0	0	1000	55	90	85	57	53	85	80	85	57	73	49	67	85	95	70	85	90	90	90	90	0	30	0	30	49.5	4.5	0.9	2044	41.87	42.5	40	42.5	0	0	0	0	0	0	0	0	0	0	0	0	0	0	0	0	0	0	0	0	0	0.55	0.07	0.02	0	0	0	0	0	0	0	0	0	0	55	7	2	0	0	0	0	0	0	0	0	0	0	0	0	0	0	0	0	56	0	0	0	0	0	0	0	0	0	0	0	0	0	0	0	0	0	0	0	0	0	0	0	0	0	0	0	0	0	0	0	0	0	0	0	0	0	0	0	0	0	0	0	0	0	0	0	0	0	0	0	20000
70265	Phytase. Ronozyme HiPhos Liqd. 1.000FYT/kg. 0.005%. DSM	3	5	95	2	0	1	1	1	0	0	2	0	0	2	1	194	101	101	101	101			101	126	126	126	101	126	126	126	92	0.4	0.4	0.4	0.4			0.3	0.3	0.3	0.3	0.3	0.3	0.3	0.3	0	0	0	0	0	0	0	0	0	0	0	0	0	0	0	0	0	0	0	0	0	0	0	0	0	0	0	0	0	0	0	0	0	0	0	0	0	0	0	0	0	0	0	0	0	0	0	0	0	0	0	0	0	0.9	0	90	0	0	0	0.9	0	0	0	0.76	0.77	0.72	0.76	0	0	0	0	0	0	0	0	0	0	0	0	0	0	0	0	0	0	0	0	0	0	0	0	0	0	0	0	0	0	0	1000	46	90	85	52	0	85	85	85	52	65	52	65	85	95	70	85	90	90	90	90	0	30	0	30	2.3	1.8	0	101	0	0	0	0	0	0	0	0	0	0	0	0	99	0	0	0	0	0	0	0	0	0	0	0	0	0	0	0	0	0	0	0	0	0	0	0	0	0	55	7	2	0	0	0	0	0	0	0	0	0	0	0	0	0	0	0	0	0	0	0	0	0	0	0	0	0	0	0	0	0	0	0	0	0	0	0	0	0	0	0	0	0	0	0	0	0	0	0	0	0	0	0	0	0	0	0	0	0	0	0	0	0	0	0	0	0	0	0	0	20000
70266	Phytase. Ronozyme HiPhos. 20.000FYT/g. 0.01%. DSM	3	95	5	7	0	1	5	82	0	0	83	0	0	83	16	3767	339	339	339	339			339	1356	1356	1356	339	1356	1356	1356	310	1.4	1.4	1.4	1.4			0.9	3.3	3.3	3.3	0.9	3.3	3.3	3.3	0	0	0	0	0	0	0	0	0	0	0	0	0	0	0	0	0	0	0	0	0	0	0	0	0	0	0	0	0	0	0	0	0	0	0	0	0	0	0	0	0	0	0	0	0	0	0	0	0	0	0	0	1.9	1.8	38	36	0	0	0	1.8	0	0	0	1.51	1.53	1.44	1.51	0.02	0	0	0	0	0	0	0	0	0	0	0	0	0	0	0	0	0	0	0	0	0	0	0	0	0	0	0	0	0	0	20000000	9	90	85	9	0	85	85	85	9	36	9	36	85	95	70	85	90	90	90	90	0	30	0	30	8.6	6.3	0	339	0	0	0	0	0	0	0	0	0	0	0	0	0	0	0	0	0	0	0	0	0	0	0	0	0	0	0	0	0	0	0	0	0	0	0	0	0	0	0	0	0	0	0	0	0	0	0	0	0	0	0	0	0	0	0	0	0	0	0	0	0	0	0	0	0	0	0	0	0	0	0	0	0	0	0	0	0	0	0	0	0	0	0	0	0	0	0	0	0	0	0	0	0	0	0	0	0	0	0	0	0	0	0	0	0	0	0	0	0	20000
70405	Natuphos E Combi 5000 FTU/g. 0.01% BASF	3	95	5	5	1	3	5	81	0	0	84	50	0	34	16	3788	2159	2159	2159	2159			2046	2690	2690	2690	1743	2462	2462	2462	2139	4.7	7.1	7.1	4.9			3.5	6.6	6.6	6.6	3	6.1	6.1	6.1	0	0	0	0	0	0	0	0	0	0	0	0	0	0	0	0	0	0	0	0	0	0	0	0	0	0	0	0	0	0	0	0	0	0	0	0	0	0	0	0	0	0	0	0	0	0	0	0	0	0	0	0	1.6	0.7	32	14	0	0	0	0.7	0	0	0	0.59	0.6	0.56	0.59	0	0	0	0	0	0	0	0	0	0	0	0	0	0	0	0	0	0	0	0	0	0	0	0	0	0	0	0	0	0	0	5000000	55	90	85	57	53	85	80	85	54	71	46	65	85	95	70	85	90	90	90	90	0	30	0	30	52.3	4.5	0.9	2159	44.52	42.5	40	42.5	0	0	0	0	0	0	0	0	0	0	0	0	0	0	0	0	0	0	0	0	0	0.55	0.07	0.02	0	0	0.07	0	0	0	0	0	0	0	55	7	2	0	0	0	0	0	0	0	0	0	0	0	0	0	0	0	0	56	0	0	0	0	0	0	0	0	0	0	0	0	0	0	0	0	0	0	0	0	0	0	0	0	0	0	0	0	0	0	0	0	0	0	0	0	0	0	0	0	0	0	0	0	0	0	0	0	0	0	0	20000
70406	Natuphos E 17500 FTU/g. 0.00286% BASF	3	95	5	5	1	3	5	81	0	0	84	0	0	84	16	3788	2159	2159	2159	2159			341	1364	1364	1364	341	1364	1364	1364	2139	1.3	1.3	1.3	1.3			0.9	3.4	3.4	3.4	0.9	3.4	3.4	3.4	0	0	0	0	0	0	0	0	0	0	0	0	0	0	0	0	0	0	0	0	0	0	0	0	0	0	0	0	0	0	0	0	0	0	0	0	0	0	0	0	0	0	0	0	0	0	0	0	0	0	0	0	1.65	0.7	33	14	0	0	0	0.7	0	0	0	0.59	0.6	0.56	0.59	0	0	0	0	0	0	0	0	0	0	0	0	0	0	0	0	0	0	0	0	0	0	0	0	0	0	0	0	0	0	0	17500000	55	90	85	57	53	85	80	85	9	36	9	36	85	95	70	85	90	90	90	90	0	30	0	30	52.3	4.5	0.9	2159	44.52	0	0	0	0	0	0	0	0	0	0	0	0	0	0	0	0	0	0	0	0	0	0	0	0	0.55	0.07	0.02	0	0	0.07	0	0	0	0	0	0	0	55	7	2	0	0	0	0	0	0	0	0	0	0	0	0	0	0	0	0	56	0	0	0	0	0	0	0	0	0	0	0	0	0	0	0	0	0	0	0	0	0	0	0	0	0	0	0	0	0	0	0	0	0	0	0	0	0	0	0	0	0	0	0	0	0	0	0	0	0	0	0	20000
70267	OptiPhos. phytase. 1.000 FTU/kg. Huvepharma	3	95	5	5	1	3	5	81	0	0	84	0	0	84	16	3788	2159	2159	2159	2159			341	1364	1364	1364	341	1364	1364	1364	2139	1.3	1.3	1.3	1.3			0.9	3.4	3.4	3.4	0.9	3.4	3.4	3.4	0.15	0.1	0.22	0.35	0.32	0.08	0.25	0.3	0.08	0.27	0.08	0.17	0.17	0.42	0.47	0.4	0.2	0.28	0.25	2.12	1.85	0	3	2	4.33	7	6.33	1.67	5	6	1.67	5.33	1.67	3.33	9.33	8	4	5.67	5	0	0	0	0	0	0	0	0	0	0	0	0	0	0	0.7	0	14	0	0	0	0.7	0	0	0	0.59	0.6	0.56	0.59	0	0	0	0	0	0	0	0	0	0	0	0	0	0	0	0	0	0	0	0	0	0	0	0	0	0	0	0	0	0	0	1000	55	90	85	57	53	85	80	85	9	36	9	36	85	95	70	85	90	90	90	90	0	30	0	30	52.3	4.5	0.9	2159	44.52	0	0	0	0	0	0	0	0	0	0	0	0	0	0	0	0	0	0	0	0	0	0	0	0	0.55	0.07	0.02	0	0	0.07	0	0	0	0	0	0	0	55	7	2	0	0	0	0	0	0	0	0	0	0	0	0	0	0	0	0	56	0	0	0	0	0	0	0	0	0	0	0	0	0	0	0	0	0	0	0	0	0	0	0	0	0	0	0	0	0	0	0	0	0	0	0	0	0	0	0	0	0	0	0	0	0	0	0	0	0	0	0	20000
70285	Protease. Ronozyme ProAct Liqd. 15.000PROT/kg. 0.02%. DSM	40	5	95	2	0	1	1	1	0	0	2	0	0	2	1	194	101	101	101	101			101	126	126	126	101	126	126	126	92	0.4	0.4	0.4	0.4			0.3	0.3	0.3	0.3	0.3	0.3	0.3	0.3	0	0	0	0	0	0	0	0	0	0	0	0	0	0	0	0	0	0	0	0	0	0	0	0	0	0	0	0	0	0	0	0	0	0	0	0	0	0	0	0	0	0	0	0	0	0	0	0	0	0	0	0	0	0	0	0	0	0	0	0	0	0	0	0	0	0	0	0	0	0	0	0	0	0	0	0	0	0	0	0	0	0	0	0	0	0	0	0	0	0	0	0	0	0	0	0	0	0	0	46	90	85	52	0	85	85	85	52	65	52	65	85	95	70	85	90	90	90	90	0	30	0	30	2.3	1.8	0	101	0	0	0	0	0	0	0	0	0	0	0	0	99	0	0	0	0	0	0	0	0	0	0	0	0	0	0	0	0	0	0	0	0	0	0	0	0	0	60	7	2.9	0	0	0	0	0	0	0	0	0	0	0	0	0	0	0	0	0	0	0	0	0	0	0	0	0	0	0	0	0	0	0	0	0	0	0	0	0	0	0	0	0	0	0	0	0	0	0	0	0	0	0	0	0	0	0	0	0	0	0	0	0	0	0	0	0	0	0	0	20000
70286	AG175 Protease. Jefo Nutrition	40	90	10	25	3.5	8	5	48.5	55	12	56.5	1	0.5	43	17	4032	2218	2218	2218	2218			1452	1976	1976	1976	1411	1976	1976	1976	2129	5.5	5.6	5.6	5.5			3.8	4.8	4.8	4.8	3.8	4.8	4.8	4.8	1.35	0.62	1.17	1.8	1.68	0.42	1.08	1.05	0.32	1.27	0.15	0.57	0.2	1.28	10.83	6.12	3.02	3.57	4.4	10.75	28.28	0.01	5.4	2.47	4.67	7.2	6.73	1.67	4.33	4.2	1.27	5.07	0.6	0.8	43.33	24.47	12.07	14.27	17.6	1.04	0.48	0.9	1.39	1.3	0.32	0.84	0.81	0.24	0.98	0.12	0.44	0.15	0.5	0.92	10	18.4	0	0	0	0.92	0	0	0	0.77	0.78	0.74	0.77	0	0	0	0.2	0.8	20	80	35	1	100	0	0	1.4	20	300	180	15.3	40	100	0	0	0	0	1.49	0	3500	0	5	89	0	0	0	50	77	90	55	36	85	80	85	36	49	35	49	85	95	70	85	90	90	90	90	0	30	0	30	45	19.3	3.2	2218	20.34	0.85	0.8	0.85	77	77	77	77	77	77	77	77	77	77	77	77	0	0	0	0.1	0	0	0	0	0	1.93	0.25	0.07	0	0.11	0	0	0	2.9	0	0	0	0	55	7	2	0	0	0	0	0	0	0	0	0	0	0	0	0	0	0	0	76	77	77	77	77	77	77	77	77	77	77	77	77	77	76	77	77	77	77	77	77	77	77	77	77	77	77	77	1.04	0.47	0.9	1.39	1.3	0.32	0.83	0.81	0.24	0.98	0.12	0.15	1.04	0.47	0.9	1.39	1.3	0.32	0.83	0.81	0.24	0.98	0.12	0.15	20000
70295	Xylanase. Ronozyme WX2000 Liqd. 250FXU/kg. 0.0125%. DSM	30	5	95	2	0	1	1	1	0	0	2	0	0	2	1	194	101	101	101	101			101	126	126	126	101	126	126	126	92	0.4	0.4	0.4	0.4			0.3	0.3	0.3	0.3	0.3	0.3	0.3	0.3	0	0	0	0	0	0	0	0	0	0	0	0	0	0	0	0	0	0	0	0	0	0	0	0	0	0	0	0	0	0	0	0	0	0	0	0	0	0	0	0	0	0	0	0	0	0	0	0	0	0	0	0	0	0	0	0	0	0	0	0	0	0	0	0	0	0	0	0	0	0	0	0	0	0	0	0	0	0	0	0	0	0	0	0	0	0	0	0	0	0	0	0	0	0	0	0	0	0	0	46	90	85	52	0	85	85	85	52	65	52	65	85	95	70	85	90	90	90	90	0	30	0	30	2.3	1.8	0	101	0	0	0	0	0	0	0	0	0	0	0	0	99	0	0	0	0	0	0	0	0	0	0	0	0	0	0	0	0	0	0	0	0	0	0	0	0	0	55	7	2	0	0	0	0	0	0	0	0	0	0	0	0	0	0	0	0	0	0	0	0	0	0	0	0	0	0	0	0	0	0	0	0	0	0	0	0	0	0	0	0	0	0	0	0	0	0	0	0	0	0	0	0	0	0	0	0	0	0	0	0	0	0	0	0	0	0	0	0	20000
70296	Non-Starch polysaccharides degrading enzyme	30	95	5	8	18	0.5	10	58.5	50	10	59	0	0	49	19	4527	2490	2490	2490	2490			1811	2399	2399	2399	1811	2399	2399	2399	2459	7.4	7.4	7.4	7.4			6.2	7.5	7.5	7.5	6.2	7.5	7.5	7.5	0	0	0	0	0	0	0	0	0	0	0	0	0	0	0	0	0	0	0	0	0	0	0	0	0	0	0	0	0	0	0	0	0	0	0	0	0	0	0	0	0	0	0	0	0	0	0	0	0	0	0	0	0	0	0	0	0	0	0	0	0	0	0	0	0	0	0	0	0	0	0.18	0	0	0	0	0	0	0	0	0	0	0	0	0	0	0	0	0	0	0	0	0	0	0	0	0	0	0	0	47	85	85	55	29	85	85	85	40	53	40	53	85	95	70	85	90	90	90	90	0	30	0	30	44.7	6.8	15.3	2490	17.11	0	0	0	85	85	85	85	85	85	85	85	85	85	85	85	0	0	0	0	0	0	0	0	0	9.9	1.26	0.36	0	0	0	0	0	0	0	0	0	0	55	7	2	0	0	0	0	0	0	0	0	0	0	0	0	0	0	0	0	0	0	0	0	0	0	0	0	0	0	0	0	0	0	0	0	0	0	0	0	0	0	0	0	0	0	0	0	0	0	0	0	0	0	0	0	0	0	0	0	0	0	0	0	0	0	0	0	0	0	0	0	20000
70297	Xylanase. Ronozyme Multigrain Liqd. 400FXU/kg. 0.015%. DSM	30	5	95	2	0	1	1	1	0	0	2	0	0	2	1	194	101	101	101	101			101	126	126	126	101	126	126	126	92	0.4	0.4	0.4	0.4			0.3	0.3	0.3	0.3	0.3	0.3	0.3	0.3	0	0	0	0	0	0	0	0	0	0	0	0	0	0	0	0	0	0	0	0	0	0	0	0	0	0	0	0	0	0	0	0	0	0	0	0	0	0	0	0	0	0	0	0	0	0	0	0	0	0	0	0	0	0	0	0	0	0	0	0	0	0	0	0	0	0	0	0	0	0	0	0	0	0	0	0	0	0	0	0	0	0	0	0	0	0	0	0	0	0	0	0	0	0	0	0	0	0	0	46	90	85	52	0	85	85	85	52	65	52	65	85	95	70	85	90	90	90	90	0	30	0	30	2.3	1.8	0	101	0	0	0	0	0	0	0	0	0	0	0	0	99	0	0	0	0	0	0	0	0	0	0	0	0	0	0	0	0	0	0	0	0	0	0	0	0	0	55	7	2	0	0	0	0	0	0	0	0	0	0	0	0	0	0	0	0	0	0	0	0	0	0	0	0	0	0	0	0	0	0	0	0	0	0	0	0	0	0	0	0	0	0	0	0	0	0	0	0	0	0	0	0	0	0	0	0	0	0	0	0	0	0	0	0	0	0	0	0	20000
70298	Non-Starch polysacch. enzyme. 0.01%. Natugrain TS. BASF	30	95	5	5	18	0.5	10	61.5	50	10	62	0	0	52	19	4479	2419	2419	2419	2419			1657	2284	2284	2284	1657	2284	2284	2284	2399	6.9	6.9	6.9	6.9			5.8	7.3	7.3	7.3	5.8	7.3	7.3	7.3	0	0	0	0	0	0	0	0	0	0	0	0	0	0	0	0	0	0	0	0	0	0	0	0	0	0	0	0	0	0	0	0	0	0	0	0	0	0	0	0	0	0	0	0	0	0	0	0	0	0	0	0	0	0	0	0	0	0	0	0	0	0	0	0	0	0	0	0	0	0	0	0	0	0	0	0	0	0	0	0	0	0	0	0	0	0	0	0	0	0	0	0	0	0	0	0	0	0	0	45	85	85	54	29	85	85	85	37	51	37	51	85	95	70	85	90	90	90	90	0	30	0	30	42.8	4.3	15.3	2419	17.98	0	0	0	85	85	85	85	85	85	85	85	85	85	85	85	0	0	0	0	0	0	0	0	0	9.9	1.26	0.36	0	0	1.26	0	0	0	0	0	0	0	55	7	2	0	0	0	0	0	0	0	0	0	0	0	0	0	0	0	0	0	0	0	0	0	0	0	0	0	0	0	0	0	0	0	0	0	0	0	0	0	0	0	0	0	0	0	0	0	0	0	0	0	0	0	0	0	0	0	0	0	0	0	0	0	0	0	0	0	0	0	0	20000
70299	Xylanase. Hostazym X. Huvepharma	30	95	5	2	0	0.5	10	82.5	0	0	83	0	0	2	15	3485	1080	1080	1080	1080			105	105	105	105	105	105	105	105	1072	0.4	0.4	0.4	0.4			0.2	0.3	0.3	0.3	0.2	0.3	0.3	0.3	0	0	0	0	0	0	0	0	0	0	0	0	0	0	0	0	0	0	0	0	0	0	0	0	0	0	0	0	0	0	0	0	0	0	0	0	0	0	0	0	0	0	0	0	0	0	0	0	0	0	0	0	0	0	0	0	0	0	0	0	0	0	0	0	0	0	0	0	0	0	0	0	0	0	0	0	0	0	0	0	0	0	0	0	0	0	0	0	0	0	0	0	0	0	0	0	0	0	0	32	85	85	31	29	85	85	85	3	3	3	3	85	95	70	85	90	90	90	90	0	30	0	30	30.4	1.7	0	1080	24.07	0	0	0	85	85	85	85	85	85	85	85	85	85	85	85	0	0	0	0	0	0	0	0	0	0	0	0	0	0	1.26	0	0	0	0	0	0	0	55	7	2	0	0	0	0	0	0	0	0	0	0	0	0	0	0	0	0	0	0	0	0	0	0	0	0	0	0	0	0	0	0	0	0	0	0	0	0	0	0	0	0	0	0	0	0	0	0	0	0	0	0	0	0	0	0	0	0	0	0	0	0	0	0	0	0	0	0	0	0	20000
70169	Beta Mannanase. 0.01%. CRVAB. 50.000 U/G	30	95	5	0	0	0	10	85	0	0	85	0	0	0	14	3454	0	0	0	0			0	0	0	0	0	0	0	0	0	0	0	0	0			0	0	0	0	0	0	0	0	0	0	0	0	0	0	0	0	0	0	0	0	0	0	0	0	0	0	0	0	0	0	0	0	0	0	0	0	0	0	0	0	0	0	0	0	0	0	0	0	0	0	0	0	0	0	0	0	0	0	0	0	0	0	0	0	0	0	0	0	0	0	0	0	0	0	0	0	0	0	0	0	0	0	0	0	0	0	0	0	0	0	0	0	0	0	0	0	0	0	0	0	0	0	0	0	0	0	0	5	0	0	0	0	0	0	0	0	0	0	0	85	95	70	85	90	90	90	90	0	30	0	30	4.8	0	0	0	0	0	0	0	0	0	0	0	0	0	0	0	0	0	0	0	0	0	0	0	0	0	0	0	0	0	0	0	0	0	0	0	0	0	0	0	0	0	0	0	0	0	0	0	0	0	0	0	0	0	0	0	0	0	0	0	0	0	0	0	0	0	0	0	0	0	0	0	0	0	0	0	0	0	0	0	0	0	0	0	0	0	0	0	0	0	0	0	0	0	0	0	0	0	0	0	0	0	0	0	0	0	0	0	0	0	0	0	0	20000
70418	Lipogest. Adisseo	20	96.5	3.5	4	0.7	7.8	45	39	10	5	46.8	5	0	0	9	2192	1753	1753	1753	1753			1753	1753	1753	1753	1753	1753	1753	1753	1739	1.3	1.5	1.5	1.3			0.9	1	1	1	0.9	1	1	1	0	0	0	0	0	0	0	0	0	0	0	0	0	0	0	0	0	0	0	0	0	0	0	0	0	0	0	0	0	0	0	0	0	0	0	0	0	0	0	0	0	0	0	0	0	0	0	0	0	0	0	0	3.7	1.7	8.22	3.78	0	0	0	0	0	0	0	0	0	0	0	0	0	0	0	0	0	0	0	0	0	0	0	0	0	0	0	0	0	0	0	0	0	0	0	0	0	0	0	0	0	0	0	80	80	80	80	80	80	80	80	80	80	80	80	80	80	80	80	80	80	80	80	80	80	80	80	77.2	3.2	0.6	1753	37.44	4	4	4	85	85	85	85	85	85	85	85	85	85	85	85	0	0	0	0	0	0	0	0	0	0	0	0	0	0	0	2000	0	0	0	0	0	0	0	0	0	0	0	0	0	0	0	0	0	0	0	0	0	0	0	0	0	0	0	0	0	0	0	0	0	0	0	0	0	0	0	0	0	0	0	0	0	0	0	0	0	0	0	0	0	0	0	0	0	0	0	0	0	0	0	0	0	0	0	0	0	0	0	0	0	0	0	0	0	1000
70419	AquaLyso. Adisseo	20	98	2	0	50	0	48	0	0	0	0	0	0	0	20	4661	3728	3728	3728	3728			3728	3728	3728	3728	3728	3728	3728	3728	3728	15.6	15.6	15.6	15.6			13.6	13.6	13.6	13.6	13.6	13.6	13.6	13.6	0	0	0	0	0	0	0	0	0	0	0	0	0	0	0	0	0	0	0	0	0	0	0	0	0	0	0	0	0	0	0	0	0	0	0	0	0	0	0	0	0	0	0	0	0	0	0	0	0	0	0	0	0	1.04	0	2.16	0	0	0	0	0	0	0	0	0	0	0	0	0	0	0	0	0	0	0	0	0	0	0	0	0	0	0	0	0	0	0	0	0	0	0	0	0	0	0	0	0	0	0	80	80	80	80	80	80	80	80	80	80	80	80	80	80	80	80	80	80	80	80	80	80	80	80	78.4	0	40	3728	0	0	0	0	85	85	85	85	85	85	85	85	85	85	85	85	0	0	0	0	0	0	0	0	0	0	0	0	0	0	15	0	0	0	0	0	0	0	0	0	0	0	0	0	0	0	0	0	0	0	0	0	0	0	0	0	0	0	0	0	0	0	0	0	0	0	0	0	0	0	0	0	0	0	0	0	0	0	0	0	0	0	0	0	0	0	0	0	0	0	0	0	0	0	0	0	0	0	0	0	0	0	0	0	0	0	0	0	0	1000
70420	AquaLyso. STD. Adisseo	20	98	2	0	25	0	73	0	0	0	0	0	0	0	10	2330	1864	1864	1864	1864			1864	1864	1864	1864	1864	1864	1864	1864	1864	7.8	7.8	7.8	7.8			6.8	6.8	6.8	6.8	6.8	6.8	6.8	6.8	0	0	0	0	0	0	0	0	0	0	0	0	0	0	0	0	0	0	0	0	0	0	0	0	0	0	0	0	0	0	0	0	0	0	0	0	0	0	0	0	0	0	0	0	0	0	0	0	0	0	0	0	18.03	0.51	24.7	0.7	0	0	0	0	0	0	0	0	0	0	0	0	0	0	0	0	0	0	0	0	0	0	0	0	0	0	0	0	0	0	0	0	0	0	0	0	0	0	0	0	0	0	0	80	80	80	80	80	80	80	80	80	80	80	80	80	80	80	80	80	80	80	80	80	80	80	80	78.4	0	20	1864	0	0	0	0	85	85	85	85	85	85	85	85	85	85	85	85	0	0	0	0	0	0	0	0	0	0	0	0	0	0	7.5	0	0	0	0	0	0	0	0	0	0	0	0	0	0	0	0	0	0	0	0	0	0	0	0	0	0	0	0	0	0	0	0	0	0	0	0	0	0	0	0	0	0	0	0	0	0	0	0	0	0	0	0	0	0	0	0	0	0	0	0	0	0	0	0	0	0	0	0	0	0	0	0	0	0	0	0	0	0	1000
70185	Attractant	25	90	10	9.4	2.5	2.2	3	72.9	0	0	75.1	0	70	5.1	16	3815	3166	3166	3166	3166			3319	3395	3395	3395	3319	3395	3395	3395	3123	6.2	9.4	9.4	8.4			6	8.4	8.4	8.4	6	8.4	8.4	8.4	0	0	0	0	0	0	0	0	0	0	0	0	0	0	0	0	0	0	0	0	0	0	0	0	0	0	0	0	0	0	0	0	0	0	0	0	0	0	0	0	0	0	0	0	0	0	0	0	0	0	0	0	0	0	0	0	0	0	0	0	0	0	0	0	0	0	0	0	0	0	0	0	0	0	0	0	0	0	0	0	0	0	0	0	0	0	0	0	0	0	0	0	0	0	0	0	0	0	0	81	100	100	83	79	85	80	85	87	89	87	89	85	95	70	85	90	90	90	90	0	30	0	30	72.9	9.4	2.5	3166	59.33	0	0	0	0	0	0	0	0	0	0	0	0	0	0	0	0	0	0	0	0	0	0	0	0	1.45	0.18	0.07	0	0	0	0	0	0	0	0	0	0	58.1	7.3	2.9	0	0	0	0	0	0	0	0	0	0	0	0	0	0	0	0	81	0	0	0	0	0	0	0	0	0	0	0	0	0	0	0	0	0	0	0	0	0	0	0	0	0	0	0	0	0	0	0	0	0	0	0	0	0	0	0	0	0	0	0	0	0	0	0	0	0	0	0	20000
